time,latitude,longitude,depth(km),mag,magType,nst,gap,dmin,rms,net,id,updated,place,type,horizontalError,depthError,magError,magNst,status,locationSource,magSource
2010-01-03T21:38:41.510Z,6.426,126.293,60.3,5.2,mb,90,75.2,,0.81,us,usp000h5nb,2014-11-07T01:40:24.172Z,"14 km ENE of Pondaguitan, Philippines",earthquake,,6,,39,reviewed,us,us
2010-01-13T12:42:38.110Z,6.609,124.4,10,5,mwc,72,57.4,,1.16,us,usp000h62q,2022-05-02T21:33:35.165Z,"11 km S of Pamantingan, Philippines",earthquake,,,,,reviewed,us,gcmt
2010-01-15T00:06:49.530Z,7.174,125.943,48.2,5.3,mwc,133,41.7,,0.96,us,usp000h64d,2022-07-16T00:14:23.549Z,"5 km E of Magnaga, Philippines",earthquake,,5.6,,,reviewed,us,gcmt
2010-01-30T23:24:52.810Z,5.356,125.662,227.6,4.9,mb,78,72.7,,0.97,us,usp000h6t5,2014-11-07T01:40:35.447Z,"22 km ESE of Sarangani, Philippines",earthquake,,8,,34,reviewed,us,us
2010-02-03T03:59:48.850Z,6.314,123.793,546.6,4.5,mb,52,69.4,,0.68,us,usp000h6ws,2014-11-07T01:40:39.125Z,"31 km WSW of Sangay, Philippines",earthquake,,4.5,,30,reviewed,us,us
2010-02-05T02:48:09.580Z,5.276,125.986,46.8,4.3,mb,17,158.7,,0.47,us,usp000h6yw,2014-11-07T01:40:40.028Z,"59 km ESE of Sarangani, Philippines",earthquake,,26.4,,4,reviewed,us,us
2010-02-14T20:21:43.530Z,5.595,126.068,154.3,4.9,mb,70,74.2,,1.2,us,usp000h7af,2014-11-07T01:40:42.555Z,"59 km SE of Caburan, Philippines",earthquake,,,,27,reviewed,us,us
2010-02-23T10:16:07.960Z,6.19,126.344,74.5,4.6,mb,54,64,,1.25,us,usp000h7m0,2014-11-07T01:40:44.445Z,"26 km SE of Pondaguitan, Philippines",earthquake,,9.8,,18,reviewed,us,us
2010-02-24T17:32:56.070Z,6.179,126.323,70.5,4.3,mb,36,128,,1.24,us,usp000h7na,2014-11-07T01:40:44.711Z,"25 km SE of Pondaguitan, Philippines",earthquake,,10.3,,13,reviewed,us,us
2010-02-25T19:23:21.150Z,5.582,125.033,68.5,4.4,mb,35,107.6,,0.88,us,usp000h7pe,2014-11-07T01:40:44.944Z,"28 km SW of Kablalan, Philippines",earthquake,,8.3,,10,reviewed,us,us
2010-02-26T16:18:57.300Z,5.819,125.653,60.5,5,mwc,115,53.1,,1.08,us,usp000h7qh,2022-07-16T03:25:11.318Z,"11 km S of Caburan, Philippines",earthquake,,6.4,,,reviewed,us,gcmt
2010-03-01T03:15:53.310Z,7.052,126.309,27.9,5.1,mb,52,77,,1.05,us,usp000h8bh,2022-07-16T04:02:33.914Z,"4 km ENE of Limot, Philippines",earthquake,,4.7,,21,reviewed,us,us
2010-03-19T09:50:22.090Z,4.654,125.851,35,4,mb,13,156.8,,0.88,us,usp000h9pe,2014-11-07T01:41:03.440Z,"93 km SSE of Sarangani, Philippines",earthquake,,,,1,reviewed,us,us
2010-03-25T19:48:58.740Z,6.23,126.19,135.7,4.6,mb,68,64.1,,0.96,us,usp000h9z5,2014-11-07T01:41:05.633Z,"14 km S of Pondaguitan, Philippines",earthquake,,6.4,,32,reviewed,us,us
2010-04-07T21:05:28.090Z,5.31,123.893,488.7,4.5,mb,31,90.5,,1.02,us,usp000hax4,2014-11-07T01:41:13.703Z,"103 km SSW of Malisbeng, Philippines",earthquake,,7.3,,19,reviewed,us,us
2010-04-21T08:13:02.670Z,6.001,125.152,115,4.3,mb,18,116.3,,0.62,us,usp000hbqz,2014-11-07T01:41:18.323Z,"12 km S of General Santos, Philippines",earthquake,,6.6,,2,reviewed,us,us
2010-04-29T08:48:13.630Z,4.862,126.202,60.9,4.3,mb,29,116.4,,1.03,us,usp000hc2f,2014-11-07T01:41:21.064Z,"101 km SE of Sarangani, Philippines",earthquake,,13.7,,7,reviewed,us,us
2010-05-26T07:14:14.650Z,4.55,125.85,136.5,4.6,mb,42,87.7,,1.04,us,usp000hd6c,2014-11-07T01:41:32.975Z,"103 km SSE of Sarangani, Philippines",earthquake,,9.5,,11,reviewed,us,us
2010-05-31T10:16:00.230Z,6.948,124.025,20,6,mwc,234,18.5,,1.06,us,usp000hddw,2022-07-16T14:36:39.660Z,"11 km SW of Rimpeso, Philippines",earthquake,,,,,reviewed,us,gcmt
2010-05-31T13:40:05.400Z,6.894,124.02,56.2,4.7,mb,36,67.6,,0.8,us,usp000hde2,2014-11-07T01:41:34.316Z,"10 km N of Gadung, Philippines",earthquake,,8.9,,12,reviewed,us,us
2010-06-07T19:25:25.600Z,4.617,126.063,107.4,4.4,mb,34,98.6,,1.26,us,usp000hdpw,2014-11-07T01:41:39.276Z,"109 km SE of Sarangani, Philippines",earthquake,,8.9,,7,reviewed,us,us
2010-06-15T02:09:25.130Z,5.839,126.158,97.5,4.2,mb,20,108.6,,1.04,us,usp000hdzy,2014-11-07T01:41:41.077Z,"55 km ESE of Mangili, Philippines",earthquake,,10.8,,4,reviewed,us,us
2010-06-16T14:14:08.950Z,7.362,126.019,37.4,4.1,mb,11,187.6,,0.75,us,usp000he52,2014-11-07T01:41:42.074Z,"12 km SSE of Andili, Philippines",earthquake,,27.9,,1,reviewed,us,us
2010-06-20T02:48:05.660Z,4.566,125.694,47.9,4.4,mb,24,112,,0.85,us,usp000he9x,2014-11-07T01:41:43.173Z,"96 km SSE of Sarangani, Philippines",earthquake,,9.8,,10,reviewed,us,us
2010-07-12T16:53:06.830Z,6.619,123.397,618,5.3,mwc,93,31.1,,0.88,us,usp000hf72,2025-12-22T15:48:27.533Z,"71 km W of Bantogon, Philippines",earthquake,,,,,reviewed,us,gcmt
2010-07-20T21:00:41.210Z,5.181,125.863,135.6,4.6,mb,62,65.8,,1.29,us,usp000hg7g,2014-11-07T01:41:57.478Z,"51 km ESE of Sarangani, Philippines",earthquake,,7.8,,21,reviewed,us,us
2010-07-23T22:08:11.250Z,6.718,123.409,607.1,7.3,mwc,491,16.5,,0.91,us,usp000hgmd,2022-07-18T16:59:03.556Z,"68 km W of Gadung, Philippines",earthquake,,,,,reviewed,us,us
2010-07-23T22:19:35.230Z,6.684,123.571,605.3,5.5,mb,97,34.4,,0.79,us,usp000hgme,2022-05-02T22:32:55.772Z,"51 km WSW of Gadung, Philippines",earthquake,,4.2,,41,reviewed,us,us
2010-07-23T22:20:47.360Z,6.867,123.622,617.2,5.2,mb,84,42.6,,0.8,us,usp000hgmf,2014-11-07T01:41:59.852Z,"44 km W of Gadung, Philippines",earthquake,,4.7,,41,reviewed,us,us
2010-07-23T22:21:54.140Z,6.647,123.694,614.3,5,mb,63,63.8,,0.87,us,usp000hgmg,2014-11-07T01:41:59.858Z,"38 km W of Taguisa, Philippines",earthquake,,5.7,,30,reviewed,us,us
2010-07-23T22:51:11.840Z,6.497,123.48,578,7.6,mwc,340,15.1,,0.91,us,usp000hgmh,2022-07-18T17:00:38.641Z,"61 km W of Bantogon, Philippines",earthquake,,,,,reviewed,us,us
2010-07-23T22:57:40.640Z,6.545,123.431,611.5,5.8,mb,74,61.3,,0.73,us,usp000hgmj,2014-11-07T01:41:59.928Z,"66 km W of Bantogon, Philippines",earthquake,,4,,23,reviewed,us,us
2010-07-23T22:59:48.930Z,7.319,123.765,601.7,5.8,mb,75,74.9,,0.68,us,usp000hgmk,2022-05-02T22:25:31.909Z,"29 km W of Litayan, Philippines",earthquake,,3.8,,23,reviewed,us,us
2010-07-23T23:02:58.590Z,6.725,124.026,591.2,5.4,mb,15,81.9,,0.8,us,usp000hgmm,2014-11-07T01:41:59.939Z,"3 km NNW of Taguisa, Philippines",earthquake,,8.2,,8,reviewed,us,us
2010-07-23T23:11:46.230Z,6.804,123.771,592.8,4.8,mb,41,75.6,,0.68,us,usp000hgmn,2014-11-07T01:41:59.941Z,"27 km W of Gadung, Philippines",earthquake,,5.4,,19,reviewed,us,us
2010-07-23T23:12:58.310Z,6.317,123.662,610.4,4.6,mb,76,46.6,,0.7,us,usp000hgmp,2014-11-07T01:41:59.944Z,"44 km WSW of Sangay, Philippines",earthquake,,4.2,,37,reviewed,us,us
2010-07-23T23:15:10.190Z,6.776,123.259,640.6,7.5,mwc,441,17.5,,0.82,us,usp000hgmq,2022-07-18T17:02:13.829Z,"72 km S of Panubigan, Philippines",earthquake,,,,,reviewed,us,gcmt
2010-07-23T23:49:36.530Z,6.59,123.607,595.6,4.7,mb,97,60.3,,0.85,us,usp000hgmr,2014-11-07T01:42:00.010Z,"47 km W of Bantogon, Philippines",earthquake,,5.1,,42,reviewed,us,us
2010-07-24T00:50:13.680Z,6.552,123.632,590.1,4.8,mb,80,42.3,,0.73,us,usp000hgmv,2014-11-07T01:42:00.027Z,"44 km W of Bantogon, Philippines",earthquake,,3.7,,28,reviewed,us,us
2010-07-24T01:44:44.600Z,6.59,123.658,596.4,4.8,mb,136,33.7,,0.77,us,usp000hgmy,2014-11-07T01:42:00.037Z,"41 km W of Bantogon, Philippines",earthquake,,3.4,,62,reviewed,us,us
2010-07-24T03:21:48.360Z,6.332,123.484,609.7,4.4,mb,44,99.4,,0.81,us,usp000hgn8,2014-11-07T01:42:00.080Z,"63 km WSW of Sangay, Philippines",earthquake,,7.5,,34,reviewed,us,us
2010-07-24T05:01:38.320Z,6.875,123.836,595.2,4.4,mb,44,49.3,,0.74,us,usp000hgne,2014-11-07T01:42:00.091Z,"21 km WNW of Gadung, Philippines",earthquake,,5.4,,28,reviewed,us,us
2010-07-24T05:35:01.060Z,6.218,123.519,553,6.6,mwc,380,18.8,,1.12,us,usp000hgnj,2022-05-02T22:05:23.564Z,"63 km WSW of Sangay, Philippines",earthquake,,,,,reviewed,us,gcmt
2010-07-24T09:46:48.730Z,6.774,123.697,602,4.6,mb,23,63.6,,0.89,us,usp000hgp1,2014-11-07T01:42:00.230Z,"35 km W of Gadung, Philippines",earthquake,,7.2,,14,reviewed,us,us
2010-07-24T11:10:45.970Z,6.757,123.693,602.3,4.6,mb,19,89,,0.51,us,usp000hgp7,2014-11-07T01:42:00.252Z,"36 km W of Gadung, Philippines",earthquake,,6.3,,10,reviewed,us,us
2010-07-24T11:56:24.990Z,6.717,123.646,598.5,5.1,mb,88,38.2,,0.81,us,usp000hgpb,2014-11-07T01:42:00.260Z,"42 km WSW of Gadung, Philippines",earthquake,,4.1,,26,reviewed,us,us
2010-07-25T04:21:38.480Z,6.819,123.739,602.4,4.9,mb,148,21.3,,0.86,us,usp000hgrg,2014-11-07T01:42:00.926Z,"31 km W of Gadung, Philippines",earthquake,,3.4,,72,reviewed,us,us
2010-07-25T04:36:19.540Z,6.519,123.617,593,4.7,mb,126,36,,0.87,us,usp000hgrh,2014-11-07T01:42:00.955Z,"46 km W of Bantogon, Philippines",earthquake,,4,,57,reviewed,us,us
2010-07-25T08:18:29.180Z,6.82,123.562,618.4,5.3,mwc,177,25.3,,0.76,us,usp000hgs6,2025-12-22T15:53:53.063Z,"50 km W of Gadung, Philippines",earthquake,,2.8,,,reviewed,us,gcmt
2010-07-25T20:30:54.900Z,6.716,123.598,598.2,4.7,mb,43,56.9,,1.07,us,usp000hgtf,2014-11-07T01:42:01.573Z,"47 km WSW of Gadung, Philippines",earthquake,,6.4,,24,reviewed,us,us
2010-07-26T07:36:48.830Z,6.69,123.441,633.6,4.7,mb,83,68.2,,0.84,us,usp000hgun,2014-11-07T01:42:02.045Z,"65 km W of Gadung, Philippines",earthquake,,6.1,,34,reviewed,us,us
2010-07-26T07:59:35.440Z,6.513,126.484,42,4.3,mb,11,125.8,,0.89,us,usp000hgur,2014-11-07T01:42:02.055Z,"37 km ENE of Pondaguitan, Philippines",earthquake,,18.6,,2,reviewed,us,us
2010-07-26T16:37:02.740Z,6.799,123.623,606.2,5,mb,117,35.9,,0.87,us,usp000hgv9,2014-11-07T01:42:02.114Z,"43 km W of Gadung, Philippines",earthquake,,4,,38,reviewed,us,us
2010-07-26T23:06:49.750Z,6.669,123.25,625.7,5.4,mwc,320,17.4,,0.92,us,usp000hgvs,2025-12-22T15:49:05.674Z,"83 km SSE of Olutanga, Philippines",earthquake,,,,,reviewed,us,gcmt
2010-07-27T04:51:14.920Z,6.806,123.781,601.4,4.7,mb,96,57,,0.79,us,usp000hgw6,2014-11-07T01:42:02.945Z,"26 km W of Gadung, Philippines",earthquake,,3.6,,44,reviewed,us,us
2010-07-27T17:36:03.930Z,5.32,126.382,10,4.1,mb,10,178.3,,1.08,us,usp000hgx8,2014-11-07T01:42:03.098Z,"102 km E of Sarangani, Philippines",earthquake,,,,3,reviewed,us,us
2010-07-29T07:31:56.240Z,6.548,123.222,618,6.6,mwc,179,30.1,,1.43,us,usp000hh3f,2022-05-02T22:38:37.634Z,"89 km W of Bantogon, Philippines",earthquake,,,,,reviewed,us,us
2010-07-29T08:55:27.310Z,6.575,123.437,623.6,4.9,mb,113,40.2,,0.84,us,usp000hh3h,2014-11-07T01:42:04.399Z,"66 km W of Bantogon, Philippines",earthquake,,3.7,,45,reviewed,us,us
2010-07-29T11:30:14.080Z,6.637,123.454,620,4.5,mb,26,94.4,,0.94,us,usp000hh3m,2014-11-07T01:42:04.427Z,"64 km W of Taguisa, Philippines",earthquake,,6.8,,15,reviewed,us,us
2010-07-29T21:29:28.890Z,6.355,123.573,602.5,4.4,mb,23,66,,0.64,us,usp000hh46,2014-11-07T01:42:04.507Z,"53 km W of Sangay, Philippines",earthquake,,11.5,,11,reviewed,us,us
2010-07-30T12:40:27.020Z,6.646,123.642,587.7,4.9,mb,40,60.1,,0.72,us,usp000hh5q,2014-11-07T01:42:04.749Z,"43 km W of Taguisa, Philippines",earthquake,,5,,18,reviewed,us,us
2010-08-06T08:30:10.240Z,4.643,126.099,149,4.1,mb,11,162.3,,0.44,us,usp000hhn9,2014-11-07T01:42:11.608Z,"109 km SE of Sarangani, Philippines",earthquake,,15,,3,reviewed,us,us
2010-08-07T16:10:57.940Z,6.522,123.7,601.9,4.8,mb,61,62,,1.11,us,usp000hhqk,2014-11-07T01:42:11.928Z,"36 km W of Bantogon, Philippines",earthquake,,6.1,,22,reviewed,us,us
2010-08-10T19:54:30.570Z,6.777,123.673,595.1,4.2,mb,38,57,,0.59,us,usp000hhwx,2014-11-07T01:42:12.844Z,"38 km W of Gadung, Philippines",earthquake,,4.8,,19,reviewed,us,us
2010-08-14T09:20:19.180Z,7.447,126.202,10,4.3,mb,9,141.2,,0.81,us,usp000hj4m,2014-11-07T01:42:14.417Z,"19 km SSE of Bantacan, Philippines",earthquake,,0,,1,reviewed,us,us
2010-08-15T03:18:30.590Z,6.667,123.437,620.7,4.7,mb,98,51.4,,0.83,us,usp000hj7b,2014-11-07T01:42:14.856Z,"66 km WSW of Gadung, Philippines",earthquake,,4,,52,reviewed,us,us
2010-08-22T21:48:25.500Z,6.821,123.74,596.1,4.7,mb,47,55.9,,1.01,us,usp000hjmu,2014-11-07T01:42:17.262Z,"31 km W of Gadung, Philippines",earthquake,,6.3,,28,reviewed,us,us
2010-08-24T20:48:04.610Z,6.748,123.564,594.5,5.2,mwc,120,23.7,,1.06,us,usp000hjqf,2025-12-22T15:18:21.429Z,"50 km W of Gadung, Philippines",earthquake,,,,,reviewed,us,gcmt
2010-09-04T13:19:21.150Z,7.006,123.558,10,4.2,mb,8,171.5,,1.2,us,usp000hk7b,2014-11-07T01:42:23.882Z,"51 km SSE of Malim, Philippines",earthquake,,,,2,reviewed,us,us
2010-09-06T03:08:54.830Z,6.064,126.136,81.6,4.6,mb,93,73.2,,1.16,us,usp000hkaq,2014-11-07T01:42:24.379Z,"33 km S of Pondaguitan, Philippines",earthquake,,7,,26,reviewed,us,us
2010-09-12T16:35:55.760Z,5.648,124.644,37.2,5.1,mwc,85,73.3,,1.2,us,usp000hkmj,2022-05-02T22:19:15.913Z,"33 km SSW of Maan, Philippines",earthquake,,4,,,reviewed,us,gcmt
2010-09-13T01:43:04.830Z,5.539,124.678,57,4.3,mb,13,103,,1.03,us,usp000hkn2,2014-11-07T01:42:27.168Z,"42 km SSW of Katubao, Philippines",earthquake,,11.8,,3,reviewed,us,us
2010-09-14T07:33:29.070Z,5.642,124.642,49,5.3,mwc,107,61.7,,1.13,us,usp000hkpy,2022-05-02T22:19:22.726Z,"33 km SSW of Maan, Philippines",earthquake,,6.4,,,reviewed,us,gcmt
2010-09-14T13:08:56.700Z,5.662,124.582,35.7,5,mwc,103,73.3,,1.01,us,usp000hkq7,2022-05-02T22:19:25.520Z,"34 km SSW of Maan, Philippines",earthquake,,,,,reviewed,us,gcmt
2010-09-15T18:42:57.620Z,5.951,125.993,94.4,5.2,mwc,123,31.9,,1.09,us,usp000hkst,2025-12-22T16:11:15.080Z,"34 km E of Mangili, Philippines",earthquake,,5.5,,,reviewed,us,gcmt
2010-09-16T15:36:02.160Z,5.757,123.889,41,4.8,mb,68,69.6,,0.96,us,usp000hktv,2014-11-07T01:42:28.478Z,"60 km SSW of Palimbang, Philippines",earthquake,,6.7,,32,reviewed,us,us
2010-09-23T05:54:16.920Z,5.241,125.987,119,4.7,mb,25,116.7,,0.99,us,usp000hm3a,2014-11-07T01:42:30.266Z,"60 km ESE of Sarangani, Philippines",earthquake,,12.6,,2,reviewed,us,us
2010-09-26T05:33:31.200Z,5.754,126.027,146.5,5,mwc,107,38.5,,0.98,us,usp000hm6k,2025-12-22T15:52:30.042Z,"46 km ESE of Caburan, Philippines",earthquake,,,,,reviewed,us,gcmt
2010-10-01T05:00:18.970Z,5.27,125.407,194.6,5,mb,105,65.2,,1.18,us,usp000hmed,2014-11-07T01:42:34.898Z,"16 km SSW of Sarangani, Philippines",earthquake,,7.3,,52,reviewed,us,us
2010-10-01T09:09:34.010Z,5.951,125.66,92.3,4.8,mb,38,92.4,,0.98,us,usp000hmeu,2014-11-07T01:42:35.744Z,"1 km S of Culaman, Philippines",earthquake,,9.2,,12,reviewed,us,us
2010-10-05T08:26:28.130Z,6.764,123.687,602.3,5.2,mwc,169,64.3,,0.81,us,usp000hmmp,2025-12-22T15:52:55.227Z,"37 km W of Gadung, Philippines",earthquake,,4.1,,,reviewed,us,gcmt
2010-10-06T21:57:41.360Z,6.626,124.837,51.8,5.3,mwc,208,19.6,,1.01,us,usp000hmpu,2022-07-18T21:33:52.392Z,"4 km NNW of Maindang, Philippines",earthquake,,4.9,,,reviewed,us,gcmt
2010-10-15T02:49:06.820Z,6.04,123.507,585.8,4.7,mb,42,98.8,,0.93,us,usp000hn40,2014-11-07T01:42:42.438Z,"74 km SW of Sangay, Philippines",earthquake,,7.3,,30,reviewed,us,us
2010-10-21T07:03:50.440Z,4.518,124.568,360.6,4.8,mb,67,83,,0.82,us,usp000hnby,2014-11-07T01:42:44.429Z,"139 km SW of Sarangani, Philippines",earthquake,,4.5,,27,reviewed,us,us
2010-11-13T00:05:09.980Z,5.281,126.478,68.3,4.4,mb,39,93.8,,0.86,us,usp000hpg6,2014-11-07T01:42:54.283Z,"113 km E of Sarangani, Philippines",earthquake,,8.1,,10,reviewed,us,us
2010-12-05T05:03:08.430Z,6.489,124.739,41,4.3,mb,27,85.8,,1,us,usp000hqhu,2014-11-07T01:43:04.577Z,"4 km E of San Miguel, Philippines",earthquake,,9.3,,8,reviewed,us,us
2010-12-17T04:32:06.350Z,6.36,124.599,20.1,4.6,mb,17,70.6,,1.25,us,usp000hr0p,2014-11-07T01:43:08.351Z,"Mindanao, Philippines",earthquake,,36.2,,5,reviewed,us,us
2010-12-17T04:51:32.670Z,4.73,125.063,31.5,4.8,mb,49,86.5,,0.76,us,usp000hr0q,2014-11-07T01:43:08.353Z,"Pulau-Pulau Sangihe, Indonesia",earthquake,,12.4,,20,reviewed,us,us
2010-12-19T21:24:16.900Z,4.556,124.968,72.8,4.7,mb,23,89,,1.09,us,usp000hr5p,2014-11-07T01:43:09.869Z,"108 km SSW of Sarangani, Philippines",earthquake,,5.3,,12,reviewed,us,us
2010-12-21T06:15:58.880Z,6.602,123.839,62.5,4.6,mb,34,82.3,,0.79,us,usp000hr8k,2014-11-07T01:43:10.384Z,"22 km WNW of Bantogon, Philippines",earthquake,,7.5,,12,reviewed,us,us
2011-01-12T16:42:40.000Z,5.685,124.008,530.9,4.6,mb,20,87.3,,0.75,us,usp000hszf,2014-11-07T01:43:25.738Z,"61 km SSW of Palimbang, Philippines",earthquake,,6.5,,4,reviewed,us,us
2011-01-24T06:28:07.800Z,6.386,123.518,589.8,4.9,mb,90,37.1,,0.85,us,usp000htkc,2014-11-07T01:43:29.159Z,"58 km W of Sangay, Philippines",earthquake,,5,,53,reviewed,us,us
2011-01-25T13:13:51.910Z,6.051,126.12,159.2,4.6,mb,28,114.2,,0.85,us,usp000htn6,2014-11-07T01:43:29.713Z,"34 km S of Pondaguitan, Philippines",earthquake,,6.8,,9,reviewed,us,us
2011-02-03T17:54:38.670Z,6.125,124.845,10,4.4,mb,8,161.5,,0.92,us,usp000hu16,2014-11-07T01:43:36.521Z,"13 km SSE of Sinolon, Philippines",earthquake,,,,3,reviewed,us,us
2011-02-10T20:28:08.040Z,5.286,126.213,59.7,4.4,mb,29,108.1,,1.2,us,usp000huav,2014-11-07T01:43:38.923Z,"84 km E of Sarangani, Philippines",earthquake,,10.8,,4,reviewed,us,us
2011-02-21T22:06:12.990Z,5.932,125.643,72.8,4.6,mb,19,98,,0.91,us,usp000huvj,2014-11-07T01:43:42.005Z,"1 km N of Caburan, Philippines",earthquake,,9,,9,reviewed,us,us
2011-02-26T14:57:57.030Z,4.508,126.166,88.9,4,mb,26,76.8,,1.07,us,usp000hv3u,2014-11-07T01:43:44.154Z,"125 km SE of Sarangani, Philippines",earthquake,,9.1,,1,reviewed,us,us
2011-02-26T21:02:18.300Z,6.609,123.915,550.3,4.2,mb,36,74.2,,0.96,us,usp000hv49,2014-11-07T01:43:44.409Z,"15 km WNW of Bantogon, Philippines",earthquake,,5.9,,18,reviewed,us,us
2011-04-14T16:11:55.320Z,5.892,126.221,157,5.3,mwc,197,47.8,,0.97,us,usp000hzyb,2025-12-22T15:19:26.993Z,"52 km S of Pondaguitan, Philippines",earthquake,,4.6,,,reviewed,us,gcmt
2011-04-21T18:06:42.000Z,7.205,126.17,24.9,4.1,mb,11,136,,0.98,us,usp000j0ch,2014-11-07T01:44:36.217Z,"21 km NNW of Limot, Philippines",earthquake,,25.2,,2,reviewed,us,us
2011-04-26T15:52:20.100Z,5.398,124.684,381.5,4.1,mb,16,229.1,,0.69,us,usp000j0mt,2014-11-07T01:44:38.336Z,"56 km SSW of Katubao, Philippines",earthquake,,7.5,,10,reviewed,us,us
2011-05-01T23:15:29.180Z,4.64,126.476,35,4.1,mb,13,145.1,,0.61,us,usp000j0vn,2014-11-07T01:44:43.065Z,"140 km SE of Sarangani, Philippines",earthquake,,,,2,reviewed,us,us
2011-05-04T22:34:58.580Z,5.6,125.949,115,4.6,mb,41,89.8,,1.02,us,usp000j10d,2014-11-07T01:44:44.997Z,"48 km SE of Caburan, Philippines",earthquake,,7.7,,16,reviewed,us,us
2011-05-09T19:13:25.920Z,5.343,126.415,28.8,5.7,mwc,162,54.3,,1.14,us,usp000j192,2022-04-08T21:47:23.848Z,"105 km E of Sarangani, Philippines",earthquake,,2.5,,,reviewed,us,gcmt
2011-05-11T01:28:08.380Z,6.042,125.949,110.8,4.9,mb,121,53.4,,1.11,us,usp000j1d3,2014-11-07T01:44:49.346Z,"27 km E of Lamitan, Philippines",earthquake,,6.8,,68,reviewed,us,us
2011-05-11T19:16:16.220Z,6.331,126.057,63.1,4.5,mb,32,108.4,,0.99,us,usp000j1ey,2014-11-07T01:44:49.748Z,"11 km SW of Surup, Philippines",earthquake,,10.3,,5,reviewed,us,us
2011-05-12T15:15:12.710Z,6.691,123.667,617.6,4.9,mb,159,30.2,,0.89,us,usp000j1fy,2014-11-07T01:44:49.978Z,"40 km W of Taguisa, Philippines",earthquake,,4.1,,84,reviewed,us,us
2011-05-13T08:44:58.950Z,6.484,126.375,52.9,4.2,mb,16,135.9,,0.86,us,usp000j1he,2014-11-07T01:44:50.271Z,"25 km ENE of Pondaguitan, Philippines",earthquake,,17.1,,3,reviewed,us,us
2011-05-22T19:07:46.120Z,6.006,125.696,175.2,5.2,mwc,211,32,,1.03,us,usp000j227,2025-12-22T16:02:28.721Z,"1 km ENE of Mangili, Philippines",earthquake,,5.1,,,reviewed,us,gcmt
2011-05-27T14:19:24.770Z,5.983,126.116,73.2,5.1,mwc,123,53.1,,1.16,us,usp000j29v,2025-12-22T16:02:43.238Z,"42 km S of Pondaguitan, Philippines",earthquake,,8.7,,,reviewed,us,gcmt
2011-05-29T05:45:51.030Z,6.887,126.39,31.2,4.5,mb,13,136.1,,0.76,us,usp000j2d5,2014-11-07T01:44:56.142Z,"7 km ENE of Bobon, Philippines",earthquake,,20,,2,reviewed,us,us
2011-06-24T17:23:43.700Z,6.654,123.569,597.6,5.3,mwc,200,28.9,,0.86,us,usp000j3pj,2025-12-22T16:03:26.030Z,"51 km W of Taguisa, Philippines",earthquake,,3.6,,,reviewed,us,gcmt
2011-06-28T09:50:05.410Z,4.683,125.226,51.8,5.3,mwc,137,46,,1.04,us,usp000j3vz,2022-04-08T21:52:53.697Z,"83 km SSW of Sarangani, Philippines",earthquake,,6.4,,,reviewed,us,gcmt
2011-07-01T22:28:23.670Z,7.082,126.018,63.5,4.4,mb,26,72.2,,0.85,us,usp000j41q,2014-11-07T01:45:15.103Z,"7 km E of Tombongon, Philippines",earthquake,,8,,5,reviewed,us,us
2011-07-06T20:09:15.310Z,5.618,126.176,115.3,4.6,mb,42,93.2,,1.19,us,usp000j48r,2014-11-07T01:45:17.593Z,"67 km ESE of Caburan, Philippines",earthquake,,8.5,,10,reviewed,us,us
2011-07-07T07:10:20.740Z,6.202,123.922,562,4.7,mb,106,75,,0.8,us,usp000j4a7,2014-11-07T01:45:17.897Z,"29 km W of Palimbang, Philippines",earthquake,,4.4,,60,reviewed,us,us
2011-07-09T22:44:39.050Z,5.931,126.189,81.4,4.6,mb,94,63.3,,1.21,us,usp000j4g7,2014-11-07T01:45:19.470Z,"47 km S of Pondaguitan, Philippines",earthquake,,8.8,,26,reviewed,us,us
2011-07-15T07:23:10.090Z,4.92,125.472,35,4,mb,12,107.3,,0.94,us,usp000j4yf,2014-11-07T01:45:22.171Z,"53 km S of Sarangani, Philippines",earthquake,,,,2,reviewed,us,us
2011-08-29T15:28:33.670Z,6.753,123.699,605.7,4.7,mb,21,114.8,,0.71,us,usp000j77h,2014-11-07T01:45:44.491Z,"Moro Gulf, Mindanao, Philippines",earthquake,,6.6,,9,reviewed,us,us
2011-09-14T09:24:40.440Z,4.66,126.355,74.6,4.8,mb,78,78.6,,0.96,us,usp000j81a,2014-11-07T01:45:53.553Z,"128 km SE of Sarangani, Philippines",earthquake,,7.1,,32,reviewed,us,us
2011-09-20T21:44:19.950Z,6.532,124.715,40.2,4.6,mb,35,75.2,,1.1,us,usp000j8bc,2014-11-07T01:45:56.095Z,"4 km NNE of San Miguel, Philippines",earthquake,,10.1,,13,reviewed,us,us
2011-10-01T04:21:51.600Z,7.363,123.689,615.4,5.3,mwc,249,26.7,,0.76,us,usp000j8sz,2025-12-22T16:07:35.443Z,"30 km ESE of Malim, Philippines",earthquake,,3,,,reviewed,us,gcmt
2011-10-16T23:41:18.750Z,5.95,126.145,107.2,4.8,mb,38,75.7,,1.1,us,usp000j9ek,2014-11-07T01:46:07.390Z,"Mindanao, Philippines",earthquake,,9.4,,13,reviewed,us,us
2011-10-25T15:11:39.650Z,6.47,125.857,120.3,4.5,mb,30,100.8,,1.08,us,usp000j9w7,2014-11-07T01:46:11.103Z,"26 km WSW of Luzon, Philippines",earthquake,,8.5,,6,reviewed,us,us
2011-10-30T05:09:08.460Z,5.206,125.378,225.9,4.9,mb,74,42.4,,0.98,us,usp000ja47,2014-11-07T01:46:12.559Z,"23 km SSW of Sarangani, Philippines",earthquake,,6,,30,reviewed,us,us
2011-11-05T23:28:01.210Z,6.671,123.772,562.6,4.9,mb,75,44.8,,0.47,us,usp000jadc,2014-11-07T01:46:18.149Z,"29 km W of Taguisa, Philippines",earthquake,,3.6,,36,reviewed,us,us
2011-11-07T09:43:15.940Z,7.904,125.195,45.9,4.9,mwc,99,74.3,,1.03,us,usp000jagw,2024-06-17T18:19:46.142Z,"9 km W of Little Baguio, Philippines",earthquake,,6.9,,,reviewed,us,gcmt
2011-11-10T15:11:10.670Z,4.56,123.108,566.4,4.6,mb,39,87.4,,1.2,us,usp000janx,2014-11-07T01:46:19.887Z,"210 km SE of Tabiauan, Philippines",earthquake,,9.8,,23,reviewed,us,us
2011-11-11T08:52:32.410Z,4.585,126.139,65.9,4.6,mb,72,73.5,,0.94,us,usp000japh,2014-11-07T01:46:19.981Z,"117 km SE of Sarangani, Philippines",earthquake,,9.4,,36,reviewed,us,us
2011-11-18T04:07:09.260Z,6.657,126.332,76.8,4.3,mb,27,115.3,,0.88,us,usp000jb0s,2014-11-07T01:46:22.252Z,"20 km S of Tamisan, Philippines",earthquake,,8.6,,8,reviewed,us,us
2011-11-18T14:36:04.620Z,5.957,126.404,85.9,4.4,mb,19,134.3,,1.16,us,usp000jb2f,2014-11-07T01:46:22.626Z,"51 km SSE of Pondaguitan, Philippines",earthquake,,12.9,,2,reviewed,us,us
2011-11-21T02:46:57.960Z,5.878,125.508,199.8,4.7,mb,50,75.5,,0.97,us,usp000jb6h,2014-11-07T01:46:23.426Z,"15 km WSW of Caburan, Philippines",earthquake,,6.4,,13,reviewed,us,us
2011-11-24T20:27:00.530Z,5.819,124.832,54.9,4.5,mb,28,127.1,,1.06,us,usp000jbbs,2014-11-07T01:46:24.629Z,"7 km SSW of Lumazal, Philippines",earthquake,,9.8,,8,reviewed,us,us
2011-11-26T22:37:05.380Z,7.829,124.955,35,4.4,mb,22,57.5,,0.65,us,usp000jbes,2014-11-07T01:46:24.979Z,"8 km ESE of La Roxas, Philippines",earthquake,,,,19,reviewed,us,us
2011-12-05T17:11:27.050Z,4.977,125.054,301.8,4.7,mb,93,79.4,,1.04,us,usp000jbv7,2014-11-07T01:46:31.327Z,"65 km SW of Sarangani, Philippines",earthquake,,6.1,,46,reviewed,us,us
2011-12-05T19:09:43.710Z,5.545,126.473,82.8,4.9,mb,91,64.4,,0.87,us,usp000jbve,2014-11-07T01:46:31.358Z,"95 km SSE of Pondaguitan, Philippines",earthquake,,11.8,,42,reviewed,us,us
2011-12-18T16:24:01.090Z,6.735,123.801,603.3,4.8,mb,20,136.6,,0.94,us,usp000jcca,2014-11-07T01:46:35.336Z,"25 km WSW of Gadung, Philippines",earthquake,,10.8,,9,reviewed,us,us
2011-12-25T00:07:56.360Z,6.67,126.37,70.2,4.8,mb,54,68.8,,0.95,us,usp000jckz,2014-11-07T01:46:37.188Z,"20 km SSE of Tamisan, Philippines",earthquake,,7.6,,21,reviewed,us,us
2011-12-28T09:28:49.200Z,4.541,126.308,119.9,4.5,mb,23,116.5,,1.03,us,usp000jcrp,2014-11-07T01:46:38.290Z,"133 km SE of Sarangani, Philippines",earthquake,,9,,1,reviewed,us,us
2012-01-17T10:00:22.030Z,6.516,125.972,98.8,5,mb,120,75.8,,1.09,us,usp000jdm1,2015-03-24T02:02:29.815Z,"13 km W of Luzon, Philippines",earthquake,,6.1,,68,reviewed,us,us
2012-01-20T22:50:53.740Z,4.795,125.307,56.9,5.4,mwc,155,35.7,,0.9,us,usp000jds7,2022-05-03T15:26:39.436Z,"69 km SSW of Sarangani, Philippines",earthquake,,4.6,,,reviewed,us,gcmt
2012-01-22T06:00:06.250Z,5.976,126.146,61.9,4.7,mb,13,134,,0.8,us,usp000jdu1,2014-11-07T01:46:49.379Z,"42 km S of Pondaguitan, Philippines",earthquake,,12.7,,1,reviewed,us,us
2012-01-26T15:47:20.080Z,6.543,125.765,170.2,4.9,mb,81,43.2,,1.25,us,usp000je08,2014-11-07T01:46:50.661Z,"22 km NE of Malita, Philippines",earthquake,,6.9,,47,reviewed,us,us
2012-01-29T00:06:52.050Z,5.936,124.727,387.9,5.2,mb,192,37.2,,0.91,us,usp000je3w,2025-12-22T16:11:52.157Z,"0 km WNW of Maan, Philippines",earthquake,,3.9,,79,reviewed,us,us
2012-02-05T16:46:44.640Z,5.863,124.121,504.2,4.7,mb,32,58.7,,0.91,us,usp000jehz,2014-11-07T01:46:58.349Z,"38 km SW of Malisbeng, Philippines",earthquake,,6.6,,17,reviewed,us,us
2012-02-10T17:36:34.370Z,7.567,124.781,55.4,4.4,mb,43,59.6,,1.09,us,usp000jet2,2014-11-07T01:47:00.173Z,"5 km SW of Osias, Philippines",earthquake,,9.9,,18,reviewed,us,us
2012-02-11T11:59:26.470Z,7.712,124.871,35,4.4,mb,31,101.5,,1.11,us,usp000jetw,2014-11-07T01:47:00.377Z,"11 km S of Adtugan, Philippines",earthquake,,,,14,reviewed,us,us
2012-02-20T13:55:30.680Z,4.599,126.246,88.1,4.7,mb,49,72.2,,1.01,us,usp000jf56,2014-11-07T01:47:02.716Z,"124 km SE of Sarangani, Philippines",earthquake,,7.1,,10,reviewed,us,us
2012-03-05T13:59:34.690Z,5.311,125.518,71.6,4.6,mb,44,74.8,,1.01,us,usp000jfu5,2014-11-07T01:47:11.731Z,"11 km SSE of Sarangani, Philippines",earthquake,,7.7,,17,reviewed,us,us
2012-03-14T08:51:29.250Z,5.634,126.273,141,4.6,mb,67,74.5,,0.72,us,usp000jg7d,2014-11-07T01:47:14.534Z,"76 km ESE of Caburan, Philippines",earthquake,,5.4,,11,reviewed,us,us
2012-03-17T04:08:18.700Z,6.821,123.807,61.1,4.5,mb,28,75.3,,0.89,us,usp000jgch,2014-11-07T01:47:16.036Z,"23 km W of Gadung, Philippines",earthquake,,9.4,,2,reviewed,us,us
2012-03-18T16:35:07.280Z,6.222,124.887,39.6,4.4,mb,14,116.1,,0.62,us,usp000jges,2014-11-07T01:47:16.483Z,"8 km ESE of Sinolon, Philippines",earthquake,,8.4,,3,reviewed,us,us
2012-03-26T03:07:49.980Z,6.902,124.039,61.7,4.4,mb,43,63.9,,0.8,us,usp000jgtc,2014-11-07T01:47:19.325Z,"11 km N of Gadung, Philippines",earthquake,,7.8,,6,reviewed,us,us
2012-04-09T03:54:32.660Z,5.716,124.98,66.2,4.1,mb,17,142.2,,0.6,us,usp000jhed,2014-11-07T01:47:27.369Z,"15 km S of Maasim, Philippines",earthquake,,14.4,,2,reviewed,us,us
2012-04-10T16:44:49.960Z,6.772,123.834,55.2,4.4,mb,43,61.5,,0.79,us,usp000jhg9,2014-11-07T01:47:27.762Z,"20 km W of Gadung, Philippines",earthquake,,6.6,,10,reviewed,us,us
2012-04-11T06:14:32.450Z,6.986,125.254,35,4.7,mb,58,83.5,,0.73,us,usp000jhgw,2014-11-07T01:47:27.852Z,"12 km ENE of Kisante, Philippines",earthquake,,,,32,reviewed,us,us
2012-04-18T01:30:43.740Z,7.22,126.114,22.6,4,mb,14,134.4,,0.44,us,usp000jj5j,2014-11-07T01:47:33.696Z,"24 km NE of Tombongon, Philippines",earthquake,,25.6,,2,reviewed,us,us
2012-05-05T18:43:20.950Z,5.775,126.388,113,4.8,mb,202,39.1,,0.79,us,usp000jk1u,2014-11-07T01:47:44.608Z,"68 km SSE of Pondaguitan, Philippines",earthquake,,3.7,,114,reviewed,us,us
2012-05-05T23:13:43.490Z,4.822,125.849,228.5,4.1,mb,21,115.1,,0.84,us,usp000jk28,2014-11-07T01:47:44.770Z,"77 km SSE of Sarangani, Philippines",earthquake,,8.1,,6,reviewed,us,us
2012-05-10T21:49:47.320Z,7.382,123.634,62.8,4.5,mb,38,73.4,,0.6,us,usp000jk99,2014-11-07T01:47:46.595Z,"23 km ESE of Malim, Philippines",earthquake,,8.7,,7,reviewed,us,us
2012-05-17T02:45:17.880Z,4.503,124.441,38.7,4.6,mb,40,66,,0.73,us,usp000jkgw,2014-11-07T01:47:48.085Z,"150 km SW of Sarangani, Philippines",earthquake,,9.2,,29,reviewed,us,us
2012-06-03T13:51:46.700Z,6.763,123.841,594.4,4.6,mb,109,50.1,,0.68,us,usp000jm9d,2014-11-07T01:47:59.991Z,"20 km WSW of Gadung, Philippines",earthquake,,3.8,,67,reviewed,us,us
2012-06-11T13:31:47.640Z,6.726,123.754,618.8,4.8,mb,183,30.9,,0.74,us,usp000jmmu,2014-11-07T01:48:03.421Z,"30 km WSW of Gadung, Philippines",earthquake,,3.2,,83,reviewed,us,us
2012-06-12T19:03:36.190Z,6.602,123.575,615,4.5,mb,69,74.9,,0.72,us,usp000jmpe,2014-11-07T01:48:03.790Z,"51 km W of Bantogon, Philippines",earthquake,,6.2,,50,reviewed,us,us
2012-06-15T01:14:07.520Z,5.719,126.354,41.4,5.7,mww,473,20.8,,1.07,us,usp000jmsf,2022-05-03T15:42:32.253Z,"73 km SSE of Pondaguitan, Philippines",earthquake,,6.7,,,reviewed,us,us
2012-06-15T11:04:22.210Z,6.606,123.29,633.4,4.6,mb,35,75.8,,0.85,us,usp000jmt1,2014-11-07T01:48:05.687Z,"82 km W of Bantogon, Philippines",earthquake,,9.8,,26,reviewed,us,us
2012-06-19T19:28:50.590Z,5.933,125.979,127,4.5,mb,28,84.9,,0.84,us,usp000jmzj,2014-11-07T01:48:07.075Z,"33 km ESE of Mangili, Philippines",earthquake,,6.4,,10,reviewed,us,us
2012-07-01T07:49:53.890Z,5.662,125.537,151.3,4.7,mb,71,74,,1.01,us,usp000jnf3,2014-11-07T01:48:13.616Z,"8 km SSE of Kalbay, Philippines",earthquake,,6.4,,26,reviewed,us,us
2012-07-12T19:21:56.690Z,6.002,126.333,62.3,4.5,mb,32,100.6,,1.06,us,usp000jny1,2014-11-07T01:48:19.273Z,"43 km SSE of Pondaguitan, Philippines",earthquake,,12.7,,5,reviewed,us,us
2012-07-13T07:07:18.010Z,5.939,126.456,35.2,4.5,mb,29,128.3,,0.81,us,usp000jnyq,2014-11-07T01:48:19.450Z,"55 km SSE of Pondaguitan, Philippines",earthquake,,14.4,,9,reviewed,us,us
2012-07-25T13:27:53.540Z,5.525,126.45,146.5,4.8,mb,123,60.7,,0.83,us,usp000jpen,2014-11-07T01:48:23.827Z,"Mindanao, Philippines",earthquake,,4.6,,67,reviewed,us,us
2012-07-29T03:27:50.000Z,6.176,125.704,122.7,4.6,mb,80,78.3,,0.94,us,usp000jpkg,2014-11-07T01:48:24.913Z,"3 km N of Lapuan, Philippines",earthquake,,7,,25,reviewed,us,us
2012-08-03T22:10:19.020Z,6.846,123.795,53,4.5,mb,48,61.2,,1.34,us,usp000jpv8,2014-11-07T01:48:30.459Z,"25 km W of Gadung, Philippines",earthquake,,10.6,,10,reviewed,us,us
2012-08-21T19:53:11.740Z,5.859,126.087,123.2,4.5,mb,115,74.8,,1.13,us,usp000jqkm,2014-11-07T01:48:36.387Z,"47 km ESE of Mangili, Philippines",earthquake,,6.4,,59,reviewed,us,us
2012-08-28T09:11:19.770Z,5.671,125.666,164,4,mb,44,110.9,,0.72,us,usp000jqzd,2014-11-07T01:48:38.711Z,"19 km ESE of Kalbay, Philippines",earthquake,,5.8,,4,reviewed,us,us
2012-09-03T06:49:49.730Z,6.61,123.875,12,5.8,mww,283,20.5,,1.01,us,usp000jrjh,2024-06-17T20:06:14.688Z,"19 km WNW of Bantogon, Philippines",earthquake,,,,,reviewed,us,us
2012-09-03T08:49:22.830Z,6.561,123.861,10,5,mb,90,62.9,,1.17,us,usp000jrjr,2022-05-03T15:49:12.654Z,"19 km W of Bantogon, Philippines",earthquake,,,,39,reviewed,us,us
2012-09-03T08:50:55.650Z,6.48,123.673,10,4.8,mb,26,134.7,,1.07,us,usp000jrjs,2014-11-07T01:48:46.318Z,"40 km W of Bantogon, Philippines",earthquake,,,,7,reviewed,us,us
2012-09-03T13:21:04.470Z,7.751,124.876,13.5,4.1,mb,21,108.5,,0.94,us,usp000jrk6,2014-11-07T01:48:46.429Z,"7 km SSE of Adtugan, Philippines",earthquake,,10.8,,6,reviewed,us,us
2012-09-03T19:44:22.360Z,7.905,125.044,10,5.7,mwc,201,19.1,,1.04,us,usp000jrky,2024-06-17T20:07:51.650Z,"5 km W of NIA Valencia, Philippines",earthquake,,,,,reviewed,us,gcmt
2012-09-03T19:52:28.230Z,7.709,124.856,18.4,4.8,mb,31,102.6,,0.61,us,usp000jrm0,2014-11-07T01:48:46.618Z,"11 km S of Adtugan, Philippines",earthquake,,8.5,,7,reviewed,us,us
2012-09-11T15:23:06.830Z,6.852,126.263,35,4.1,mb,15,192.7,,0.92,us,usp000js5g,2014-11-07T01:48:50.473Z,"4 km WNW of Tamisan, Philippines",earthquake,,,,6,reviewed,us,us
2012-09-20T16:13:20.730Z,4.847,125.873,35,4.4,mb,15,123.8,,0.88,us,usp000jsmf,2014-11-07T01:48:53.073Z,"76 km SE of Sarangani, Philippines",earthquake,,,,8,reviewed,us,us
2012-09-20T21:21:05.440Z,5.998,126.381,106.1,5.3,mb,260,21,,0.83,us,usp000jsmv,2025-12-22T16:26:37.327Z,"46 km SSE of Pondaguitan, Philippines",earthquake,,4.1,,141,reviewed,us,us
2012-10-04T17:03:14.050Z,5.589,125.911,120.3,4.9,mb,49,92.7,,0.98,us,usp000jthk,2014-11-07T01:49:02.510Z,"47 km SE of Caburan, Philippines",earthquake,,8.6,,19,reviewed,us,us
2012-10-11T05:47:11.460Z,4.561,125.674,164.3,4.9,mb,97,43,,0.93,us,usp000jtus,2014-11-07T01:49:04.493Z,"96 km SSE of Sarangani, Philippines",earthquake,,,,37,reviewed,us,us
2012-10-14T03:42:26.280Z,4.552,125.124,50.5,4.8,mb,106,60.4,,1.22,us,usp000jtyj,2014-11-07T01:49:05.158Z,"101 km SSW of Sarangani, Philippines",earthquake,,7.5,,30,reviewed,us,us
2012-10-15T15:55:02.320Z,6.037,125.496,83.4,4.3,mb,33,117.1,,0.61,us,usp000ju11,2014-11-07T01:49:05.809Z,"12 km ESE of Suyan, Philippines",earthquake,,5.3,,8,reviewed,us,us
2012-10-18T14:01:53.920Z,4.714,126,90.4,4,mb,19,107.5,,0.89,us,usp000ju4n,2014-11-07T01:49:06.799Z,"96 km SE of Sarangani, Philippines",earthquake,,12,,1,reviewed,us,us
2012-11-02T14:02:49.330Z,4.713,125.67,190.2,4.9,mb,78,48.6,,1.13,us,usp000juxt,2025-12-22T16:34:09.958Z,"79 km SSE of Sarangani, Philippines",earthquake,,6.8,,26,reviewed,us,us
2012-11-04T04:14:02.710Z,5.837,126.209,147.6,4.7,mb,62,82.5,,0.87,us,usp000jv09,2014-11-07T01:49:17.927Z,"58 km S of Pondaguitan, Philippines",earthquake,,6.2,,19,reviewed,us,us
2012-11-04T16:28:22.340Z,5.474,125.478,203.9,4.7,mb,88,42.5,,1.05,us,usp000jv15,2014-11-07T01:49:18.177Z,"7 km NNE of Sarangani, Philippines",earthquake,,5.8,,32,reviewed,us,us
2012-11-04T23:46:38.730Z,4.6,125.076,37.2,5.3,mb,160,41.6,,1.03,us,usp000jv1q,2022-05-03T15:55:09.484Z,"98 km SSW of Sarangani, Philippines",earthquake,,5.8,,93,reviewed,us,us
2012-11-05T00:55:39.810Z,4.684,125.144,42.7,5.1,mb,113,50.9,,0.81,us,usp000jv1t,2022-05-03T15:55:15.272Z,"87 km SSW of Sarangani, Philippines",earthquake,,5.3,,51,reviewed,us,us
2012-11-05T01:01:41.900Z,4.568,125.313,35,4,mb,23,134.8,,1.46,us,usp000jv1u,2014-11-07T01:49:18.314Z,"Pulau-Pulau Sangihe, Indonesia",earthquake,,,,4,reviewed,us,us
2012-11-05T04:06:05.060Z,4.67,125.198,42.3,4.1,mb,39,85.8,,1.11,us,usp000jv1y,2014-11-07T01:49:18.324Z,"86 km SSW of Sarangani, Philippines",earthquake,,8.8,,7,reviewed,us,us
2012-11-05T08:48:11.050Z,4.616,125.251,40.2,4.6,mb,51,81.4,,0.98,us,usp000jv25,2014-11-07T01:49:18.392Z,"90 km SSW of Sarangani, Philippines",earthquake,,7.7,,26,reviewed,us,us
2012-11-08T05:20:41.440Z,4.541,125.944,153.9,4.4,mb,20,106.5,,0.59,us,usp000jv6w,2014-11-07T01:49:19.522Z,"109 km SSE of Sarangani, Philippines",earthquake,,9,,7,reviewed,us,us
2012-11-18T19:34:30.150Z,6.53,123.842,56.2,4.3,mb,25,80.4,,1.05,us,usp000jvsc,2014-11-07T01:49:24.140Z,"21 km W of Bantogon, Philippines",earthquake,,13.3,,3,reviewed,us,us
2012-11-18T20:01:26.480Z,5.979,125.809,127.7,5.1,mb,158,43.8,,1.1,us,usp000jvsf,2014-11-07T01:49:24.151Z,"14 km E of Mangili, Philippines",earthquake,,6,,89,reviewed,us,us
2012-11-22T06:32:24.990Z,4.896,126.462,98.2,4.6,mb,69,87.2,,0.83,us,usp000jvy2,2014-11-07T01:49:25.178Z,"124 km ESE of Sarangani, Philippines",earthquake,,5.6,,28,reviewed,us,us
2012-11-24T20:28:50.980Z,6.477,123.483,621.9,4.9,mb,266,21.4,,0.78,us,usp000jw17,2014-11-07T01:49:26.182Z,"61 km W of Bantogon, Philippines",earthquake,,3.3,,171,reviewed,us,us
2012-12-09T21:45:35.210Z,6.703,126.166,63.2,5.6,mwb,295,15,,1.01,us,usp000jws0,2024-06-17T20:49:21.140Z,"7 km ESE of Talisay, Philippines",earthquake,,4.5,,,reviewed,us,us
2012-12-10T00:18:35.370Z,6.765,126.268,65.2,4.3,mb,24,90.4,,0.89,us,usp000jwsb,2014-11-07T01:49:34.918Z,"9 km SSW of Tamisan, Philippines",earthquake,,9.6,,4,reviewed,us,us
2013-01-08T20:58:04.030Z,5.142,125.347,55.8,4.7,mb,30,111.7,,0.87,us,usp000jy2u,2014-11-07T01:49:47.868Z,"31 km SSW of Sarangani, Philippines",earthquake,,8.4,,15,reviewed,us,us
2013-01-11T03:48:01.640Z,5.349,126.241,87.4,4.2,mb,41,84.2,,0.68,us,usp000jy7g,2014-11-07T01:49:48.854Z,"86 km E of Sarangani, Philippines",earthquake,,6.3,,6,reviewed,us,us
2013-01-17T04:58:17.390Z,5.819,124.916,72.5,4.9,mb,114,66.9,,1.14,us,usp000jygx,2015-03-24T02:22:38.659Z,"6 km SW of Daliao, Philippines",earthquake,,7.6,,64,reviewed,us,us
2013-01-21T13:41:51.150Z,5.929,126.383,67.6,4.6,mb,27,120.6,,0.7,us,usp000jyp2,2014-11-07T01:49:52.173Z,"52 km SSE of Pondaguitan, Philippines",earthquake,,6.9,,7,reviewed,us,us
2013-01-21T19:27:28.890Z,5.398,126.148,109.5,4.6,mb,86,92.3,,1.17,us,usb000esb9,2014-11-07T01:49:52.223Z,"75 km E of Sarangani, Philippines",earthquake,,7.3,,36,reviewed,us,us
2013-02-09T19:09:00.580Z,7.705,125.022,39.3,3.9,mb,16,174.3,,0.94,us,us2013lkgw,2014-11-07T01:50:05.807Z,"3 km NE of Don Carlos, Philippines",earthquake,,14.7,,6,reviewed,us,us
2013-02-16T04:37:36.220Z,5.812,125.748,105,6.1,mww,513,17.6,,0.76,us,usc000f8be,2022-07-24T18:11:37.166Z,"16 km SE of Caburan, Philippines",earthquake,,,,,reviewed,us,us
2013-02-19T15:13:16.940Z,5.805,126.158,103.6,4.6,mb,66,92.1,,0.96,us,us2013lvds,2014-11-07T01:50:09.808Z,"56 km ESE of Mangili, Philippines",earthquake,,,,25,reviewed,us,us
2013-03-02T17:18:48.510Z,4.665,125.548,47.9,4.6,mb,19,119.3,,1.03,us,usp000jzkx,2014-11-07T01:50:16.950Z,"82 km S of Sarangani, Philippines",earthquake,,13,,11,reviewed,us,us
2013-03-05T13:02:57.300Z,7.165,126.104,26.4,4.6,mb,28,134.4,,0.95,us,us2013mjcr,2014-11-07T01:50:17.992Z,"19 km NNE of Panikian, Philippines",earthquake,,16.1,,9,reviewed,us,us
2013-03-06T13:33:48.740Z,5.809,126.366,110.9,4.5,mb,49,113.3,,0.88,us,us2013mkej,2014-11-07T01:50:18.363Z,"64 km SSE of Pondaguitan, Philippines",earthquake,,4.9,,16,reviewed,us,us
2013-03-09T01:57:14.170Z,6.345,126.067,69.5,4.6,mb,70,75.9,,0.76,us,usb000fhuw,2014-11-07T01:50:18.781Z,"10 km WSW of Surup, Philippines",earthquake,,5.7,,21,reviewed,us,us
2013-03-20T10:44:34.290Z,7.722,125.98,35,4.6,mb,62,87.5,,1.14,us,usb000fpgr,2014-11-07T01:50:21.890Z,"3 km NNW of Montevista, Philippines",earthquake,,,,23,reviewed,us,us
2013-04-15T17:16:28.300Z,6.018,126.321,100.9,4.4,mb,20,145.3,,1.01,us,usb000g7a4,2014-11-07T01:50:34.211Z,"41 km SSE of Pondaguitan, Philippines",earthquake,,8.8,,13,reviewed,us,us
2013-04-17T09:51:12.170Z,7.26,124.928,56.4,5.1,mb,159,43,,0.86,us,usb000g915,2022-07-24T23:48:46.149Z,"Mindanao, Philippines",earthquake,,4.9,,121,reviewed,us,us
2013-05-17T10:59:18.340Z,6.389,124.152,10,4.2,mb,14,135,,0.54,us,usp000k0rj,2014-11-07T01:50:49.309Z,"10 km SE of Kulaman, Philippines",earthquake,,2.7,,6,reviewed,us,us
2013-05-21T21:57:46.290Z,5.252,126.445,114.7,4.4,mb,35,118,,0.93,us,usp000k0vp,2014-11-07T01:50:52.982Z,"110 km E of Sarangani, Philippines",earthquake,,4.2,,23,reviewed,us,us
2013-05-23T19:37:46.340Z,6.852,125.962,112.3,4.2,mb,11,143,,0.34,us,usp000k0xh,2014-11-07T01:50:53.441Z,"7 km SW of Lupon, Philippines",earthquake,,6.3,,6,reviewed,us,us
2013-06-01T14:10:06.730Z,7.275,124.898,10,5.6,mww,82,36.1,,0.96,us,usb000hbde,2022-07-25T04:07:55.038Z,"13 km NNE of Banawa, Philippines",earthquake,,,,,reviewed,us,us
2013-06-01T14:40:18.800Z,7.372,125.013,10,4.6,mb,37,94,,1.47,us,usb000hbdq,2014-11-07T01:50:58.748Z,"14 km SSE of Damulog, Philippines",earthquake,,,,29,reviewed,us,us
2013-06-01T15:45:41.360Z,7.369,124.564,10,4.3,mb,12,152,,1.39,us,usp000k125,2014-11-07T01:50:58.830Z,"3 km N of Alamada, Philippines",earthquake,,,,9,reviewed,us,us
2013-06-01T23:58:55.750Z,7.263,124.819,11,4.3,mb,14,131,,0.65,us,usp000k127,2014-11-07T01:50:59.109Z,"7 km NNE of Carmen, Philippines",earthquake,,5.4,,10,reviewed,us,us
2013-06-02T01:40:48.250Z,7.315,124.889,10,5,mb,71,59.9,,0.98,us,usb000hbqc,2014-11-07T01:50:59.186Z,"11 km ESE of Liliongan, Philippines",earthquake,,,,40,reviewed,us,us
2013-06-02T20:08:26.590Z,7.282,124.928,10,5.5,mwb,94,48.1,,1.1,us,usb000hby6,2022-07-25T04:17:18.767Z,"13 km NNW of Linao, Philippines",earthquake,,,,,reviewed,us,us
2013-06-02T23:31:04.900Z,7.16,124.944,21.3,4.6,mb,17,111.5,,1.32,us,usb000hc0d,2014-11-07T01:50:59.904Z,"2 km WSW of Linao, Philippines",earthquake,,22.4,,12,reviewed,us,us
2013-06-03T05:27:05.050Z,7.511,124.766,10,4.5,mb,22,100,,1.4,us,usp000k12s,2014-11-07T01:50:59.942Z,"5 km ENE of Banisilan, Philippines",earthquake,,,,21,reviewed,us,us
2013-06-10T11:52:11.270Z,5.33,126.165,87.7,4.8,mb,94,88,,0.69,us,usc000hk85,2014-11-07T01:51:03.482Z,"78 km E of Sarangani, Philippines",earthquake,,6.6,,81,reviewed,us,us
2013-06-23T22:21:30.960Z,5.078,124.682,37,4.6,mb,16,80,,0.63,us,usp000k1ec,2014-11-07T01:51:06.995Z,"91 km SSW of Lumatil, Philippines",earthquake,,9.4,,12,reviewed,us,us
2013-06-27T00:08:03.780Z,4.562,126.207,94.7,4.3,mb,44,112,,0.98,us,us2013rycn,2014-11-07T01:51:07.664Z,"124 km SE of Sarangani, Philippines",earthquake,,7.4,,25,reviewed,us,us
2013-06-29T07:23:19.000Z,5.722,126.459,48.3,4.4,mb,11,196,,0.86,us,us2013saci,2014-11-07T01:51:08.163Z,"77 km SSE of Pondaguitan, Philippines",earthquake,,7.3,,9,reviewed,us,us
2013-07-11T12:32:50.750Z,7.067,123.863,64.3,4.2,mb,10,107,,1.14,us,usp000k1wf,2014-11-07T01:51:15.492Z,"26 km W of Rimpeso, Philippines",earthquake,,13.8,,4,reviewed,us,us
2013-07-15T01:28:54.900Z,7.395,125.058,51.8,5,mb,68,48,,1.18,us,usb000ie8v,2022-07-25T18:25:04.637Z,"15 km SSE of Natalungan, Philippines",earthquake,,5.3,,117,reviewed,us,us
2013-07-15T16:22:06.060Z,6.089,126.081,147.5,4.4,mb,50,94,,0.88,us,usb000iei4,2014-11-07T01:51:16.550Z,"31 km SSW of Pondaguitan, Philippines",earthquake,,6.1,,18,reviewed,us,us
2013-07-25T10:51:26.010Z,7.412,125.044,20.2,4.6,mb,42,95,,0.74,us,usc000inlz,2022-07-25T19:02:50.146Z,"13 km S of Natalungan, Philippines",earthquake,,3.8,,49,reviewed,us,us
2013-07-26T07:46:05.940Z,5.625,124.615,64.6,4.8,mb,58,59,,1.31,us,usc000ipjs,2014-11-07T01:51:20.288Z,"36 km SSW of Maan, Philippines",earthquake,,6.1,,46,reviewed,us,us
2013-07-26T08:08:57.500Z,5.636,124.548,47.7,4.4,mb,12,101,,0.91,us,usb000it0s,2014-11-07T01:51:20.296Z,"38 km SSW of Tambilil, Philippines",earthquake,,7.1,,6,reviewed,us,us
2013-07-26T11:39:27.050Z,7.536,124.656,10,4.2,mb,13,127,,0.86,us,usb000it10,2014-11-07T01:51:20.327Z,"6 km WSW of Malinao, Philippines",earthquake,,,,10,reviewed,us,us
2013-07-28T12:52:58.700Z,6.082,123.543,568.2,4.6,mb,39,96,,0.71,us,usc000ir3t,2014-11-07T01:51:21.104Z,"68 km SW of Sangay, Philippines",earthquake,,8.4,,34,reviewed,us,us
2013-08-04T05:18:53.010Z,5.2567,125.2958,129.94,4.1,mb,,156,9.071,0.51,us,usb000j2u1,2013-09-25T17:45:52.000Z,"24 km SW of Sarangani, Philippines",earthquake,,12.1,0.151,,reviewed,us,us
2013-08-06T14:47:02.100Z,6.6723,124.7589,10,4.4,mb,,170,16.439,0.56,us,usb000j2vt,2013-10-12T21:32:30.000Z,"3 km E of Kalandagan, Philippines",earthquake,,2,0.31,,reviewed,us,us
2013-08-09T01:19:44.240Z,4.5302,125.682,177.7,4.6,mb,,68,2.524,0.72,us,usb000izbn,2013-10-12T21:32:32.000Z,"99 km SSE of Sarangani, Philippines",earthquake,,5,0.095,,reviewed,us,us
2013-08-09T06:43:10.300Z,5.3839,124.8087,96.67,4.1,mb,,104,1.841,1.05,us,usb000j4g3,2013-10-12T21:32:32.000Z,"54 km S of Lumatil, Philippines",earthquake,,8.4,0.261,,reviewed,us,us
2013-08-12T16:20:44.550Z,7.1944,124.8779,26.35,4.4,mb,,130,0.706,0.59,us,usb000j7q8,2013-10-12T21:32:39.000Z,"4 km NNE of Banawa, Philippines",earthquake,,8.2,0.203,,reviewed,us,us
2013-08-16T09:06:14.450Z,4.9047,123.3366,550.2,4.4,mb,,75,3.098,0.72,us,usb000j4rb,2013-10-19T02:41:47.000Z,"172 km SSW of Palimbang, Philippines",earthquake,,8.2,0.076,,reviewed,us,us
2013-08-18T22:34:29.490Z,6.4263,124.6891,377.85,5.2,mb,,15,1.09,1.01,us,usb000j65k,2025-12-22T16:42:37.183Z,"1 km SW of Santo Niño, Philippines",earthquake,,2.9,0.043,,reviewed,us,us
2013-08-19T03:45:48.610Z,5.374,126.3709,65.61,4.6,mb,,106,1.859,1.17,us,usb000jc5a,2013-10-19T02:41:50.000Z,"100 km E of Sarangani, Philippines",earthquake,,9.3,0.122,,reviewed,us,us
2013-08-19T12:05:25.380Z,6.2962,124.1052,533.63,4.6,mb,,44,1.653,0.45,us,usb000j6a8,2013-10-19T02:41:51.000Z,"13 km NW of Palimbang, Philippines",earthquake,,8,0.07,,reviewed,us,us
2013-08-27T07:03:34.760Z,5.9956,125.8385,155.28,4.2,mb,,136,1.097,0.46,us,usb000jgpb,2013-11-06T01:33:31.000Z,"17 km E of Mangili, Philippines",earthquake,,6.7,0.153,,reviewed,us,us
2013-09-03T23:46:55.850Z,5.4195,125.6521,140.85,5.1,mb,,52,1.641,0.86,us,usb000jgei,2025-12-22T16:42:54.359Z,"20 km E of Sarangani, Philippines",earthquake,,2.1,0.053,,reviewed,us,us
2013-09-16T04:08:03.830Z,6.0987,126.1687,155.02,4.7,mb,,99,1.128,1.14,us,usc000jv6t,2013-11-19T17:38:10.000Z,"29 km S of Pondaguitan, Philippines",earthquake,,6.1,0.071,,reviewed,us,us
2013-09-19T11:04:36.610Z,5.062,124.7163,374.44,4.5,mb,,97,2.171,0.73,us,usb000jw37,2013-12-09T21:11:08.000Z,"90 km SW of Balangonan, Philippines",earthquake,,7,0.076,,reviewed,us,us
2013-10-07T11:53:52.880Z,7.0938,124.7189,372.1,4.5,mb,,59,0.854,0.68,us,usb000k7x0,2013-12-19T02:51:37.000Z,"2 km NW of Layog, Philippines",earthquake,,6.1,0.066,,reviewed,us,us
2013-10-08T09:37:24.830Z,6.4604,125.9638,78.13,4.9,mb,,86,0.715,0.76,us,usb000k8g7,2013-12-24T01:42:56.000Z,"15 km WSW of Luzon, Philippines",earthquake,,5.6,0.088,,reviewed,us,us
2013-10-08T21:41:54.130Z,4.874,125.7499,35,4.3,mb,,163,2.187,1.23,us,usb000kdgp,2013-12-24T01:42:57.000Z,"66 km SSE of Sarangani, Philippines",earthquake,,2,0.267,,reviewed,us,us
2013-10-13T10:32:51.470Z,5.932,125.4596,46.62,4,mb,,116,1.136,1.39,us,usb000kiuu,2013-12-24T01:43:00.000Z,"16 km SSE of Suyan, Philippines",earthquake,,6.6,0.156,,reviewed,us,us
2013-10-14T11:59:41.350Z,7.1923,125.9755,55.71,4.3,mb,,114,0.411,0.56,us,usb000kct4,2013-12-24T01:43:01.000Z,"9 km ENE of Magnaga, Philippines",earthquake,,1.6,0.119,,reviewed,us,us
2013-10-22T20:53:57.010Z,5.2014,125.843,54.31,5.1,mb,,53,1.874,1.12,us,usb000kiln,2022-05-03T16:30:09.198Z,"47 km ESE of Sarangani, Philippines",earthquake,,4.9,0.049,,reviewed,us,us
2013-11-03T11:03:38.400Z,4.6565,123.3471,532,5.9,mww,,15,3.267,1.42,us,usb000ks1g,2022-05-03T16:31:01.496Z,"195 km SSW of Palimbang, Philippines",earthquake,,1.8,,,reviewed,us,us
2013-11-12T17:59:18.470Z,5.7125,126.2822,97.64,4.6,mb,,85,1.518,0.85,us,usb000kw9j,2014-01-31T21:22:17.000Z,"72 km S of Pondaguitan, Philippines",earthquake,,5.8,0.074,,reviewed,us,us
2013-11-12T20:44:09.100Z,5.7034,124.1696,10.93,4.5,mb,,123,1.95,0.64,us,usb000l24e,2014-01-31T21:22:17.000Z,"50 km SSW of Malisbeng, Philippines",earthquake,,6.4,0.164,,reviewed,us,us
2013-11-13T09:45:58.240Z,6.1804,126.2332,134.81,4.3,mb,,129,1.096,1.09,us,usb000l2q5,2014-01-31T21:22:18.000Z,"20 km SSE of Pondaguitan, Philippines",earthquake,,4.5,0.148,,reviewed,us,us
2013-11-13T16:18:09.900Z,5.6598,124.1002,5.73,4.5,mb,,193,23.66,0.46,us,usb000l2qk,2014-01-31T21:22:18.000Z,"58 km SSW of Malisbeng, Philippines",earthquake,,9.5,0.271,,reviewed,us,us
2013-11-23T05:16:55.320Z,4.5955,125.5328,37.62,4.1,mb,,155,2.458,0.62,us,usb000l7qe,2014-02-11T02:18:55.000Z,"89 km S of Sarangani, Philippines",earthquake,,15.4,0.234,,reviewed,us,us
2013-11-26T03:29:10.530Z,5.3006,125.7182,48.43,4.6,mb,,130,1.762,0.66,us,usb000l859,2014-02-12T01:08:33.000Z,"30 km ESE of Sarangani, Philippines",earthquake,,3.6,0.165,,reviewed,us,us
2013-11-29T15:37:16.400Z,5.8799,125.1338,140.89,4.4,mb,,117,1.262,1.29,us,usb000lb5h,2014-02-12T01:08:37.000Z,"7 km E of Tinoto, Philippines",earthquake,,5.9,0.123,,reviewed,us,us
2013-12-03T23:58:49.900Z,6.6241,126.1749,30,5.6,mwb,,33,0.738,0.79,us,usb000layi,2022-07-26T02:52:36.384Z,"7 km E of Tibanbang, Philippines",earthquake,,1.7,0.048,,reviewed,us,us
2013-12-05T06:43:24.920Z,4.8377,123.0516,612.4,4.3,mb,,72,3.352,0.75,us,usb000lbq7,2014-02-15T01:32:09.000Z,"183 km SE of Tabiauan, Philippines",earthquake,,7.6,0.081,,reviewed,us,us
2013-12-09T03:01:51.530Z,5.7172,125.3963,216.11,4.4,mb,,92,1.355,1.04,us,usc000lj4i,2014-02-15T01:32:14.000Z,"9 km NW of Sugal, Philippines",earthquake,,6.3,0.106,,reviewed,us,us
2013-12-10T21:09:08.760Z,5.7015,126.2955,116.41,4.2,mb,,137,1.534,0.93,us,usc000lk32,2014-02-21T23:00:50.000Z,"74 km S of Pondaguitan, Philippines",earthquake,,8,0.2,,reviewed,us,us
2013-12-14T01:47:52.930Z,6.0454,126.1486,105.97,4.4,mb,,118,1.164,0.41,us,usc000lkg9,2014-02-21T23:00:54.000Z,"35 km S of Pondaguitan, Philippines",earthquake,,6,0.117,,reviewed,us,us
2013-12-18T20:53:38.770Z,6.8092,126.23,35.38,4.4,mb,,182,6.103,0.25,us,usc000lnwg,2014-02-27T21:37:21.000Z,"8 km WSW of Tamisan, Philippines",earthquake,,9.6,0.219,,reviewed,us,us
2013-12-19T08:28:41.450Z,6.1434,126.3952,90.73,4.1,mb,,180,1.226,0.63,us,usc000lvnv,2014-02-27T21:37:22.000Z,"34 km SE of Pondaguitan, Philippines",earthquake,,7.6,0.185,,reviewed,us,us
2013-12-21T15:12:30.930Z,6.7594,126.0927,64.41,4.5,mb,,120,0.595,1.29,us,usc000lxjv,2014-02-27T21:37:25.000Z,"1 km ESE of Bitaogan, Philippines",earthquake,,8.6,0.136,,reviewed,us,us
2013-12-26T01:16:26.810Z,5.4818,126.4674,99.95,4.6,mb,,117,1.807,0.73,us,usc000lrkr,2014-02-28T08:44:08.000Z,"102 km SSE of Pondaguitan, Philippines",earthquake,,7.1,0.137,,reviewed,us,us
2013-12-30T09:33:17.680Z,5.4139,125.7255,145.36,4.6,mb,,58,1.651,0.88,us,usc000lu1n,2014-02-28T08:44:13.000Z,"29 km E of Sarangani, Philippines",earthquake,,6.3,0.073,,reviewed,us,us
2014-01-02T10:34:31.380Z,6.0956,126.1115,135.31,4.6,mb,,168,1.102,0.39,us,usb000m30g,2014-03-07T00:25:55.000Z,"30 km SSW of Pondaguitan, Philippines",earthquake,,11,0.173,11,reviewed,us,us
2014-01-02T15:00:02.120Z,6.7619,123.8071,514.2,4.1,mb,,102,24.772,0.69,us,usb000m30m,2014-03-07T00:25:55.000Z,"23 km W of Gadung, Philippines",earthquake,,14.5,0.144,14,reviewed,us,us
2014-01-07T23:32:48.340Z,5.7883,126.4414,68.31,4.4,mb,,134,1.534,0.71,us,usb000m77v,2014-03-07T00:26:02.000Z,"69 km SSE of Pondaguitan, Philippines",earthquake,,7.6,0.139,20,reviewed,us,us
2014-01-10T23:27:37.030Z,6.1831,125.9906,144.22,4.4,mb,,48,0.971,0.72,us,usc000m0rk,2014-03-15T03:39:03.000Z,"28 km SW of Pondaguitan, Philippines",earthquake,,5.3,0.07,59,reviewed,us,us
2014-01-12T00:52:20.100Z,5.3627,123.5561,548.64,4.3,mb,,62,2.63,0.65,us,usc000m1bh,2014-03-15T03:39:13.000Z,"117 km SW of Palimbang, Philippines",earthquake,,2.5,0.056,90,reviewed,us,us
2014-01-12T13:07:50.280Z,5.7885,125.5897,136.39,5,mb,,58,1.272,0.76,us,usc000m1ki,2025-12-22T16:46:13.688Z,"12 km NE of Kalbay, Philippines",earthquake,,4.5,0.052,122,reviewed,us,us
2014-01-12T19:59:14.460Z,5.4289,126.1549,59.54,4.1,mb,,172,1.727,1.43,us,usc000mcrk,2014-03-15T03:39:20.000Z,"76 km E of Sarangani, Philippines",earthquake,,19.6,0.185,9,reviewed,us,us
2014-01-14T03:04:35.470Z,5.8349,124.6729,382.99,4,mb,,156,11.526,0.75,us,usc000meep,2014-03-15T03:40:19.000Z,"12 km SSW of Maan, Philippines",earthquake,,14.7,0.173,11,reviewed,us,us
2014-01-14T19:09:35.650Z,7.0146,126.2448,9.69,4.6,mb,,90,0.663,0.82,us,usc000mefh,2014-03-15T03:40:36.000Z,"4 km SW of Limot, Philippines",earthquake,,5.7,0.152,15,reviewed,us,us
2014-01-16T04:11:54.280Z,6.5951,126.0327,71.73,4.2,mb,,134,0.652,0.67,us,usc000mehj,2014-03-22T00:05:15.000Z,"7 km SW of Sigaboy, Philippines",earthquake,,7.5,0.215,6,reviewed,us,us
2014-02-08T00:48:48.780Z,6.555,124.1777,564.49,4.4,mb,,101,7.931,0.57,us,usc000mvj4,2014-04-22T18:30:09.000Z,"12 km SE of Puloypuloy, Philippines",earthquake,,11.4,0.123,19,reviewed,us,us
2014-02-16T12:00:23.940Z,4.8674,126.0434,126.45,4.9,mb,,28,2.236,0.95,us,usc000mri0,2014-04-30T21:18:22.000Z,"87 km SE of Sarangani, Philippines",earthquake,,3.4,0.055,107,reviewed,us,us
2014-02-19T05:56:58.850Z,6.3044,125.7432,165.36,4.5,mb,,117,0.777,0.86,us,usb000n0rn,2014-05-07T00:03:03.000Z,"9 km ENE of Talagutong, Philippines",earthquake,,6.4,0.15,13,reviewed,us,us
2014-02-19T11:14:11.060Z,6.087,126.1749,139.77,4.6,mb,,75,1.141,1.02,us,usc000mtb6,2014-05-07T00:03:03.000Z,"30 km S of Pondaguitan, Philippines",earthquake,,6.3,0.088,42,reviewed,us,us
2014-03-01T01:55:06.670Z,5.452,123.6821,566.6,4.4,mb,,68,2.477,0.65,us,usb000myua,2014-05-13T21:36:46.000Z,"100 km SW of Palimbang, Philippines",earthquake,,6.8,0.08,47,reviewed,us,us
2014-03-19T15:31:16.050Z,5.8582,123.7204,553.19,4,mb,,152,7.468,0.5,us,usc000nujp,2014-05-24T00:54:33.000Z,"64 km SW of Palimbang, Philippines",earthquake,,14.3,0.183,9,reviewed,us,us
2014-03-21T20:26:09.500Z,7.1072,125.5889,51.84,4.3,mb,,120,0.038,0.77,us,usc000nuz0,2014-05-24T00:54:38.000Z,"4 km NW of Davao, Philippines",earthquake,,6.8,0.188,8,reviewed,us,us
2014-03-23T01:18:03.380Z,7.2057,125.1176,43.65,4.5,mb,,79,0.477,0.95,us,usc000nllc,2014-05-24T00:54:41.000Z,"8 km NE of President Roxas, Philippines",earthquake,,8.5,0.144,22,reviewed,us,us
2014-03-24T18:29:54.880Z,7.0553,124.3107,485.15,4,mb,,102,6.945,0.76,us,usc000p351,2014-05-24T00:54:44.000Z,"1 km WSW of Dadus, Philippines",earthquake,,9.3,0.163,11,reviewed,us,us
2014-04-01T14:30:15.990Z,6.7062,125.0111,10,4.4,mb,,120,0.669,0.61,us,usb000pmk3,2014-05-29T23:32:12.000Z,"8 km E of Columbio, Philippines",earthquake,,2,0.179,9,reviewed,us,us
2014-04-12T16:00:52.510Z,5.0793,124.5128,399.42,4.2,mb,,95,5.14,1.15,us,usc000phmk,2014-07-01T02:38:00.000Z,"96 km SSW of Katubao, Philippines",earthquake,,11.2,0.124,20,reviewed,us,us
2014-04-18T01:09:52.940Z,6.2903,124.1264,77.91,4.3,mb,,98,1.637,0.39,us,usb000qkyq,2014-07-04T01:33:30.000Z,"11 km NW of Palimbang, Philippines",earthquake,,5,0.177,17,reviewed,us,us
2014-04-23T16:18:33.250Z,5.5394,123.9038,534.43,4.4,mb,,86,5.863,0.81,us,usb000pw7c,2014-07-14T20:11:12.000Z,"80 km SSW of Palimbang, Philippines",earthquake,,8.6,0.092,34,reviewed,us,us
2014-04-24T07:49:00.860Z,6.9161,123.6712,10,4.1,mb,,134,1.9,1.08,us,usb000qqtu,2014-07-14T20:11:13.000Z,"40 km WNW of Gadung, Philippines",earthquake,,2,0.262,4,reviewed,us,us
2014-04-25T16:24:35.950Z,6.6683,126.4512,53.89,4.4,mb,,135,0.953,1.19,us,usb000qny0,2014-07-14T20:11:15.000Z,"26 km SE of Tamisan, Philippines",earthquake,,8.6,0.102,29,reviewed,us,us
2014-04-26T08:47:58.800Z,6.0201,126.3357,46.28,4.3,mb,,130,1.285,0.56,us,usb000qqy9,2014-07-14T20:11:18.000Z,"41 km SSE of Pondaguitan, Philippines",earthquake,,9.8,0.122,19,reviewed,us,us
2014-04-28T14:32:17.390Z,5.8434,125.8753,147.46,4.4,mb,,142,18.078,0.68,us,usb000qut3,2014-07-14T20:11:22.000Z,"27 km ESE of Caburan, Philippines",earthquake,,11.7,0.148,14,reviewed,us,us
2014-05-02T04:35:44.050Z,6.3296,126.1735,91.27,4.3,mb,,116,0.943,0.76,us,usb000qzcb,2014-07-27T21:51:16.000Z,"3 km S of Pondaguitan, Philippines",earthquake,,9.7,0.265,5,reviewed,us,us
2014-05-08T08:09:49.600Z,7.0068,125.0941,34.01,4.2,mb,,194,8.324,0.53,us,usb000r6fw,2014-08-06T00:55:27.000Z,"0 km ESE of Kidapawan, Philippines",earthquake,,10.4,0.186,8,reviewed,us,us
2014-05-09T05:44:27.820Z,5.6823,125.7098,132.48,5.4,mwb,,30,1.384,1.08,us,usb000qf6m,2022-07-26T14:41:22.990Z,"23 km E of Kalbay, Philippines",earthquake,,3.8,0.068,21,reviewed,us,us
2014-05-12T13:03:30.150Z,5.1926,125.5667,73.84,4.3,mb,,121,1.864,0.91,us,usc000r92u,2014-08-06T00:55:33.000Z,"25 km SSE of Sarangani, Philippines",earthquake,,9.7,0.147,13,reviewed,us,us
2014-05-23T05:09:39.130Z,5.9143,124.018,528.02,4.2,mb,,104,1.929,1,us,usc000rdxi,2014-08-23T08:36:43.000Z,"37 km SSW of Palimbang, Philippines",earthquake,,12.4,0.121,19,reviewed,us,us
2014-05-25T18:50:53.280Z,5.8285,125.8738,147.8,4.8,mb,,59,1.267,0.74,us,usb000r3l0,2014-08-23T08:36:47.000Z,"27 km ESE of Caburan, Philippines",earthquake,,4.9,0.065,73,reviewed,us,us
2014-05-26T12:16:21.140Z,6.0092,126.3314,58.09,4.3,mb,,119,1.291,0.79,us,usb000r48k,2014-08-23T08:36:49.000Z,"42 km SSE of Pondaguitan, Philippines",earthquake,,8,0.116,21,reviewed,us,us
2014-05-28T13:23:35.570Z,5.7772,126.3899,154.47,4.5,mb,,109,1.515,0.89,us,usb000r6f0,2014-08-26T01:21:02.000Z,"68 km SSE of Pondaguitan, Philippines",earthquake,,5.2,0.093,34,reviewed,us,us
2014-05-28T20:11:44.650Z,5.2843,126.3083,100,4.5,mb,,118,1.916,1.09,us,usc000rf6a,2014-08-26T01:21:02.000Z,"94 km E of Sarangani, Philippines",earthquake,,9.7,0.171,10,reviewed,us,us
2014-06-01T11:59:04.760Z,5.083,125.3227,26.76,4.2,mb,,151,1.99,0.71,us,usc000rhdz,2014-08-26T01:21:08.000Z,"38 km SSW of Sarangani, Philippines",earthquake,,5.5,0.199,7,reviewed,us,us
2014-06-04T04:17:10.940Z,6.1998,126.3963,93.41,4.9,mb,,44,1.185,0.59,us,usc000rar1,2014-08-30T17:02:55.000Z,"30 km SE of Pondaguitan, Philippines",earthquake,,4.7,0.062,81,reviewed,us,us
2014-06-13T05:01:12.910Z,6.4106,125.2495,213.31,4.2,mb,,110,0.732,1.09,us,usb000rrr4,2014-09-12T15:47:07.000Z,"11 km N of Malandag, Philippines",earthquake,,6,0.2,7,reviewed,us,us
2014-06-16T04:33:16.180Z,4.7779,125.213,44.2,4.6,mb,,131,6.274,0.66,us,usc000rmrz,2014-09-12T15:48:04.000Z,"74 km SSW of Sarangani, Philippines",earthquake,,9.9,0.116,24,reviewed,us,us
2014-07-05T21:15:16.460Z,5.8913,126.2668,81.47,4.3,mb,,92,1.355,0.78,us,usb000rvez,2014-10-04T19:59:56.000Z,"52 km S of Pondaguitan, Philippines",earthquake,,10.3,0.119,20,reviewed,us,us
2014-07-08T22:04:42.100Z,4.9456,125.6156,180.12,4.6,mb,,117,2.11,1.05,us,usb000rv67,2014-10-04T20:00:01.000Z,"53 km SSE of Sarangani, Philippines",earthquake,,10.8,0.314,4,reviewed,us,us
2014-07-14T07:59:57.290Z,5.7144,126.4776,20,6.3,mww,,44,1.615,1.07,us,usb000rsr5,2022-08-07T00:44:04.310Z,"78 km SSE of Pondaguitan, Philippines",earthquake,,1.7,,,reviewed,us,us
2014-07-14T18:01:12.940Z,5.4911,126.4373,35,4.6,mb,,108,1.785,0.7,us,usb000rsv5,2014-10-10T08:02:18.000Z,"100 km ESE of Caburan, Philippines",earthquake,,2,0.095,33,reviewed,us,us
2014-07-15T11:06:50.350Z,4.7853,124.6398,10,4.3,mb,,180,4.828,0.96,us,usb000rx4y,2014-10-10T08:02:19.000Z,"114 km SW of Sarangani, Philippines",earthquake,,2,0.217,7,reviewed,us,us
2014-07-25T13:24:03.910Z,5.1629,125.9511,209.17,4.1,mb,,136,1.93,1.08,us,usb000s0c8,2014-10-25T01:49:36.000Z,"60 km ESE of Sarangani, Philippines",earthquake,,7.2,0.166,11,reviewed,us,us
2014-07-26T07:19:38.850Z,5.5433,126.2428,80.72,4.4,mb,,135,1.653,0.71,us,usb000s0s1,2014-10-25T01:49:38.000Z,"78 km ESE of Caburan, Philippines",earthquake,,8.1,0.179,11,reviewed,us,us
2014-07-26T07:29:03.230Z,4.8359,123.1885,589.08,4.4,mb,,84,3.252,0.91,us,usb000rxix,2014-10-25T01:49:38.000Z,"188 km SW of Palimbang, Philippines",earthquake,,8.2,0.085,43,reviewed,us,us
2014-07-27T17:04:50.660Z,5.6245,126.4496,73.51,4.4,mb,,95,1.676,1.48,us,usb000s16z,2014-10-25T01:49:40.000Z,"86 km SSE of Pondaguitan, Philippines",earthquake,,9.4,0.17,11,reviewed,us,us
2014-07-27T19:03:01.580Z,5.2196,125.7447,59.69,4.3,mb,,145,1.845,1.19,us,usb000s171,2014-10-25T01:49:40.000Z,"37 km ESE of Sarangani, Philippines",earthquake,,4.5,0.308,3,reviewed,us,us
2014-08-01T17:37:58.300Z,5.8673,126.1229,131.54,4.2,mb,,116,1.311,1,us,usb000s2pe,2014-10-29T19:52:53.000Z,"50 km ESE of Mangili, Philippines",earthquake,,6.1,0.132,16,reviewed,us,us
2014-08-03T12:57:28.700Z,5.0483,125.4083,10,4.2,mb,,153,2.015,1.34,us,usb000s2wb,2014-10-29T19:52:58.000Z,"39 km S of Sarangani, Philippines",earthquake,,1.8,0.215,6,reviewed,us,us
2014-08-03T21:13:58.260Z,7.1039,124.1287,562.15,4.3,mb,,111,5.916,0.69,us,usb000s2wp,2014-10-29T19:52:59.000Z,"9 km NNE of Rimpeso, Philippines",earthquake,,7.3,0.08,44,reviewed,us,us
2014-08-05T06:00:50.350Z,5.2324,126.2359,74.5,4.5,mb,,113,1.938,0.79,us,usb000s30m,2014-10-29T19:53:01.000Z,"87 km ESE of Sarangani, Philippines",earthquake,,8.7,0.151,14,reviewed,us,us
2014-08-06T17:50:13.290Z,6.1116,125.4208,45.49,4.3,mb,,145,0.964,0.77,us,usb000s43z,2014-11-07T21:47:34.000Z,"6 km NE of Suyan, Philippines",earthquake,,13.2,0.188,9,reviewed,us,us
2014-08-07T05:27:53.590Z,4.5223,126.3948,83.5,4.6,mb,,81,2.657,0.82,us,usb000s475,2014-11-07T21:47:34.000Z,"141 km SE of Sarangani, Philippines",earthquake,,7.5,0.08,49,reviewed,us,us
2014-08-18T15:53:21.220Z,5.6977,123.9588,530.17,4.5,mb,,78,5.461,0.63,us,usb000s3rq,2014-11-15T04:07:14.000Z,"62 km SSW of Palimbang, Philippines",earthquake,,8,0.077,56,reviewed,us,us
2014-08-19T17:12:20.680Z,5.5321,126.3987,61.21,5,mb,,58,1.731,0.97,us,usb000s4as,2022-05-03T16:59:10.490Z,"94 km ESE of Caburan, Philippines",earthquake,,4.6,0.053,121,reviewed,us,us
2014-08-25T17:38:04.630Z,6.368,123.8739,552.4,4.2,mb,,93,5.478,0.49,us,usb000s9qp,2014-11-22T02:06:36.000Z,"20 km WSW of Sangay, Philippines",earthquake,14,9.8,0.137,15,reviewed,us,us
2014-08-26T18:44:00.420Z,6.2143,126.4193,156.4,4.6,mb,,132,1.191,0.61,us,usb000s9ry,2014-11-22T02:06:37.000Z,"31 km ESE of Pondaguitan, Philippines",earthquake,11.1,7.8,0.116,23,reviewed,us,us
2014-08-26T19:11:38.780Z,7.2718,124.749,12.63,4.7,mb,,122,0.847,0.6,us,usb000s9rz,2014-11-22T02:06:37.000Z,"8 km NNW of Carmen, Philippines",earthquake,8.7,7.5,0.166,12,reviewed,us,us
2014-09-04T15:33:41.300Z,6.5739,123.7464,49.81,4.1,mb,,73,1.885,1.51,us,usb000sck7,2014-12-05T23:36:31.040Z,"32 km W of Bantogon, Philippines",earthquake,5,11.9,0.151,13,reviewed,us,us
2014-09-04T23:37:13.360Z,6.4344,123.6197,26.51,4.2,mb,,104,2.045,0.63,us,usb000sckc,2014-12-05T23:36:32.040Z,"47 km W of Sangay, Philippines",earthquake,8.3,4.7,0.2,8,reviewed,us,us
2014-09-06T09:14:24.440Z,5.9548,125.7943,126.56,4.6,mb,,52,1.128,0.59,us,usb000s9x0,2014-12-05T23:36:36.040Z,"13 km ESE of Mangili, Philippines",earthquake,3.5,7.1,0.09,39,reviewed,us,us
2014-09-09T22:47:52.310Z,5.9679,125.9883,147.51,4.1,mb,,152,1.167,0.51,us,usb000se02,2014-12-05T23:36:41.040Z,"33 km E of Mangili, Philippines",earthquake,13.9,4.6,0.234,7,reviewed,us,us
2014-09-13T20:48:33.750Z,5.4691,126.2001,91.28,4.7,mb,,106,1.705,0.98,us,usb000sc63,2014-12-08T23:30:59.040Z,"79 km SE of Caburan, Philippines",earthquake,7.7,6.3,0.065,74,reviewed,us,us
2014-09-19T23:09:56.710Z,6.8355,125.3027,33.75,4.7,mb,,66,0.359,0.63,us,usb000seeb,2014-12-19T00:05:22.040Z,"5 km NNW of Goma, Philippines",earthquake,4.8,5.5,0.061,85,reviewed,us,us
2014-09-20T04:26:11.520Z,6.8639,125.2331,25.69,5.2,mb,,44,0.399,0.78,us,usb000sefj,2026-07-16T03:25:54.692Z,"7 km NE of Dolo, Philippines",earthquake,7.4,4,0.056,118,reviewed,us,us
2014-09-20T16:37:06.680Z,6.7572,125.2084,35,4.2,mb,,166,0.481,0.59,us,usb000shcx,2014-12-19T00:05:23.040Z,"2 km ESE of Magsaysay, Philippines",earthquake,7.9,2,0.199,7,reviewed,us,us
2014-09-21T10:40:44.760Z,4.6831,125.5558,61.29,4.4,mb,,130,2.371,0.87,us,usb000shr7,2014-12-19T00:05:24.040Z,"80 km S of Sarangani, Philippines",earthquake,8.5,10.5,0.143,15,reviewed,us,us
2014-09-27T05:01:18.380Z,6.2734,123.9628,519.41,4.7,mb,,53,1.789,0.69,us,usb000sgp4,2014-12-20T00:53:59.040Z,"21 km SSW of Sangay, Philippines",earthquake,9.2,10,0.12,24,reviewed,us,us
2014-09-30T23:29:31.960Z,7.1111,125.7063,26.2,4.1,mb,,187,0.132,0.41,us,usb000skpn,2014-12-20T00:54:05.040Z,"1 km ENE of Mambago, Philippines",earthquake,13.9,8.4,0.371,8,reviewed,us,us
2014-10-03T07:50:54.310Z,5.4559,126.2057,75.23,4.7,mb,,116,1.719,0.56,us,usb000sifi,2014-12-23T01:41:59.040Z,"80 km SE of Caburan, Philippines",earthquake,8.6,7.9,0.089,40,reviewed,us,us
2014-10-12T09:12:54.980Z,6.2402,124.0472,56.24,4.5,mb,,56,1.73,0.89,us,usb000sqbz,2015-01-06T23:49:52.040Z,"16 km WNW of Palimbang, Philippines",earthquake,7.6,5.6,0.097,33,reviewed,us,us
2014-10-16T06:20:26.830Z,6.8444,125.1542,35.69,4.2,mb,,137,0.477,0.66,us,usb000srm8,2015-01-15T20:03:26.040Z,"5 km NW of Dolo, Philippines",earthquake,9.7,10.9,0.305,4,reviewed,us,us
2014-10-16T07:39:14.920Z,6.4063,126.128,81.08,4.2,mb,,128,0.855,0.96,us,usb000srmr,2015-01-15T20:03:27.040Z,"2 km NW of Surup, Philippines",earthquake,11.3,9.4,0.132,17,reviewed,us,us
2014-10-16T17:08:17.810Z,5.5076,126.4243,43.95,5,mb,,63,1.764,0.93,us,usb000smxp,2015-01-15T20:03:27.040Z,"97 km ESE of Caburan, Philippines",earthquake,7.3,4.3,0.05,134,reviewed,us,us
2014-10-16T18:53:17.280Z,5.0683,125.4089,193.48,4.5,mb,,56,1.995,0.68,us,usb000srna,2015-01-15T20:03:28.040Z,"37 km S of Sarangani, Philippines",earthquake,9.3,7.9,0.113,24,reviewed,us,us
2014-10-17T09:25:28.070Z,5.5177,125.9847,71.46,4.5,mb,,110,1.593,0.8,us,usb000srq0,2015-01-15T20:03:29.040Z,"58 km SE of Caburan, Philippines",earthquake,12.5,6.4,0.191,9,reviewed,us,us
2014-10-20T18:53:55.530Z,6.9873,124.9495,19.05,4.7,mb,,55,0.63,1.26,us,usb000sp7r,2022-07-27T05:25:06.626Z,"6 km E of Bialong, Philippines",earthquake,6.6,4.7,0.088,44,reviewed,us,us
2014-10-21T00:23:07.790Z,6.8458,125.4899,53.05,4.3,mb,,137,0.239,0.25,us,usc000stxq,2015-01-15T20:03:36.040Z,"5 km SE of Coronon, Philippines",earthquake,6.4,9.5,0.187,9,reviewed,us,us
2014-10-22T01:10:24.120Z,6.8004,125.4635,44.97,4.2,mb,,135,0.291,0.76,us,usc000sumr,2015-01-17T01:25:31.040Z,"7 km SE of Takub, Philippines",earthquake,9.9,10.5,0.166,10,reviewed,us,us
2014-10-22T02:30:33.210Z,6.8337,125.1776,30.05,4.7,mb,,80,0.462,0.63,us,usb000spnl,2022-07-27T05:31:03.736Z,"3 km NNW of Dolo, Philippines",earthquake,8.1,5.9,0.097,33,reviewed,us,us
2014-10-22T09:01:03.950Z,4.6696,125.8692,127.84,4.4,mb,,191,6.462,0.37,us,usc000sulu,2015-01-17T01:25:31.040Z,"92 km SSE of Sarangani, Philippines",earthquake,18.6,10.4,0.126,18,reviewed,us,us
2014-10-22T12:51:56.860Z,6.6965,125.3656,34.97,4.3,mb,,131,0.427,0.64,us,usc000sulw,2015-01-17T01:25:32.040Z,"1 km NE of Guihing Proper, Philippines",earthquake,7.3,8.8,0.238,6,reviewed,us,us
2014-10-23T09:50:16.240Z,5.7817,125.8402,128.75,4.9,mb,,59,1.305,1.36,us,usb000spzs,2025-12-22T17:00:48.982Z,"26 km SE of Caburan, Philippines",earthquake,7.2,1.4,0.064,83,reviewed,us,us
2014-10-23T10:37:30.160Z,5.5362,125.3192,74.6,4.3,mb,,89,1.545,1.07,us,usc000sul5,2015-01-17T01:25:33.040Z,"5 km SW of Balangonan, Philippines",earthquake,8.9,8.8,0.154,13,reviewed,us,us
2014-10-23T22:30:00.590Z,5.7655,123.9626,32.58,4.3,mb,,164,2.063,0.87,us,usc000sukz,2015-01-17T01:25:34.040Z,"55 km SSW of Palimbang, Philippines",earthquake,11.4,8.4,0.202,8,reviewed,us,us
2014-10-24T00:38:55.760Z,6.1854,123.6918,35,4.1,mb,,84,2.07,1.2,us,usc000suzs,2015-01-17T01:25:34.040Z,"48 km SW of Sangay, Philippines",earthquake,5.6,2,0.185,10,reviewed,us,us
2014-10-26T02:07:07.570Z,6.5062,123.3819,630.86,4.1,mb,,133,5.034,0.37,us,usc000svdg,2015-01-17T01:25:39.040Z,"72 km W of Bantogon, Philippines",earthquake,11.9,15.1,0.303,7,reviewed,us,us
2014-10-29T13:20:45.420Z,4.647,126.0798,71.81,4,mb,,111,2.457,0.79,us,usc000swak,2015-01-20T09:02:59.040Z,"108 km SE of Sarangani, Philippines",earthquake,10.1,9.4,0.173,11,reviewed,us,us
2014-11-01T07:30:46.420Z,4.9941,126.4599,73.47,4.4,mb,,103,2.24,0.98,us,usc000stb8,2015-01-20T09:03:08.040Z,"119 km ESE of Sarangani, Philippines",earthquake,6.8,8.7,0.114,24,reviewed,us,us
2014-11-08T12:42:42.180Z,4.9934,126.243,89.83,5,mb,,78,2.165,0.96,us,usc000svnp,2015-01-31T02:50:10.040Z,"97 km ESE of Sarangani, Philippines",earthquake,7.3,5.4,0.058,99,reviewed,us,us
2014-11-13T00:40:16.500Z,4.7262,125.2456,49.58,4.6,mb,,90,2.351,0.47,us,usc000swt7,2015-02-12T01:42:37.040Z,"78 km SSW of Sarangani, Philippines",earthquake,4.8,7.1,0.092,36,reviewed,us,us
2014-11-15T02:21:10.690Z,5.36,126.004,116.22,4.4,mb,,84,1.75,0.68,us,usc000sxh7,2015-02-12T01:42:44.040Z,"60 km E of Sarangani, Philippines",earthquake,8.5,7.1,0.149,27,reviewed,us,us
2014-11-23T12:52:10.080Z,6.0232,125.339,99.54,4.7,mb,,74,1.066,0.5,us,usb000szak,2015-02-18T03:30:55.040Z,"6 km ESE of Lun Pequeño, Philippines",earthquake,7.7,7.2,0.089,39,reviewed,us,us
2014-11-29T13:37:35.870Z,6.9896,125.1685,35,4.7,mb,,132,6.553,1.1,us,usb000t164,2015-02-24T00:35:11.040Z,"6 km NE of Malasila, Philippines",earthquake,8.3,2,0.138,17,reviewed,us,us
2014-11-30T00:37:46.410Z,6.9903,123.8406,57.97,4.4,mb,,116,1.727,0.82,us,usc000t6te,2015-02-24T00:35:12.040Z,"28 km NW of Gadung, Philippines",earthquake,8,5.3,0.131,18,reviewed,us,us
2014-11-30T04:23:21.950Z,7.5742,125.5751,40.71,4.4,mb,,137,0.501,0.6,us,usc000t6tv,2015-02-24T00:35:13.040Z,"7 km NW of New Visayas, Philippines",earthquake,13.7,3,0.538,4,reviewed,us,us
2014-12-02T05:11:31.000Z,6.1572,123.1261,614,6.6,mww,,9,2.6,1.32,us,usb000t20t,2022-05-03T18:20:44.980Z,"106 km WSW of Sangay, Philippines",earthquake,8.6,1.9,,,reviewed,us,us
2014-12-02T12:15:16.740Z,5.7045,126.2385,97.32,4.3,mb,,185,1.506,0.84,us,usc000t7ce,2015-02-24T00:35:16.040Z,"69 km ESE of Mangili, Philippines",earthquake,13.6,17.5,0.169,10,reviewed,us,us
2014-12-02T18:49:49.640Z,4.9997,126.4808,82.96,4.4,mb,,112,2.243,1.39,us,usc000t7cj,2015-02-24T00:35:16.040Z,"121 km ESE of Sarangani, Philippines",earthquake,10.2,9.6,0.149,13,reviewed,us,us
2014-12-04T16:08:18.490Z,6.5665,126.0942,144.32,4.4,mb,,94,0.715,0.9,us,usc000t7pf,2015-02-28T02:16:07.040Z,"2 km N of Magdug, Philippines",earthquake,9.6,6.2,0.108,26,reviewed,us,us
2014-12-09T20:03:43.700Z,7.1891,126.2367,4.32,4.3,mb,,174,0.663,0.63,us,usc000t9pm,2015-02-28T02:16:16.040Z,"Mindanao, Philippines",earthquake,8.3,6.8,0.168,10,reviewed,us,us
2014-12-13T16:47:22.470Z,6.1914,125.4153,85.49,4.3,mb,,128,0.887,0.62,us,usc000t6c3,2015-03-04T21:55:01.040Z,"14 km NNE of Suyan, Philippines",earthquake,12.3,12.3,0.142,15,reviewed,us,us
2014-12-28T20:30:04.310Z,6.3777,126.106,111.72,4.2,mb,,160,0.863,0.7,us,usc000tg31,2015-03-17T02:37:45.040Z,"4 km WSW of Surup, Philippines",earthquake,13.4,15.3,0.128,17,reviewed,us,us
2014-12-30T15:42:13.760Z,5.193,123.9758,42.13,4.1,mb,,117,2.453,0.6,us,usc000tfpf,2015-03-17T02:38:10.040Z,"110 km SSW of Mabay, Philippines",earthquake,12.2,7,0.3,3,reviewed,us,us
2014-12-31T16:28:52.380Z,6.1389,123.6624,587.11,4,mb,,104,5.227,0.7,us,usc000tfzw,2015-03-17T02:38:28.040Z,"54 km SW of Sangay, Philippines",earthquake,13.8,9.6,0.129,16,reviewed,us,us
2015-01-02T14:48:54.420Z,4.7574,125.1335,295.53,4.6,mb,,111,2.339,0.62,us,usc000tb9l,2015-03-27T07:01:14.040Z,"80 km SSW of Sarangani, Philippines",earthquake,7.7,10.3,0.152,13,reviewed,us,us
2015-01-04T06:51:24.430Z,4.5509,125.2816,52.52,4.4,mb,,75,2.519,1.09,us,usc000tgfu,2015-03-27T07:01:39.040Z,"96 km SSW of Sarangani, Philippines",earthquake,5.7,8.9,0.139,15,reviewed,us,us
2015-01-05T14:04:44.590Z,6.5663,126.2262,83.37,4.4,mb,,111,5.867,0.73,us,usc000th57,2015-03-27T07:01:59.040Z,"14 km E of Magdug, Philippines",earthquake,7.3,9,0.114,22,reviewed,us,us
2015-01-05T14:09:22.730Z,6.4057,125.971,91.66,4.2,mb,,154,5.767,0.7,us,usc000th56,2015-03-27T07:01:59.040Z,"17 km WSW of Tiblawan, Philippines",earthquake,6.5,10.1,0.152,15,reviewed,us,us
2015-01-11T23:21:54.640Z,4.5282,124.6428,284.66,4,mb,,145,4.617,0.72,us,usc000tic3,2015-04-10T18:56:36.040Z,"132 km SW of Sarangani, Philippines",earthquake,12.1,10.4,0.134,15,reviewed,us,us
2015-01-20T20:33:11.350Z,6.3154,123.713,606.46,4.7,mb,,42,1.999,0.82,us,usc000thl5,2015-04-20T16:05:37.040Z,"39 km WSW of Sangay, Philippines",earthquake,9.1,5.9,0.047,142,reviewed,us,us
2015-01-21T05:20:27.630Z,5.7486,125.3759,78.36,5.2,mb,,54,1.327,0.97,us,usc000thq4,2022-07-27T15:53:20.240Z,"11 km ENE of Pangyan, Philippines",earthquake,7.3,1.5,0.054,123,reviewed,us,us
2015-01-26T00:17:43.440Z,6.5472,126.0975,81.22,4.5,mb,,92,5.875,0.73,us,usc000tj1b,2015-04-24T16:55:36.040Z,"Mindanao, Philippines",earthquake,6.1,7.5,0.077,52,reviewed,us,us
2015-02-05T04:02:31.340Z,7.0886,126.1205,23.11,4.2,mb,,72,0.537,0.69,us,usb000tnk8,2015-05-04T22:47:40.040Z,"13 km NE of Panikian, Philippines",earthquake,8.8,5.6,0.159,13,reviewed,us,us
2015-02-06T18:49:41.960Z,7.6399,124.9806,54.05,4.2,mb,,244,0.82,1.37,us,usb000tnlt,2015-05-04T22:47:45.040Z,"3 km W of Kitaotao, Philippines",earthquake,4.2,14.2,0.166,11,reviewed,us,us
2015-02-07T06:56:39.720Z,6.3767,125.9242,136.99,4.3,mb,,133,0.769,0.77,us,usb000tp0p,2015-05-04T22:47:46.040Z,"23 km WSW of Tiblawan, Philippines",earthquake,9.6,9.2,0.154,12,reviewed,us,us
2015-02-14T03:56:22.780Z,5.1682,126.0727,103.73,4.1,mb,,194,4.554,0.22,us,usc000trhd,2015-05-11T23:20:13.040Z,"72 km ESE of Sarangani, Philippines",earthquake,10.4,12.7,0.198,7,reviewed,us,us
2015-02-18T19:53:09.300Z,4.7223,126.3401,86.27,4.2,mb,,136,4.055,0.72,us,usc000tsnr,2015-05-11T23:20:23.040Z,"122 km SE of Sarangani, Philippines",earthquake,9.8,9.4,0.136,17,reviewed,us,us
2015-02-19T18:12:15.410Z,5.3028,125.8025,67.69,4.2,mb,,149,1.769,0.81,us,usc000tsr4,2015-05-12T20:29:33.040Z,"39 km ESE of Sarangani, Philippines",earthquake,7.8,11.8,0.159,11,reviewed,us,us
2015-02-21T18:19:32.280Z,6.0609,125.8571,128.76,4.7,mb,,83,1.039,1.14,us,usc000ts5q,2015-05-12T20:29:37.040Z,"17 km E of Lamitan, Philippines",earthquake,8.2,5.4,0.052,111,reviewed,us,us
2015-02-23T16:21:32.000Z,6.0242,126.2825,73.04,4.6,mb,,44,1.251,0.79,us,usc000tsgx,2015-05-12T20:29:42.040Z,"39 km SSE of Pondaguitan, Philippines",earthquake,7.9,5.3,0.077,54,reviewed,us,us
2015-02-26T19:37:00.790Z,6.3551,125.8659,135.33,4,mb,,105,0.765,1.01,us,usc000tum4,2015-05-19T00:28:46.040Z,"24 km ENE of Talagutong, Philippines",earthquake,12.5,10,0.164,10,reviewed,us,us
2015-03-01T07:01:56.780Z,4.7307,125.7803,104.82,5.3,mb,,37,2.332,0.85,us,usc000tu5k,2025-12-22T17:04:19.428Z,"82 km SSE of Sarangani, Philippines",earthquake,7.1,4.3,0.044,176,reviewed,us,us
2015-03-04T14:19:52.870Z,6.0261,126.1162,148.53,4.6,mb,,100,1.166,0.83,us,usc000tuxm,2015-05-19T00:30:02.040Z,"Mindanao, Philippines",earthquake,7.4,4.9,0.082,44,reviewed,us,us
2015-03-05T10:18:03.660Z,5.6324,123.5936,544.88,4.2,mb,,105,5.093,0.76,us,usc000tv5x,2015-05-28T00:48:33.040Z,"91 km SW of Palimbang, Philippines",earthquake,10.9,10.5,0.098,29,reviewed,us,us
2015-03-07T02:23:42.670Z,4.6653,125.71,131.96,4.1,mb,,143,6.056,0.57,us,us10001las,2015-05-28T00:48:36.040Z,"Pulau-Pulau Sangihe, Indonesia",earthquake,13.9,11.6,0.214,7,reviewed,us,us
2015-03-07T16:39:02.090Z,5.451,125.9371,121.24,4.7,mb,,110,1.647,1.15,us,usc000twdr,2015-05-28T00:48:36.040Z,"52 km E of Sarangani, Philippines",earthquake,8.4,4.5,0.093,35,reviewed,us,us
2015-03-15T02:47:58.420Z,4.943,125.9799,107.97,4.1,mb,,112,4.368,0.39,us,us10001ng6,2015-06-04T00:46:20.040Z,"76 km SE of Sarangani, Philippines",earthquake,10,9.5,0.197,8,reviewed,us,us
2015-03-26T06:25:02.430Z,5.695,124.6102,50.72,4.3,mb,,115,1.671,0.71,us,us10001sd2,2015-06-12T01:53:22.040Z,"29 km SSW of Maan, Philippines",earthquake,7.1,10.8,0.178,9,reviewed,us,us
2015-04-03T09:48:13.610Z,5.8426,126.0915,127.48,4,mb,,119,1.321,0.89,us,us200025na,2015-06-16T01:00:24.040Z,"48 km ESE of Mangili, Philippines",earthquake,8.6,7.1,0.13,16,reviewed,us,us
2015-04-10T03:24:52.040Z,5.4119,126.1489,106.01,4.4,mb,,67,1.741,0.85,us,us200025iy,2015-06-22T23:18:55.040Z,"75 km E of Sarangani, Philippines",earthquake,6,6.7,0.098,30,reviewed,us,us
2015-04-11T11:42:52.270Z,4.7689,124.9262,281,5.2,mwb,,17,2.376,0.86,us,us200025u4,2025-12-22T17:06:12.205Z,"92 km SW of Sarangani, Philippines",earthquake,7,1.9,0.062,25,reviewed,us,us
2015-04-11T20:04:41.650Z,5.6988,126.4185,83.16,4.1,mb,,137,1.597,0.64,us,us200027bc,2015-06-22T23:18:57.040Z,"77 km SSE of Pondaguitan, Philippines",earthquake,11.1,10.9,0.197,7,reviewed,us,us
2015-04-17T04:14:46.170Z,6.0136,126.2264,68.27,4,mb,,191,1.23,0.26,us,us200028kp,2015-06-26T23:15:54.040Z,"38 km S of Pondaguitan, Philippines",earthquake,14.9,12.8,0.231,5,reviewed,us,us
2015-04-18T20:42:56.750Z,6.5927,125.909,159.51,4.4,mb,,106,0.576,0.95,us,us200028u3,2015-06-26T23:15:56.040Z,"19 km WSW of Sigaboy, Philippines",earthquake,8.7,5,0.097,31,reviewed,us,us
2015-04-23T18:22:21.120Z,5.224,125.5097,192.26,4.4,mb,,116,1.834,0.78,us,us20002a6l,2015-07-03T00:23:37.040Z,"20 km SSE of Sarangani, Philippines",earthquake,9.5,8.6,0.108,25,reviewed,us,us
2015-04-25T17:22:42.670Z,6.2276,125.9433,138.37,4.3,mb,,168,0.911,0.75,us,us20002bgt,2015-07-03T00:23:40.040Z,"28 km ENE of Lapuan, Philippines",earthquake,13.5,13.4,0.178,9,reviewed,us,us
2015-04-27T12:05:00.160Z,6.0417,126.0351,165.24,4.5,mb,,109,1.117,0.61,us,us200029k3,2015-07-03T00:23:44.040Z,"37 km E of Lamitan, Philippines",earthquake,8.6,6.8,0.093,35,reviewed,us,us
2015-04-30T16:49:37.090Z,5.8019,126.2407,128.26,4.5,mb,,69,1.42,1.35,us,us20002ahh,2015-07-09T22:00:03.040Z,"62 km S of Pondaguitan, Philippines",earthquake,7.2,7.1,0.09,36,reviewed,us,us
2015-05-02T09:02:42.150Z,6.1559,124.3665,37.69,4.7,mb,,64,1.508,0.91,us,us20002aud,2022-07-31T03:33:25.872Z,"4 km NNE of Malisbeng, Philippines",earthquake,3.7,7.1,0.06,84,reviewed,us,us
2015-05-04T17:38:28.520Z,5.9242,125.9763,140.4,4.1,mb,,130,1.204,0.68,us,us20002elp,2015-07-09T22:00:10.040Z,"33 km ESE of Mangili, Philippines",earthquake,12.1,14.4,0.185,8,reviewed,us,us
2015-05-07T10:47:39.460Z,5.157,125.7912,66.14,4,mb,,133,1.911,1.06,us,us100029dc,2015-07-17T07:05:55.040Z,"45 km SE of Sarangani, Philippines",earthquake,10.7,11.2,0.182,8,reviewed,us,us
2015-05-07T12:32:51.120Z,4.5712,126.4319,116.21,4.6,mb,,86,2.623,0.91,us,us20002dd3,2015-07-17T07:05:56.040Z,"141 km SE of Sarangani, Philippines",earthquake,6,7.4,0.088,39,reviewed,us,us
2015-05-12T18:16:26.170Z,6.4423,126.173,54.85,4.4,mb,,110,0.858,1.06,us,us20002er8,2015-07-17T07:06:12.040Z,"6 km ESE of Nangan, Philippines",earthquake,7.9,7.1,0.086,39,reviewed,us,us
2015-05-21T01:07:28.400Z,6.04,125.8665,161.65,4.4,mb,,79,1.062,0.65,us,us10002b0h,2015-07-29T01:35:29.040Z,"18 km ESE of Lamitan, Philippines",earthquake,7.8,5,0.083,42,reviewed,us,us
2015-05-21T02:51:02.030Z,5.3814,126.116,134.84,4.2,mb,,153,6.807,0.7,us,us20002ky2,2015-07-29T01:35:30.040Z,"72 km E of Sarangani, Philippines",earthquake,12.4,8.6,0.199,7,reviewed,us,us
2015-05-21T12:14:04.180Z,7.3926,123.8436,598.23,4.4,mb,,66,5.751,0.77,us,us20002kys,2015-07-29T01:35:30.040Z,"22 km WNW of Litayan, Philippines",earthquake,11.6,7.3,0.117,21,reviewed,us,us
2015-05-26T09:05:34.280Z,5.7497,125.9489,91.85,4.2,mb,,118,1.361,0.42,us,us20002mal,2015-07-29T01:35:44.040Z,"38 km ESE of Caburan, Philippines",earthquake,9.2,9.4,0.159,11,reviewed,us,us
2015-05-27T11:47:57.950Z,5.7674,126.1976,75.97,4.9,mb,,59,1.432,0.84,us,us10002cjg,2022-07-31T09:41:31.852Z,"62 km ESE of Mangili, Philippines",earthquake,7.8,7,0.046,150,reviewed,us,us
2015-05-30T01:40:22.640Z,7.3515,123.8557,587.23,3,mb,,41,1.732,1.02,us,us20002kgc,2015-08-08T00:49:09.040Z,"19 km W of Litayan, Philippines",earthquake,10.7,6.2,0.054,101,reviewed,us,us
2015-06-09T15:02:35.670Z,5.8083,126.4295,100.55,4.4,mb,,91,1.511,0.98,us,us10002k8v,2015-08-10T13:08:27.040Z,"67 km SSE of Pondaguitan, Philippines",earthquake,8.3,6.1,0.105,26,reviewed,us,us
2015-06-12T13:17:18.450Z,7.0836,124.0155,147.03,4.2,mb,,136,6.752,1.38,us,us10002ld9,2015-08-20T00:43:55.040Z,"11 km NW of Rimpeso, Philippines",earthquake,15.9,5.2,0.132,16,reviewed,us,us
2015-06-15T16:06:14.890Z,6.3503,126.2347,130.8,4.3,mb,,91,0.966,0.78,us,us10002lye,2015-08-20T00:43:58.040Z,"6 km E of Pondaguitan, Philippines",earthquake,11,7.3,0.11,23,reviewed,us,us
2015-06-16T16:25:06.340Z,7.5193,125.7669,48.16,4.4,mb,,115,0.484,0.85,us,us20002qcq,2015-08-20T00:44:00.040Z,"2 km ESE of Buclad, Philippines",earthquake,8,8.4,0.126,18,reviewed,us,us
2015-06-21T23:14:11.490Z,5.1068,125.8352,123.62,4.5,mb,,92,1.966,0.9,us,us10002np8,2015-09-01T00:53:53.040Z,"52 km SE of Sarangani, Philippines",earthquake,9,8.2,0.085,40,reviewed,us,us
2015-06-21T23:55:41.930Z,4.5307,124.891,73.91,4.4,mb,,134,2.613,0.94,us,us10002np9,2015-09-01T00:53:53.040Z,"115 km SSW of Sarangani, Philippines",earthquake,11.1,7.3,0.155,12,reviewed,us,us
2015-06-22T06:12:43.770Z,6.654,126.0173,10,4.5,mb,,159,0.599,0.77,us,us20002w0d,2015-09-01T00:53:53.040Z,"6 km W of Sigaboy, Philippines",earthquake,7.8,1.7,0.171,10,reviewed,us,us
2015-07-01T16:05:10.020Z,4.7383,123.8459,476.79,4.1,mb,,101,2.887,0.79,us,us20002xqs,2015-09-02T22:37:27.040Z,"161 km SSW of Maitum, Philippines",earthquake,14.8,10.4,0.12,19,reviewed,us,us
2015-07-12T14:23:41.360Z,5.0572,125.1146,56.04,4.4,mb,,127,2.052,0.94,us,us10002wv3,2015-10-09T20:19:14.040Z,"54 km SW of Sarangani, Philippines",earthquake,5.6,9.5,0.117,21,reviewed,us,us
2015-07-16T01:44:44.480Z,7.0782,123.0394,37.38,4.4,mb,,68,2.52,0.76,us,us200030lt,2015-10-14T21:05:35.040Z,"33 km SE of Olutanga, Philippines",earthquake,7.1,8.2,0.135,16,reviewed,us,us
2015-07-16T19:22:31.460Z,5.19,125.3548,50.45,4.3,mb,,116,1.88,0.9,us,us10002y6w,2015-10-14T21:05:37.040Z,"26 km SSW of Sarangani, Philippines",earthquake,7.8,11.8,0.137,15,reviewed,us,us
2015-07-18T09:45:08.300Z,5.8956,125.7211,165.53,4.5,mb,,135,1.174,0.75,us,us1000306v,2015-10-14T21:05:41.040Z,"9 km ESE of Caburan, Philippines",earthquake,9.9,4.9,0.156,12,reviewed,us,us
2015-07-20T05:02:51.950Z,4.5764,125.8753,110.05,4.5,mb,,137,2.494,1.2,us,us100030t0,2015-10-14T21:05:46.040Z,"102 km SSE of Sarangani, Philippines",earthquake,7.2,10,0.139,15,reviewed,us,us
2015-07-20T21:06:25.520Z,6.0596,125.9375,154.52,4.3,mb,,156,1.064,1.12,us,us100030td,2015-10-14T21:05:47.040Z,"26 km E of Lamitan, Philippines",earthquake,13,8.1,0.133,16,reviewed,us,us
2015-07-27T05:21:39.670Z,5.9575,125.7471,121.45,4.3,mb,,117,1.117,1.33,us,us100032bd,2015-10-22T20:05:03.040Z,"8 km SE of Mangili, Philippines",earthquake,7.8,9.2,0.147,13,reviewed,us,us
2015-07-28T18:51:06.620Z,4.9127,123.109,582.8,4.8,mb,,29,3.259,0.91,us,us200030y6,2015-10-22T20:05:11.040Z,"182 km SE of Tabiauan, Philippines",earthquake,9.3,7,0.05,123,reviewed,us,us
2015-07-30T20:42:52.460Z,7.551,125.8706,24.37,4.3,mb,,134,0.558,1.15,us,us10003358,2015-10-30T02:47:38.040Z,"4 km NE of New Bohol, Philippines",earthquake,10.9,3.9,0.129,17,reviewed,us,us
2015-07-31T01:45:10.820Z,6.3348,126.3765,65.17,4.4,mb,,118,1.077,0.74,us,us10002wrf,2015-10-30T02:47:39.040Z,"Mindanao, Philippines",earthquake,7.6,8.2,0.109,24,reviewed,us,us
2015-08-01T15:17:41.870Z,7.6354,125.4864,33.28,4.7,mb,,68,0.569,0.94,us,us10002x51,2022-07-31T21:54:45.291Z,"15 km W of Santo Niño, Philippines",earthquake,9.1,3.4,0.088,39,reviewed,us,us
2015-08-01T17:42:24.510Z,7.8249,125.4407,19.17,4.2,mb,,158,0.762,0.55,us,us100033mh,2015-10-30T02:47:42.040Z,"15 km SE of Halapitan, Philippines",earthquake,17.1,8.4,0.187,9,reviewed,us,us
2015-08-02T00:52:40.640Z,7.3502,125.4252,43.47,4.1,mb,,179,0.317,0.42,us,us100033p6,2015-10-30T02:47:43.040Z,"12 km N of Tuli, Philippines",earthquake,9.7,4.2,0.165,10,reviewed,us,us
2015-08-04T14:43:49.000Z,7.4518,126.4366,158.17,4.5,mb,,106,0.931,0.89,us,us100033zd,2015-10-30T02:47:48.040Z,"12 km W of San Luis, Philippines",earthquake,10.8,2.5,0.118,21,reviewed,us,us
2015-08-04T23:49:10.490Z,4.7205,125.0661,205.04,4.2,mb,,145,2.389,0.93,us,us100033zt,2015-10-30T02:47:49.040Z,"87 km SSW of Sarangani, Philippines",earthquake,10.4,7.8,0.152,12,reviewed,us,us
2015-08-11T23:39:56.710Z,6.1127,125.8661,125.55,4,mb,,120,0.992,1.19,us,us100035db,2015-11-06T18:06:31.040Z,"18 km E of Lamitan, Philippines",earthquake,9.6,7.9,0.183,8,reviewed,us,us
2015-08-18T00:15:47.020Z,4.5352,123.9523,448.67,4.7,mb,,38,2.993,0.7,us,us1000331n,2015-11-17T00:13:34.040Z,"176 km SSW of Tambilil, Philippines",earthquake,9,5.7,0.053,109,reviewed,us,us
2015-08-19T02:17:05.470Z,4.5326,125.7896,184.12,4.4,mb,,173,4.054,0.74,us,us20003gcl,2015-11-17T00:13:36.040Z,"102 km SSE of Sarangani, Philippines",earthquake,15,11.3,0.143,14,reviewed,us,us
2015-08-22T14:29:08.420Z,4.692,125.1505,33.71,4.4,mb,,95,5.628,0.84,us,us20003ggs,2015-11-24T02:09:28.040Z,"85 km SSW of Sarangani, Philippines",earthquake,13.8,5,0.134,16,reviewed,us,us
2015-08-30T22:00:56.100Z,5.5903,126.4521,124.48,4.4,mb,,106,1.706,0.72,us,us1000367d,2015-12-01T00:36:04.040Z,"90 km SSE of Pondaguitan, Philippines",earthquake,5.6,8.3,0.124,19,reviewed,us,us
2015-09-09T00:52:20.330Z,6.1445,125.6714,117.43,4.1,mb,,89,0.923,0.64,us,us20003mtu,2015-12-05T01:40:37.040Z,"3 km W of Lapuan, Philippines",earthquake,10.3,5.5,0.101,27,reviewed,us,us
2015-09-12T12:06:59.160Z,5.4316,125.8812,105.3,4.9,mb,,75,1.654,0.68,us,us20003j0e,2016-11-10T21:51:39.817Z,"46 km E of Sarangani, Philippines",earthquake,6,4.9,0.058,92,reviewed,us,us
2015-09-15T04:13:32.180Z,6.2724,125.8438,151.18,4.3,mb,,134,0.834,0.49,us,us20003p2s,2015-12-12T00:42:53.040Z,"19 km E of Talagutong, Philippines",earthquake,13.4,9.1,0.177,9,reviewed,us,us
2015-09-17T08:34:52.460Z,5.1162,125.3265,72.61,4.7,mb,,47,1.956,1.06,us,us20003kja,2015-12-21T23:16:15.040Z,"35 km SSW of Sarangani, Philippines",earthquake,8.2,8,0.098,32,reviewed,us,us
2015-09-23T12:02:04.640Z,6.0156,125.6,48.72,4.4,mb,,109,1.047,1.02,us,us10003le1,2015-12-21T23:16:34.040Z,"8 km NW of Culaman, Philippines",earthquake,7.7,7.8,0.117,26,reviewed,us,us
2015-09-26T17:23:26.830Z,5.2649,123.7966,516,5.5,mwb,,31,2.521,1.06,us,us20003pci,2022-05-03T17:32:26.296Z,"112 km SSW of Malisbeng, Philippines",earthquake,6.3,1.9,0.056,31,reviewed,us,us
2015-10-01T21:28:50.520Z,6.0499,125.9073,159.34,4.2,mb,,139,1.064,0.78,us,us10003n90,2016-01-04T22:28:39.040Z,"23 km E of Lamitan, Philippines",earthquake,11.9,8.3,0.127,17,reviewed,us,us
2015-10-03T08:12:05.920Z,5.7906,126.3829,117.86,4.3,mb,,154,1.5,0.63,us,us10003nbz,2016-01-04T22:28:53.040Z,"67 km SSE of Pondaguitan, Philippines",earthquake,12.8,9.5,0.143,14,reviewed,us,us
2015-10-08T06:25:39.770Z,5.3867,126.0207,99.03,4.5,mb,,122,4.777,0.66,us,us10003p34,2016-01-11T21:07:15.040Z,"61 km E of Sarangani, Philippines",earthquake,12.6,7.8,0.135,19,reviewed,us,us
2015-10-20T23:58:24.830Z,5.7436,125.8646,84.66,4.4,mb,,110,1.347,0.81,us,us10003q3v,2016-01-15T20:51:29.040Z,"31 km SE of Caburan, Philippines",earthquake,10.2,7.6,0.096,31,reviewed,us,us
2015-10-21T11:24:07.030Z,6.4161,123.6752,624.28,4.3,mb,,146,12.621,0.75,us,us10003rxj,2016-01-15T20:51:33.040Z,"40 km W of Sangay, Philippines",earthquake,11.1,12.6,0.101,28,reviewed,us,us
2015-10-21T11:33:24.610Z,4.8623,126.1898,84.45,4.6,mb,,103,2.275,0.33,us,us10003q69,2016-01-15T20:51:33.040Z,"100 km SE of Sarangani, Philippines",earthquake,8.8,7.5,0.105,27,reviewed,us,us
2015-10-27T02:32:42.380Z,6.1323,125.3883,65.75,4.5,mb,,110,0.95,0.55,us,us10003rq4,2022-08-01T14:00:02.905Z,"7 km N of Suyan, Philippines",earthquake,7.2,7.6,0.097,31,reviewed,us,us
2015-11-05T11:52:49.680Z,4.8263,123.068,569.65,4.6,mb,,57,3.347,0.72,us,us10003uv8,2016-02-05T03:16:30.040Z,"186 km SE of Tabiauan, Philippines",earthquake,9.9,7.3,0.065,71,reviewed,us,us
2015-11-06T17:33:24.710Z,7.2054,125.5855,31.15,4.7,mb,,90,0.135,0.94,us,us10003vb6,2022-08-01T16:13:25.271Z,"3 km WSW of Mahayag, Philippines",earthquake,6.9,5.4,0.079,49,reviewed,us,us
2015-11-07T11:27:12.050Z,5.1484,125.3597,183.27,4.4,mb,,107,1.921,0.79,us,us10003x1u,2016-02-05T03:16:34.040Z,"30 km SSW of Sarangani, Philippines",earthquake,9.8,3.4,0.107,25,reviewed,us,us
2015-11-07T12:29:15.200Z,5.3892,125.5322,134.97,4.9,mb,,73,1.67,0.65,us,us10003vjk,2016-02-05T03:16:34.040Z,"7 km ESE of Sarangani, Philippines",earthquake,5.5,6.3,0.062,82,reviewed,us,us
2015-11-13T04:40:43.970Z,5.4138,126.3236,58.57,4.3,mb,,133,1.803,0.68,us,us10003yyd,2016-02-13T02:08:18.040Z,"93 km SE of Caburan, Philippines",earthquake,7.2,10.4,0.133,16,reviewed,us,us
2015-11-14T12:46:08.360Z,5.6331,125.6676,199.76,4.5,mb,,84,1.429,0.88,us,us10003yc9,2016-02-13T02:08:21.040Z,"21 km ESE of Kalbay, Philippines",earthquake,10.2,7.1,0.096,32,reviewed,us,us
2015-11-15T05:28:04.720Z,4.6165,126.16,42.43,4.4,mb,,136,2.504,0.43,us,us10003zb5,2016-02-13T02:08:22.040Z,"116 km SE of Sarangani, Philippines",earthquake,8.3,15.8,0.155,12,reviewed,us,us
2015-11-19T08:04:19.900Z,6.4993,123.9167,569.03,4.4,mb,,78,1.745,0.69,us,us10003zh9,2016-02-18T04:48:43.040Z,"13 km WSW of Bantogon, Philippines",earthquake,11.7,3.9,0.1,29,reviewed,us,us
2015-11-21T02:49:21.570Z,5.8702,126.2123,70.63,4.5,mb,,117,1.347,0.8,us,us1000401e,2016-02-18T04:48:47.040Z,"54 km S of Pondaguitan, Philippines",earthquake,6.2,7,0.108,25,reviewed,us,us
2015-11-21T11:50:48.930Z,5.9973,126.0482,102.97,4,mb,,183,1.162,0.45,us,us10004186,2016-02-18T04:48:47.040Z,"39 km ESE of Lamitan, Philippines",earthquake,7.5,9.9,0.149,12,reviewed,us,us
2015-11-22T03:36:48.740Z,5.332,125.3755,199.04,4.8,mb,,45,1.738,1.06,us,us1000409g,2022-08-01T19:22:51.446Z,"12 km SW of Sarangani, Philippines",earthquake,5.8,6,0.061,87,reviewed,us,us
2015-11-25T22:56:42.670Z,4.77,126.3537,57.15,4.4,mb,,111,2.411,1.07,us,us100041s3,2016-02-18T04:48:56.040Z,"121 km SE of Sarangani, Philippines",earthquake,6.7,7.5,0.098,30,reviewed,us,us
2015-11-30T01:12:22.990Z,5.61,126.4775,66.94,4.3,mb,,191,1.703,0.91,us,us10004326,2016-02-25T22:33:01.040Z,"89 km SSE of Pondaguitan, Philippines",earthquake,13.5,8.6,0.137,15,reviewed,us,us
2015-12-06T13:41:38.370Z,6.1982,126.2767,145.3,4.4,mb,,129,1.109,1.2,us,us20004fxz,2016-03-02T03:36:34.040Z,"21 km SSE of Pondaguitan, Philippines",earthquake,10.6,1.2,0.112,23,reviewed,us,us
2015-12-07T14:08:41.940Z,6.0867,125.9174,141.31,4.2,mb,,108,1.032,0.7,us,us20004g62,2016-03-02T03:36:37.040Z,"23 km E of Lamitan, Philippines",earthquake,11.7,8.6,0.127,17,reviewed,us,us
2015-12-10T07:36:26.340Z,6.592,126.0719,56.88,4.8,mb,,88,0.681,0.76,us,us20004g2x,2016-03-05T01:42:00.040Z,"5 km NNW of Magdug, Philippines",earthquake,5.4,6.2,0.085,43,reviewed,us,us
2015-12-10T10:00:05.010Z,6.5737,126.1333,66.19,4.6,mb,,118,0.738,1.31,us,us20004g3h,2016-03-05T01:42:00.040Z,"5 km NE of Magdug, Philippines",earthquake,8,7,0.088,39,reviewed,us,us
2015-12-13T07:42:27.210Z,5.6707,123.635,573.45,4.1,mb,,144,5.137,0.46,us,us100047w0,2016-03-05T01:42:05.040Z,"85 km SW of Palimbang, Philippines",earthquake,15.2,10.9,0.109,23,reviewed,us,us
2015-12-16T07:51:18.570Z,6.0914,125.95,80.15,4.4,mb,,113,1.039,1.31,us,us20004hih,2016-03-05T01:42:09.040Z,"27 km E of Lamitan, Philippines",earthquake,10.2,4.4,0.134,16,reviewed,us,us
2015-12-19T23:30:15.670Z,6.5745,125.9422,76.5,4.3,mb,,128,0.61,0.63,us,us100048ve,2016-03-12T02:29:18.040Z,"16 km WSW of Sigaboy, Philippines",earthquake,13.8,8.1,0.154,12,reviewed,us,us
2015-12-20T19:13:51.470Z,5.9289,126.1694,121.28,4,mb,,167,1.276,1.24,us,us1000492k,2016-03-12T02:29:19.040Z,"47 km S of Pondaguitan, Philippines",earthquake,8.6,16.9,0.15,12,reviewed,us,us
2015-12-21T11:25:01.030Z,4.5321,123.4402,520.15,4.1,mb,,103,4.312,0.33,us,us10004992,2016-03-12T02:29:20.040Z,"202 km SSW of Malisbeng, Philippines",earthquake,16.9,9.2,0.144,13,reviewed,us,us
2015-12-22T00:15:47.970Z,5.7766,124.453,60.02,4.6,mb,,109,1.703,0.61,us,us1000499q,2016-03-12T02:29:21.040Z,"29 km S of Maitum, Philippines",earthquake,9.7,5,0.274,4,reviewed,us,us
2015-12-25T21:41:00.980Z,5.2557,125.7618,51.75,4.9,mb,,66,1.811,0.95,us,us100049jb,2016-03-18T01:13:01.040Z,"36 km ESE of Sarangani, Philippines",earthquake,7.1,6.8,0.061,84,reviewed,us,us
2015-12-26T00:29:16.450Z,5.261,125.7709,89.42,4.6,mb,,99,1.807,0.78,us,us10004bgr,2016-03-18T01:13:01.040Z,"37 km ESE of Sarangani, Philippines",earthquake,7.3,5.8,0.081,46,reviewed,us,us
2015-12-26T03:31:37.500Z,5.7701,126.144,105.68,4.5,mb,,125,1.407,0.73,us,us10004bgw,2016-03-18T01:13:01.040Z,"57 km ESE of Mangili, Philippines",earthquake,6.4,7.8,0.144,14,reviewed,us,us
2015-12-27T10:13:35.480Z,6.328,125.4488,66.11,4.6,mb,,70,0.748,0.94,us,us100049vi,2016-03-18T01:13:03.040Z,"14 km WSW of Bolila, Philippines",earthquake,5.1,7.7,0.11,25,reviewed,us,us
2015-12-28T01:31:17.420Z,6.1523,126.2288,31.06,4.6,mb,,79,1.116,0.87,us,us10004a0m,2016-03-18T01:13:04.040Z,"23 km SSE of Pondaguitan, Philippines",earthquake,8.1,4.3,0.085,41,reviewed,us,us
2016-01-01T19:16:32.310Z,6.2071,123.9268,548.91,4,mb,,73,5.498,0.71,us,us10004dde,2016-03-28T22:09:32.040Z,"29 km W of Palimbang, Philippines",earthquake,12.9,11.1,0.116,22,reviewed,us,us
2016-01-03T07:52:01.930Z,6.1823,126.0943,75.64,4.4,mb,,120,1.019,0.81,us,us10004dz4,2016-03-28T22:09:34.040Z,"21 km SSW of Pondaguitan, Philippines",earthquake,11.3,9.5,0.134,16,reviewed,us,us
2016-01-07T21:37:07.350Z,4.6122,125.0506,37.6,4.5,mb,,102,2.497,0.82,us,us10004c7z,2016-03-28T22:09:45.040Z,"98 km SSW of Sarangani, Philippines",earthquake,6.7,7.4,0.084,41,reviewed,us,us
2016-01-13T07:48:42.030Z,5.6419,125.4375,191.05,4.8,mb,,99,1.425,1.18,us,us10004dyf,2022-08-02T04:57:15.195Z,"1 km NNE of Nuing, Philippines",earthquake,8.6,4,0.078,51,reviewed,us,us
2016-01-14T05:55:35.170Z,5.776,126.171,98.3,4.5,mb,,103,5.112,0.73,us,us10004eei,2016-03-30T02:27:59.040Z,"59 km ESE of Mangili, Philippines",earthquake,4.7,7.8,0.099,30,reviewed,us,us
2016-01-20T04:52:28.620Z,6.7078,125.7253,61.91,4.2,mb,,148,0.387,0.61,us,us20004uqf,2016-04-06T17:30:28.040Z,"Mindanao, Philippines",earthquake,11.4,8.7,0.159,11,reviewed,us,us
2016-01-23T22:08:15.880Z,5.0055,125.7598,156.62,4.3,mb,,110,2.058,0.83,us,us20004vah,2016-04-08T23:06:10.040Z,"54 km SE of Sarangani, Philippines",earthquake,4.6,8.3,0.109,24,reviewed,us,us
2016-01-26T14:36:55.400Z,6.7689,123.6747,600.02,4.4,mb,,130,5.386,0.71,us,us20004upt,2016-04-08T23:06:16.040Z,"38 km W of Gadung, Philippines",earthquake,5.3,10,0.082,43,reviewed,us,us
2016-01-28T01:27:11.130Z,4.7719,123.7607,507.01,4.2,mb,,88,2.912,0.65,us,us20004v80,2016-04-08T23:06:18.040Z,"162 km SSW of Maitum, Philippines",earthquake,6.9,10.5,0.102,27,reviewed,us,us
2016-02-03T16:05:12.140Z,6.35,125.5448,66.96,4.6,mb,,75,0.715,1.16,us,us20004wtr,2016-04-14T22:51:42.040Z,"3 km SW of Bolila, Philippines",earthquake,3.6,6.4,0.077,50,reviewed,us,us
2016-02-05T00:38:10.960Z,6.1165,125.9979,127.46,4.4,mb,,155,1.034,1.01,us,us20004z2e,2016-04-19T01:33:18.040Z,"32 km E of Lamitan, Philippines",earthquake,10.9,14.5,0.178,9,reviewed,us,us
2016-02-09T03:33:28.600Z,5.7286,124.2105,497.73,4.1,mb,,168,5.713,0.56,us,us20004zqw,2016-04-19T01:33:26.040Z,"45 km SSW of Maguling, Philippines",earthquake,14.9,14.4,0.174,9,reviewed,us,us
2016-02-09T10:49:14.430Z,4.6531,125.1065,54.83,4.3,mb,,106,2.446,0.77,us,us20004zr2,2016-04-19T01:33:26.040Z,"91 km SSW of Sarangani, Philippines",earthquake,5.9,9.5,0.142,14,reviewed,us,us
2016-02-12T00:28:42.970Z,7.947,126.4746,95.11,4.1,mb,,105,1.244,1,us,us200050kx,2016-04-26T23:28:16.040Z,"5 km SSE of Santa Maria, Philippines",earthquake,12.4,8,0.112,22,reviewed,us,us
2016-02-13T00:59:21.730Z,6.7459,123.766,581.86,4.7,mb,,44,1.828,0.66,us,us20004zvx,2016-04-26T23:28:18.040Z,"28 km WSW of Gadung, Philippines",earthquake,8.9,2.5,0.043,165,reviewed,us,us
2016-02-13T19:59:17.550Z,5.4329,126.4917,86.43,4.6,mb,,93,1.862,0.76,us,us20004zzv,2016-04-26T23:28:19.040Z,"108 km SSE of Pondaguitan, Philippines",earthquake,7.7,6.2,0.059,86,reviewed,us,us
2016-02-15T15:14:30.390Z,5.8764,125.191,48.32,4.7,mb,,105,1.246,0.66,us,us10004qts,2022-08-02T13:41:44.581Z,"3 km W of Tañgo, Philippines",earthquake,7.2,5.7,0.064,74,reviewed,us,us
2016-02-15T20:07:11.890Z,5.9614,125.7663,75.98,4.3,mb,,115,1.116,0.89,us,us10004qtr,2016-04-26T23:28:23.040Z,"10 km ESE of Mangili, Philippines",earthquake,6.9,6.6,0.109,24,reviewed,us,us
2016-02-18T12:38:21.790Z,5.7642,126.3856,116.65,4.4,mb,,114,1.524,0.86,us,us10004rr6,2016-04-26T23:28:26.040Z,"69 km SSE of Pondaguitan, Philippines",earthquake,7.8,8.7,0.12,20,reviewed,us,us
2016-02-21T23:33:43.240Z,5.334,125.6094,203.04,4.2,mb,,92,1.724,0.53,us,us10004sdj,2016-05-03T23:44:16.040Z,"17 km ESE of Sarangani, Philippines",earthquake,10.2,8.1,0.128,17,reviewed,us,us
2016-02-24T07:16:20.820Z,6.0406,126.4011,89.05,4.3,mb,,115,1.308,0.5,us,us10004sy9,2016-05-03T23:44:19.040Z,"43 km SE of Pondaguitan, Philippines",earthquake,14.7,5.8,0.202,7,reviewed,us,us
2016-02-28T09:06:25.650Z,5.2757,125.3322,175.44,5.5,mww,,22,1.799,1.16,us,us10004taw,2022-08-07T10:03:49.061Z,"20 km SW of Sarangani, Philippines",earthquake,7.3,4.4,,,reviewed,us,us
2016-03-05T18:16:33.890Z,7.247,125.8046,46.23,4,mb,,104,0.284,1.25,us,us10004wbx,2016-05-16T18:01:44.040Z,"5 km SW of Tagnanan, Philippines",earthquake,9.7,7.1,0.15,14,reviewed,us,us
2016-03-08T19:42:34.020Z,6.6632,125.5936,180.74,4.7,mb,,50,0.404,0.95,us,us10004w4d,2016-05-16T18:01:48.040Z,"17 km ENE of Tanlad, Philippines",earthquake,7.3,3.4,0.044,158,reviewed,us,us
2016-03-10T12:55:17.260Z,6.2491,126.0775,113.51,4.1,mb,,89,5.591,0.6,us,us10004xt0,2016-05-16T18:01:50.040Z,"16 km SW of Pondaguitan, Philippines",earthquake,10.7,5.5,0.126,17,reviewed,us,us
2016-03-15T08:34:16.030Z,7.8847,126.3931,142.4,4.5,mb,,72,1.143,0.78,us,us20005arj,2016-05-21T00:05:32.040Z,"3 km ENE of Boston, Philippines",earthquake,11.3,5.7,0.082,43,reviewed,us,us
2016-03-16T12:04:52.550Z,4.6688,125.006,10,5.2,mb,,31,2.452,0.89,us,us20005a5k,2022-05-03T18:01:55.154Z,"95 km SSW of Sarangani, Philippines",earthquake,6.4,1.8,0.045,162,reviewed,us,us
2016-03-16T13:09:52.810Z,4.725,125.1481,10,5.5,mww,,73,2.368,0.91,us,us20005a5n,2022-05-03T19:08:18.353Z,"82 km SSW of Sarangani, Philippines",earthquake,6.9,1.8,,,reviewed,us,us
2016-03-16T13:16:30.750Z,4.6039,125.0244,10,4.8,mb,,101,2.511,1.24,us,us20005asp,2016-05-21T00:05:33.040Z,"100 km SSW of Sarangani, Philippines",earthquake,4.5,1.9,0.096,34,reviewed,us,us
2016-03-16T14:10:51.470Z,4.655,125.0873,10,4.7,mb,,106,2.448,0.82,us,us20005a5z,2016-05-21T00:05:33.040Z,"92 km SSW of Sarangani, Philippines",earthquake,3.3,1.9,0.099,31,reviewed,us,us
2016-03-18T09:53:48.590Z,6.138,126.1176,53.45,4.4,mb,,101,1.069,0.73,us,us20005bqx,2016-06-09T21:41:48.040Z,"25 km SSW of Pondaguitan, Philippines",earthquake,8.8,9,0.117,21,reviewed,us,us
2016-03-20T21:47:15.080Z,5.3201,125.4675,182.3,4.4,mb,,129,1.741,0.52,us,us20005bay,2016-06-09T21:41:53.040Z,"9 km S of Sarangani, Philippines",earthquake,9,5.1,0.088,37,reviewed,us,us
2016-03-23T19:04:21.290Z,4.8822,123.3129,568.14,4.1,mb,,151,4.518,0.64,us,us20005c2x,2016-06-09T21:41:57.040Z,"176 km SSW of Palimbang, Philippines",earthquake,14,8.3,0.09,34,reviewed,us,us
2016-03-29T08:18:32.640Z,5.5783,124.0831,503.15,4.7,mb,,58,5.527,0.96,us,us20005d4d,2016-06-10T23:32:56.040Z,"67 km SSW of Malisbeng, Philippines",earthquake,9.1,3.5,0.058,91,reviewed,us,us
2016-04-01T21:40:13.850Z,6.468,126.2835,80.04,4.2,mb,,117,0.92,0.94,us,us20005g2x,2016-06-17T21:44:54.040Z,"16 km NE of Pondaguitan, Philippines",earthquake,10.3,7.6,0.1,28,reviewed,us,us
2016-04-06T02:54:39.600Z,4.5424,124.2712,170.47,4.2,mb,,126,2.827,1.26,us,us20005i94,2016-06-17T21:45:42.040Z,"161 km SSW of Katubao, Philippines",earthquake,10.5,8.2,0.14,14,reviewed,us,us
2016-04-13T14:41:42.800Z,6.7183,126.4591,76.89,4.2,mb,,122,0.94,0.71,us,us20005kec,2016-06-21T01:14:11.040Z,"21 km SE of Bobon, Philippines",earthquake,10.8,9,0.147,13,reviewed,us,us
2016-04-14T01:56:25.700Z,5.4869,126.3732,76.77,4.4,mb,,137,1.759,0.61,us,us20005kur,2016-06-21T01:14:11.040Z,"94 km ESE of Caburan, Philippines",earthquake,9.1,8.8,0.19,8,reviewed,us,us
2016-04-15T22:57:19.880Z,7.3828,123.8666,606.67,4.4,mb,,93,5.768,0.88,us,us20005kzx,2016-06-27T23:01:45.040Z,"19 km WNW of Litayan, Philippines",earthquake,13.3,10.5,0.102,28,reviewed,us,us
2016-04-20T12:08:02.420Z,6.9458,123.5742,32.66,4.3,mb,,121,1.994,0.76,us,us10005ds3,2016-06-27T23:02:27.040Z,"51 km WNW of Gadung, Philippines",earthquake,9,5.9,0.143,14,reviewed,us,us
2016-04-24T09:09:26.410Z,5.0649,125.726,130.08,4.2,mb,,135,1.997,0.48,us,us10005dnk,2016-07-08T02:49:20.040Z,"47 km SE of Sarangani, Philippines",earthquake,7.3,8.3,0.121,19,reviewed,us,us
2016-04-25T16:19:02.960Z,6.8309,125.8876,10,4.3,mb,,91,0.387,0.57,us,us10005dvs,2016-07-08T02:49:22.040Z,"15 km WSW of Lupon, Philippines",earthquake,7.4,2,0.161,11,reviewed,us,us
2016-04-26T17:28:07.840Z,6.763,123.7219,557.72,4.6,mb,,142,5.429,0.82,us,us10005e1y,2016-07-08T02:49:24.040Z,"33 km W of Gadung, Philippines",earthquake,15.4,13.2,0.132,17,reviewed,us,us
2016-05-01T06:54:23.650Z,4.5436,126.3517,81.79,4.1,mb,,134,2.624,1.22,us,us10005gc3,2016-07-19T20:03:08.040Z,"136 km SE of Sarangani, Philippines",earthquake,9,11.5,0.14,14,reviewed,us,us
2016-05-01T07:22:50.180Z,7.6496,126.0205,41.86,4.8,mb,,61,0.723,0.78,us,us10005cts,2016-07-19T20:03:08.040Z,"3 km SSW of Cabinuangan, Philippines",earthquake,6.2,7,0.091,37,reviewed,us,us
2016-05-04T09:56:32.690Z,7.7006,125.8338,47.96,4.6,mb,,91,0.675,0.84,us,us10005dkr,2016-07-19T20:03:12.040Z,"2 km E of Kaligutan, Philippines",earthquake,7.8,5.6,0.075,53,reviewed,us,us
2016-05-08T06:58:43.770Z,4.8449,126.0926,91.18,4.1,mb,,135,2.268,0.72,us,us10005hz5,2016-07-20T18:10:48.040Z,"93 km SE of Sarangani, Philippines",earthquake,7.8,9.1,0.145,13,reviewed,us,us
2016-05-09T07:39:02.500Z,7.8564,126.42,140.38,4.6,mb,,102,1.142,0.68,us,us10005i7k,2016-07-20T18:10:50.040Z,"6 km ESE of Boston, Philippines",earthquake,11.8,1.2,0.077,50,reviewed,us,us
2016-05-09T16:31:06.550Z,4.8831,126.4449,80.32,4.3,mb,,88,2.336,0.51,us,us10005i7x,2016-07-20T18:10:50.040Z,"123 km ESE of Sarangani, Philippines",earthquake,5,8.1,0.103,27,reviewed,us,us
2016-05-17T13:58:19.880Z,6.0269,126.078,130.32,4.7,mb,,74,1.148,0.76,us,us10005hyl,2022-08-02T22:59:49.425Z,"38 km SSW of Pondaguitan, Philippines",earthquake,7.9,1.8,0.044,156,reviewed,us,us
2016-05-17T20:43:16.420Z,5.7118,125.9634,116.06,4.2,mb,,79,1.402,1.37,us,us10005jmd,2016-07-22T19:39:11.040Z,"42 km ESE of Caburan, Philippines",earthquake,9.6,8.4,0.128,20,reviewed,us,us
2016-05-22T02:44:28.600Z,6.9698,123.418,10,4.4,mb,,70,2.147,0.99,us,us20005yj7,2016-08-03T22:33:41.040Z,"51 km S of Panubigan, Philippines",earthquake,6.2,1.9,0.126,18,reviewed,us,us
2016-05-25T06:08:06.650Z,5.1652,125.1415,284,4.5,mb,,99,1.941,1.03,us,us20005xr0,2016-08-03T22:33:44.040Z,"44 km SW of Sarangani, Philippines",earthquake,8.3,7.2,0.067,66,reviewed,us,us
2016-06-01T03:23:57.330Z,4.7992,125.8918,190.23,4,mb,,133,2.277,0.7,us,us200062je,2016-08-10T22:30:30.040Z,"81 km SE of Sarangani, Philippines",earthquake,12.1,6.5,0.173,9,reviewed,us,us
2016-06-06T13:10:18.530Z,5.3013,126.4202,65.38,4.4,mb,,123,1.945,0.64,us,us200063kf,2016-08-18T00:36:32.040Z,"106 km E of Sarangani, Philippines",earthquake,10,7.3,0.13,17,reviewed,us,us
2016-06-07T12:23:12.490Z,6.0795,126.1002,79.37,4.3,mb,,133,1.111,0.83,us,us2000643y,2016-08-18T00:36:34.040Z,"32 km SSW of Pondaguitan, Philippines",earthquake,7.5,6.5,0.119,20,reviewed,us,us
2016-06-07T14:20:57.890Z,5.6797,126.2985,93.27,4.8,mb,,91,1.555,0.91,us,us200062j4,2016-08-18T00:36:34.040Z,"76 km S of Pondaguitan, Philippines",earthquake,7.9,5.2,0.045,153,reviewed,us,us
2016-06-11T10:11:38.790Z,6.5515,124.8221,373.01,4.5,mb,,44,0.911,0.73,us,us200063sy,2016-08-25T01:22:51.040Z,"3 km E of New Iloilo, Philippines",earthquake,8.3,5.4,0.051,114,reviewed,us,us
2016-06-13T14:55:12.200Z,5.542,126.1269,104.25,4.5,mb,,81,1.612,0.87,us,us20006434,2016-08-25T01:22:54.040Z,"68 km SE of Caburan, Philippines",earthquake,8,6.6,0.066,67,reviewed,us,us
2016-06-18T17:31:16.320Z,6.3734,124.0691,554.46,4.3,mb,,110,5.668,0.92,us,us2000669k,2016-08-27T02:15:28.040Z,"8 km SSE of Sangay, Philippines",earthquake,8,11.9,0.094,32,reviewed,us,us
2016-06-25T06:40:29.710Z,6.5759,126.1078,49.89,5.2,mww,,48,0.718,0.89,us,us200066ri,2022-05-03T17:51:50.862Z,"3 km NNE of Magdug, Philippines",earthquake,7.2,5.8,,,reviewed,us,us
2016-07-06T21:00:49.720Z,6.8435,126.2666,68.59,4.8,mb,,56,0.718,0.81,us,us100061fr,2016-09-02T21:36:40.040Z,"3 km W of Tamisan, Philippines",earthquake,7.8,4.9,0.049,129,reviewed,us,us
2016-07-09T07:27:40.930Z,5.2542,126.1124,93.98,4.5,mb,,113,1.879,0.98,us,us10006263,2016-09-08T01:50:24.040Z,"73 km ESE of Sarangani, Philippines",earthquake,9.1,7.9,0.113,23,reviewed,us,us
2016-07-14T21:35:26.030Z,4.805,126.1037,111.55,4.6,mb,,73,2.309,0.87,us,us20006esn,2016-09-08T01:50:32.040Z,"97 km SE of Sarangani, Philippines",earthquake,7.9,7.1,0.062,79,reviewed,us,us
2016-07-18T14:04:33.110Z,6.817,126.1756,54.27,4.2,mb,,173,0.643,0.84,us,us20006gqw,2016-09-17T01:27:50.040Z,"9 km ENE of Baon, Philippines",earthquake,9.6,9.4,0.128,17,reviewed,us,us
2016-07-21T22:15:05.810Z,4.5137,125.9597,116.82,4.1,mb,,172,6.177,0.71,us,us20006ht2,2016-09-17T01:27:53.040Z,"112 km SSE of Sarangani, Philippines",earthquake,13.9,10.5,0.166,10,reviewed,us,us
2016-07-23T07:54:15.660Z,5.7228,125.8508,107.27,4.2,mb,,122,1.365,0.91,us,us20006i3m,2016-09-24T22:47:16.040Z,"31 km SE of Caburan, Philippines",earthquake,10.7,9.2,0.124,18,reviewed,us,us
2016-07-24T10:38:23.990Z,5.0768,124.9868,38.67,4.2,mb,,240,4.892,0.33,us,us1000680i,2016-09-24T22:47:18.040Z,"64 km SW of Sarangani, Philippines",earthquake,9.9,25.4,0.16,11,reviewed,us,us
2016-07-25T05:51:03.210Z,7.7445,126.3313,10,4.3,mb,,178,1.003,0.58,us,us100068bu,2016-09-24T22:47:18.040Z,"10 km WSW of San Alfonso, Philippines",earthquake,6.4,2,0.188,8,reviewed,us,us
2016-07-30T21:03:16.840Z,6.0322,126.3465,53.06,4.6,mb,,108,1.282,0.8,us,us100068ve,2016-10-19T04:51:53.040Z,"40 km SSE of Pondaguitan, Philippines",earthquake,6.8,7.6,0.076,51,reviewed,us,us
2016-08-05T00:02:14.670Z,6.0317,126.4562,95.86,4.4,mb,,105,1.35,1.12,us,us10006a7a,2016-10-26T03:10:18.040Z,"47 km SE of Pondaguitan, Philippines",earthquake,9.6,7.9,0.083,42,reviewed,us,us
2016-08-06T09:08:23.610Z,6.1145,125.3072,87.83,5.4,mww,,24,0.986,1.28,us,us10006btr,2025-12-22T17:16:50.628Z,"2 km NE of Alabel, Philippines",earthquake,7,4.2,,,reviewed,us,us
2016-08-09T19:32:07.430Z,5.6989,126.2055,128.94,4.3,mb,,111,1.497,1.4,us,us10006cza,2016-10-26T03:10:24.040Z,"66 km ESE of Mangili, Philippines",earthquake,6,7.4,0.085,39,reviewed,us,us
2016-08-10T04:06:58.950Z,5.5673,125.7151,126.97,5.2,mwb,,47,1.498,0.98,us,us10006ci7,2025-12-22T17:32:29.315Z,"29 km SE of Kalbay, Philippines",earthquake,7.7,4.7,0.11,8,reviewed,us,us
2016-08-10T08:17:46.350Z,5.6682,125.3083,74.27,4.7,mb,,105,1.418,0.65,us,us10006cjn,2025-12-22T17:16:53.787Z,"4 km SE of Pangyan, Philippines",earthquake,8.3,7.6,0.064,75,reviewed,us,us
2016-08-13T22:21:15.270Z,6.2585,125.8931,131.08,4.4,mb,,180,0.864,0.9,us,us10006epl,2016-11-15T02:21:48.040Z,"24 km ENE of Lapuan, Philippines",earthquake,7.4,9.9,0.154,12,reviewed,us,us
2016-08-15T05:28:14.630Z,5.7452,125.8456,100.97,4.8,mb,,73,1.342,0.74,us,us10006dv8,2025-12-22T16:51:42.556Z,"29 km SE of Caburan, Philippines",earthquake,8.1,6.8,0.053,112,reviewed,us,us
2016-08-18T10:16:53.630Z,5.4732,125.9889,97.47,4.2,mb,,105,1.637,1.01,us,us10006gcu,2016-11-15T02:21:53.040Z,"58 km E of Sarangani, Philippines",earthquake,9.4,8.1,0.118,23,reviewed,us,us
2016-08-24T04:16:50.770Z,5.946,124.1059,534.04,4.4,mb,,81,1.84,0.96,us,us10006g8p,2016-11-19T04:58:37.040Z,"30 km SSW of Palimbang, Philippines",earthquake,11.5,9.1,0.097,31,reviewed,us,us
2016-08-29T21:21:54.550Z,5.2564,125.5695,178.56,4.4,mb,,106,1.801,1.32,us,us10006jlt,2016-11-29T01:28:46.040Z,"20 km SE of Sarangani, Philippines",earthquake,6.5,6.6,0.08,45,reviewed,us,us
2016-09-02T08:39:19.680Z,6.2822,123.7814,30.73,4.9,mb,,42,1.949,0.85,us,us10006jm5,2022-05-03T17:57:56.920Z,"34 km WSW of Sangay, Philippines",earthquake,7.6,6.4,0.073,59,reviewed,us,us
2016-09-02T11:56:50.700Z,6.3188,123.8538,10,4.5,mb,,70,1.869,1.04,us,us10006ki2,2016-12-03T02:54:34.040Z,"25 km WSW of Sangay, Philippines",earthquake,8,1.9,0.118,21,reviewed,us,us
2016-09-02T12:02:51.400Z,6.1556,123.9167,26.3,5,mb,,43,1.884,0.93,us,us10006jn0,2022-05-03T18:54:47.710Z,"30 km WSW of Palimbang, Philippines",earthquake,6.8,5.6,0.05,129,reviewed,us,us
2016-09-02T12:52:29.610Z,6.1677,123.8083,10,4.1,mb,,95,1.974,0.79,us,us10006ki4,2016-12-03T02:54:35.040Z,"40 km SW of Sangay, Philippines",earthquake,8.7,1.6,0.158,11,reviewed,us,us
2016-09-02T18:43:53.820Z,6.2689,123.8686,50.62,4.4,mb,,44,1.876,0.85,us,us10006kil,2016-12-03T02:54:35.040Z,"27 km SW of Sangay, Philippines",earthquake,6.3,8.6,0.087,38,reviewed,us,us
2016-09-03T00:26:45.480Z,6.5008,123.7313,41.7,4.3,mb,,68,1.92,1.33,us,us10006mer,2016-12-03T02:54:36.040Z,"33 km W of Bantogon, Philippines",earthquake,9.4,9.6,0.129,17,reviewed,us,us
2016-09-03T00:29:09.130Z,6.4001,123.9716,43.67,4.5,mb,,69,1.729,0.85,us,us10006mep,2016-12-03T02:54:36.040Z,"9 km WSW of Sangay, Philippines",earthquake,8.4,7.3,0.078,48,reviewed,us,us
2016-09-16T07:50:46.450Z,5.6811,125.5009,193,5.4,mww,,27,1.381,0.94,us,us10006q1w,2022-05-03T17:59:22.822Z,"4 km S of Kalbay, Philippines",earthquake,7.8,1.9,,,reviewed,us,us
2016-09-23T22:53:10.400Z,6.5717,126.4918,65,6.3,mww,,13,1.032,0.93,us,us10006s4v,2022-05-03T18:00:17.873Z,"36 km SE of Tamisan, Philippines",earthquake,2.3,1.8,,,reviewed,us,us
2016-09-24T03:16:47.480Z,6.1241,126.1937,35,4.2,mb,,190,1.12,1.39,us,us10006uyy,2016-12-14T03:17:45.040Z,"26 km S of Pondaguitan, Philippines",earthquake,14.8,2,0.159,11,reviewed,us,us
2016-09-24T06:21:51.910Z,6.5897,126.481,73.82,4.6,mb,,121,1.014,0.69,us,us10006s9c,2016-12-14T03:17:46.040Z,"34 km SE of Tamisan, Philippines",earthquake,7.9,7.3,0.085,41,reviewed,us,us
2016-09-24T06:55:19.020Z,6.6471,126.4868,78.4,4.2,mb,,183,0.994,0.49,us,us10006uz6,2016-12-14T03:17:46.040Z,"30 km SE of Bobon, Philippines",earthquake,13,9.2,0.146,13,reviewed,us,us
2016-09-24T08:49:07.710Z,6.5993,126.4012,79.92,4.4,mb,,108,0.94,0.38,us,us10006s9x,2016-12-14T03:17:46.040Z,"29 km SSE of Tamisan, Philippines",earthquake,9.4,7.8,0.131,17,reviewed,us,us
2016-09-29T00:46:03.280Z,7.7494,123.2531,21.65,4.4,mb,,83,2.403,0.67,us,us20007dh4,2016-12-14T03:17:55.040Z,"6 km NE of Tiguha, Philippines",earthquake,7.4,7.1,0.17,10,reviewed,us,us
2016-10-03T02:41:01.550Z,4.9332,126.4899,80.47,4.3,mb,,109,2.307,0.85,us,us20007dna,2017-01-03T21:10:42.040Z,"125 km ESE of Sarangani, Philippines",earthquake,9,8.7,0.103,27,reviewed,us,us
2016-10-14T20:52:05.580Z,6.0699,125.322,109.63,4.8,mb,,90,1.025,0.84,us,us20007e7u,2017-01-15T01:13:59.040Z,"4 km SE of Alabel, Philippines",earthquake,7.6,5.8,0.057,96,reviewed,us,us
2016-10-15T19:32:02.790Z,6.0482,126.2188,145.5,4.5,mb,,112,1.197,0.81,us,us20007fnf,2017-01-15T01:13:55.040Z,"Mindanao, Philippines",earthquake,5.5,7.6,0.108,25,reviewed,us,us
2016-10-17T19:42:42.780Z,7.0859,123.6343,35,4.6,mb,,107,1.93,1,us,us20007fxf,2017-01-15T01:13:55.040Z,"46 km SSE of Malim, Philippines",earthquake,6.3,2,0.206,7,reviewed,us,us
2016-10-20T02:46:05.040Z,5.8882,126.4041,20.04,4.2,mb,,161,1.431,1.05,us,us20007gn5,2017-01-15T01:13:55.040Z,"57 km SSE of Pondaguitan, Philippines",earthquake,8.7,9.1,0.215,6,reviewed,us,us
2016-11-03T15:21:08.880Z,6.1596,125.8675,160.49,4.8,mb,,81,0.948,1.05,us,us100073y3,2017-01-24T02:02:16.040Z,"18 km E of Lapuan, Philippines",earthquake,4.3,5.9,0.054,107,reviewed,us,us
2016-11-23T17:17:31.430Z,4.5407,126.4004,106.48,4.9,mb,,80,2.642,1.06,us,us10007btg,2017-02-15T23:21:38.040Z,"141 km SE of Sarangani, Philippines",earthquake,7.3,7.2,0.06,87,reviewed,us,us
2016-11-23T23:24:42.190Z,7.126,126.0533,19.36,4.5,mb,,146,0.473,0.55,us,us10007e2u,2017-02-15T23:21:38.040Z,"12 km ENE of Tombongon, Philippines",earthquake,6.8,5.8,0.124,19,reviewed,us,us
2016-11-27T13:36:51.860Z,4.6389,126.2498,72.03,4.3,mb,,56,4,0.72,us,us10007f02,2017-02-23T00:11:50.040Z,"121 km SE of Sarangani, Philippines",earthquake,9.4,8.1,0.119,20,reviewed,us,us
2016-11-29T10:37:50.730Z,7.5812,125.66,10,4.2,mb,,196,0.514,1.12,us,us10007gl4,2017-02-23T00:11:52.040Z,"0 km WNW of Luna, Philippines",earthquake,6.9,2,0.215,6,reviewed,us,us
2016-12-01T17:18:55.870Z,5.6919,126.3394,137.42,4.6,mb,,125,1.563,0.72,us,us10007e32,2017-02-23T00:11:55.040Z,"76 km SSE of Pondaguitan, Philippines",earthquake,9.2,6.2,0.092,35,reviewed,us,us
2016-12-05T15:38:41.960Z,6.9155,126.1718,61.11,4.5,mb,,106,0.608,0.91,us,us2000807w,2017-03-03T07:06:03.040Z,"2 km E of Davan, Philippines",earthquake,8.4,2.4,0.079,47,reviewed,us,us
2016-12-11T18:37:28.280Z,4.7748,126.145,52.18,4.8,mb,,91,2.348,1.27,us,us2000800h,2017-03-09T02:14:28.040Z,"Pulau-Pulau Talaud, Indonesia",earthquake,7.7,7.7,0.096,34,reviewed,us,us
2016-12-17T03:02:09.090Z,5.3424,125.4744,188.63,4.6,mb,,114,1.719,0.69,us,us200081t0,2017-03-16T02:31:24.040Z,"6 km S of Sarangani, Philippines",earthquake,7.4,8.9,0.126,19,reviewed,us,us
2016-12-17T08:31:23.320Z,5.5984,126.371,70.2,4.2,mb,,173,1.66,0.5,us,us10007ppv,2017-03-16T02:31:24.040Z,"87 km SSE of Pondaguitan, Philippines",earthquake,12.2,7.7,0.147,13,reviewed,us,us
2016-12-21T10:48:23.570Z,6.3977,125.9137,109.44,4.7,mb,,106,0.745,0.61,us,us10007lp3,2017-03-16T02:31:32.040Z,"23 km WSW of Tiblawan, Philippines",earthquake,9.8,6.9,0.063,76,reviewed,us,us
2016-12-23T10:16:33.300Z,5.737,125.436,10,4.4,mb,,141,1.331,1.05,us,us10007sbu,2017-03-23T22:51:59.040Z,"7 km WNW of Kalbay, Philippines",earthquake,5.6,1.9,0.144,14,reviewed,us,us
2016-12-24T20:26:05.390Z,5.9083,126.4638,10,4.7,mb,,86,1.45,0.7,us,us10007mjh,2017-03-23T22:52:01.040Z,"59 km SSE of Pondaguitan, Philippines",earthquake,6.8,1.8,0.072,58,reviewed,us,us
2017-01-06T13:14:51.810Z,6.5022,125.9423,59.01,4.6,mb,,90,0.669,0.76,us,us10007rn4,2017-03-27T23:53:24.040Z,"16 km W of Luzon, Philippines",earthquake,9.6,6.5,0.1,30,reviewed,us,us
2017-01-12T21:33:23.400Z,6.0994,126.3861,19.06,4.3,mb,,163,1.253,0.7,us,us10007vsb,2017-04-01T00:26:10.040Z,"37 km SE of Pondaguitan, Philippines",earthquake,6.9,4.7,0.148,13,reviewed,us,us
2017-01-21T23:45:47.440Z,6.7188,126.2859,76.28,4.2,mb,,174,0.783,0.66,us,us20008hg5,2017-04-12T02:29:04.040Z,"13 km S of Tamisan, Philippines",earthquake,12,10,0.175,9,reviewed,us,us
2017-01-28T03:23:02.320Z,6.621,125.8173,153.36,4.4,mb,,134,0.504,0.68,us,us20008iy7,2017-04-19T18:31:02.040Z,"28 km W of Sigaboy, Philippines",earthquake,13.5,6.6,0.124,19,reviewed,us,us
2017-01-30T12:40:50.420Z,5.3237,125.9225,79.99,4,mb,,129,4.745,1.27,us,us20008jn6,2017-04-27T01:38:38.040Z,"51 km E of Sarangani, Philippines",earthquake,13.4,9.8,0.173,9,reviewed,us,us
2017-02-02T17:46:40.320Z,7.7061,126.4562,80.15,4.3,mb,,131,1.075,0.71,us,us20008k7a,2017-04-27T01:38:42.040Z,"5 km WSW of Taytayan, Philippines",earthquake,9.8,7.7,0.097,30,reviewed,us,us
2017-02-04T18:02:34.980Z,5.7475,124.7237,53.85,4.8,mb,,73,1.564,0.68,us,us20008hp6,2017-04-27T01:38:44.040Z,"19 km SW of Katubao, Philippines",earthquake,6.7,7.3,0.051,118,reviewed,us,us
2017-02-11T09:04:37.460Z,7.0965,124.2461,52.68,4.4,mb,,110,1.323,0.32,us,us20008lg8,2017-05-09T01:24:34.040Z,"1 km ESE of Labuñgan, Philippines",earthquake,9.9,11.1,0.189,8,reviewed,us,us
2017-02-11T09:15:25.020Z,6.908,125.4222,16.19,4.6,mb,,99,0.223,0.5,us,us20008lg9,2017-05-09T01:24:34.040Z,"3 km W of Astorga, Philippines",earthquake,7,5.7,0.133,17,reviewed,us,us
2017-02-16T06:27:07.020Z,6.9502,125.4062,24.77,4.5,mb,,106,0.208,1.01,us,us20008kcd,2017-05-13T01:03:21.040Z,"2 km SSW of Baracatan, Philippines",earthquake,14.6,7.5,0.136,16,reviewed,us,us
2017-02-19T15:31:47.120Z,5.8055,123.9628,539.84,4.4,mb,,71,2.039,0.66,us,us20008kt1,2017-05-17T01:19:32.040Z,"51 km SSW of Palimbang, Philippines",earthquake,8.2,6.8,0.054,101,reviewed,us,us
2017-02-21T11:50:31.380Z,5.7758,126.3809,10,4.2,mb,,158,1.512,0.82,us,us10008613,2017-05-17T01:19:34.040Z,"68 km SSE of Pondaguitan, Philippines",earthquake,7,1.7,0.152,12,reviewed,us,us
2017-02-23T01:50:15.900Z,7.0657,125.5863,11.86,4.7,mb,,55,0.008,0.77,us,us20008lnh,2020-07-10T16:41:10.542Z,"3 km WSW of Davao, Philippines",earthquake,9.9,5,0.093,35,reviewed,us,us
2017-02-23T03:06:59.930Z,6.1114,124.964,43.73,4.5,mb,,51,1.131,0.91,us,us100086qt,2017-05-17T01:19:36.040Z,"14 km WSW of Glamang, Philippines",earthquake,7.2,6.2,0.145,14,reviewed,us,us
2017-02-23T11:17:37.800Z,7.2709,125.5687,15.5,4.2,mb,,171,0.2,0.32,us,us20008lvi,2017-05-17T01:19:37.040Z,"6 km WSW of Maduao, Philippines",earthquake,11.1,6.6,0.159,11,reviewed,us,us
2017-02-27T09:01:51.140Z,5.9791,125.9141,66.98,4.5,mb,,124,1.133,1.12,us,us100087hu,2017-05-24T02:48:09.040Z,"25 km E of Mangili, Philippines",earthquake,8.9,9.1,0.121,20,reviewed,us,us
2017-03-06T01:39:03.060Z,5.6359,124,529.29,4.6,mb,,75,2.119,0.66,us,us10008774,2017-05-31T01:58:55.040Z,"66 km SW of Malisbeng, Philippines",earthquake,10.5,8.1,0.05,118,reviewed,us,us
2017-03-08T18:50:01.300Z,6.6751,126.0492,57.88,4.3,mb,,176,0.609,1.05,us,us20008sgq,2017-05-31T01:58:59.040Z,"3 km NW of Sigaboy, Philippines",earthquake,11.2,12,0.126,18,reviewed,us,us
2017-03-17T23:53:28.810Z,7.5539,124.67,10,4.4,mb,,89,1.022,0.77,us,us20008uab,2017-06-07T00:33:43.040Z,"4 km W of Malinao, Philippines",earthquake,7.6,1.9,0.11,24,reviewed,us,us
2017-03-24T13:18:44.040Z,4.999,125.056,65.27,4.2,mb,,114,4.791,0.48,us,us10008dic,2017-06-12T19:46:55.040Z,"63 km SW of Sarangani, Philippines",earthquake,11.7,10.6,0.152,12,reviewed,us,us
2017-03-27T12:12:34.740Z,6.1143,125.9537,131.74,4.5,mb,,94,1.019,1.08,us,us20008v01,2017-06-16T23:07:58.040Z,"27 km E of Lamitan, Philippines",earthquake,9,7.3,0.094,33,reviewed,us,us
2017-03-31T18:13:11.260Z,6.1185,126.2718,128.02,4.5,mb,,86,1.168,0.8,us,us10008f8a,2017-06-16T23:08:05.040Z,"28 km SSE of Pondaguitan, Philippines",earthquake,5.7,7.8,0.127,18,reviewed,us,us
2017-04-01T13:33:55.790Z,6.811,125.7883,124.69,4.3,mb,,141,0.33,0.95,us,us10008dt8,2017-06-16T23:08:06.040Z,"12 km S of San Remigio, Philippines",earthquake,13.2,7,0.148,13,reviewed,us,us
2017-04-02T03:38:25.290Z,5.3389,124.0024,500,4.1,mb,,111,5.288,0.75,us,us10008fhi,2017-06-23T07:26:26.040Z,"94 km SSW of Mabay, Philippines",earthquake,13.7,9,0.123,18,reviewed,us,us
2017-04-03T08:56:51.700Z,6.4285,123.2686,621.7,4.2,mb,,76,4.906,0.51,us,us10008fiq,2017-06-23T07:26:28.040Z,"85 km W of Bantogon, Philippines",earthquake,15.5,5.8,0.136,15,reviewed,us,us
2017-04-04T10:04:43.600Z,4.6048,123.3775,558.25,4.2,mb,,161,4.331,0.6,us,us10008gi0,2017-06-23T07:26:29.040Z,"198 km SSW of Palimbang, Philippines",earthquake,11.2,9.9,0.112,22,reviewed,us,us
2017-04-08T10:16:01.620Z,5.4531,126.4987,136.05,4.8,mb,,76,1.848,0.94,us,us10008ftg,2017-06-23T07:26:36.040Z,"106 km SSE of Pondaguitan, Philippines",earthquake,7.3,4.1,0.049,127,reviewed,us,us
2017-04-10T13:50:17.930Z,5.96,126.0847,119.68,4.5,mb,,134,1.211,0.6,us,us10008ils,2017-07-05T18:09:55.040Z,"44 km ESE of Lamitan, Philippines",earthquake,16.1,10.1,0.118,21,reviewed,us,us
2017-04-10T19:16:27.410Z,6.2887,125.5589,103.88,4.3,mb,,130,0.776,0.82,us,us10008gar,2017-07-05T18:09:55.040Z,"3 km WSW of Kinangan, Philippines",earthquake,10.3,8.6,0.137,15,reviewed,us,us
2017-04-11T21:21:00.860Z,7.6766,124.8119,8.28,5.8,mww,,22,0.97,0.61,us,us10008gsq,2022-05-03T18:15:38.100Z,"8 km N of Osias, Philippines",earthquake,5.8,3,0.066,22,reviewed,us,us
2017-04-11T21:51:52.520Z,7.5122,124.8536,10,4.6,mb,,97,0.843,0.97,us,us10008inx,2017-07-05T18:09:57.040Z,"10 km WNW of Damulog, Philippines",earthquake,7,1.9,0.105,27,reviewed,us,us
2017-04-11T22:11:15.970Z,7.5002,124.644,10,4.2,mb,,90,1.021,0.93,us,us10008iny,2017-07-05T18:09:57.040Z,"8 km W of Banisilan, Philippines",earthquake,4.7,1.9,0.186,8,reviewed,us,us
2017-04-12T00:42:44.730Z,4.9602,125.8616,87.42,4.3,mb,,137,2.114,0.85,us,us10008izx,2017-07-05T18:09:57.040Z,"65 km SE of Sarangani, Philippines",earthquake,9.8,9.2,0.147,13,reviewed,us,us
2017-04-12T05:01:58.250Z,7.6836,124.9246,15.73,4.7,mb,,87,0.89,0.69,us,us10008gv0,2017-07-05T18:09:57.040Z,"8 km W of Don Carlos, Philippines",earthquake,6.3,4.9,0.071,60,reviewed,us,us
2017-04-12T19:02:05.940Z,5.6328,126.1077,118.29,4.3,mb,,141,1.521,1.02,us,us10008h0l,2017-07-05T18:09:57.040Z,"60 km ESE of Caburan, Philippines",earthquake,9.8,8.6,0.101,28,reviewed,us,us
2017-04-12T20:01:05.640Z,7.7228,124.8623,10,5.5,mww,,34,0.962,1.03,us,us10008h1u,2022-05-03T18:15:39.269Z,"9 km S of Adtugan, Philippines",earthquake,6.5,1.7,0.073,18,reviewed,us,us
2017-04-14T11:20:03.630Z,7.562,124.6944,10,4.6,mb,,86,1.004,0.78,us,us10008hj5,2017-07-05T18:10:00.040Z,"1 km W of Malinao, Philippines",earthquake,7.6,1.9,0.055,98,reviewed,us,us
2017-04-14T14:02:52.610Z,7.6431,124.8102,10,4.6,mb,,89,0.951,0.72,us,us10008hk4,2017-07-05T18:10:00.040Z,"4 km N of Osias, Philippines",earthquake,9.1,1.9,0.095,33,reviewed,us,us
2017-04-15T18:59:40.220Z,4.5955,125.7594,159.17,4.3,mb,,107,2.464,0.89,us,us10008jij,2017-07-05T18:10:01.040Z,"95 km SSE of Sarangani, Philippines",earthquake,6.7,7.8,0.098,30,reviewed,us,us
2017-04-15T20:37:08.040Z,7.5962,124.8034,10,4.4,mb,,115,0.93,0.73,us,us10008hz8,2017-07-05T18:10:01.040Z,"1 km WSW of Osias, Philippines",earthquake,7,1.9,0.092,34,reviewed,us,us
2017-04-15T20:40:56.390Z,7.7409,124.7946,10,5,mb,,82,1.024,0.57,us,us10008hz7,2022-05-03T18:15:54.012Z,"5 km E of Kalilangan, Philippines",earthquake,6.7,1.8,0.053,116,reviewed,us,us
2017-04-24T16:34:58.850Z,5.8866,123.7171,10,4.2,mb,,146,2.192,0.63,us,us10008n96,2017-07-21T02:32:04.040Z,"63 km SW of Palimbang, Philippines",earthquake,7.9,2,0.166,10,reviewed,us,us
2017-04-28T20:23:17.260Z,5.5043,125.0658,26,6.9,mww,,14,1.636,0.99,us,us10008ls4,2025-07-15T17:50:03.876Z,"31 km SW of Burias, Philippines",earthquake,6.6,1.8,0.044,49,reviewed,us,us
2017-04-28T20:54:01.860Z,5.2398,124.8643,10,4.4,mb,,156,1.951,1.35,us,us10008p8f,2017-07-21T02:32:10.040Z,"65 km SW of Balangonan, Philippines",earthquake,5.7,1.9,0.203,7,reviewed,us,us
2017-04-28T22:07:43.290Z,4.5203,124.665,34.92,4.4,mb,,109,2.691,1.33,us,us10008p8k,2017-07-21T02:32:10.040Z,"131 km SW of Sarangani, Philippines",earthquake,8.1,7,0.144,14,reviewed,us,us
2017-04-29T17:47:41.250Z,5.3816,124.9804,61.46,4.3,mb,,101,1.779,0.54,us,us10008pnp,2017-07-21T02:32:12.040Z,"46 km WSW of Balangonan, Philippines",earthquake,7,9.1,0.102,29,reviewed,us,us
2017-04-29T19:42:04.420Z,5.3222,124.9789,10,4.7,mb,,103,1.835,1.37,us,us10008m2k,2017-07-21T02:32:12.040Z,"49 km SW of Balangonan, Philippines",earthquake,6.6,1.8,0.064,75,reviewed,us,us
2017-05-01T04:40:22.620Z,5.3892,124.9458,57.14,4.3,mb,,130,1.784,0.97,us,us10008pta,2017-07-29T03:16:09.040Z,"49 km WSW of Balangonan, Philippines",earthquake,7.9,9.7,0.119,20,reviewed,us,us
2017-05-01T23:07:41.960Z,5.4928,124.894,31.23,4.4,mb,,108,1.708,0.83,us,us10008ptx,2017-07-29T03:16:14.040Z,"41 km S of Daliao, Philippines",earthquake,5.7,6.2,0.139,15,reviewed,us,us
2017-05-04T16:58:51.470Z,5.7968,123.9625,530.74,4.1,mb,,71,2.044,0.64,us,us10008r6n,2017-07-29T03:16:21.040Z,"52 km SSW of Palimbang, Philippines",earthquake,7.4,10.2,0.123,19,reviewed,us,us
2017-05-05T14:42:07.680Z,5.4988,124.9165,65.31,4.4,mb,,114,1.693,0.82,us,us10008psn,2017-07-29T03:16:23.040Z,"40 km S of Daliao, Philippines",earthquake,9.3,9.3,0.112,23,reviewed,us,us
2017-05-07T01:29:39.640Z,6.0438,125.6705,107.12,4.5,mb,,116,1.023,0.71,us,us10008q7j,2017-08-01T23:02:08.040Z,"4 km NNW of Mangili, Philippines",earthquake,8.9,9.3,0.116,22,reviewed,us,us
2017-05-12T11:28:52.130Z,5.3343,126.4248,41.16,4.6,mb,,82,1.918,0.87,us,us10008rua,2017-08-01T23:02:31.040Z,"106 km E of Sarangani, Philippines",earthquake,7.3,6.3,0.055,98,reviewed,us,us
2017-05-14T05:06:14.270Z,5.7531,126.1133,108.38,4.4,mb,,115,1.411,0.54,us,us10008wgr,2017-08-05T03:32:06.040Z,"Mindanao, Philippines",earthquake,7.9,8.3,0.11,24,reviewed,us,us
2017-05-14T10:46:07.750Z,5.5879,124.7582,38.04,4.4,mb,,162,1.683,0.67,us,us10008wgs,2017-08-05T03:32:06.040Z,"34 km SSW of Katubao, Philippines",earthquake,7.4,10.6,0.143,14,reviewed,us,us
2017-05-16T09:03:15.190Z,5.2994,124.9569,65.15,4.4,mb,,186,1.864,0.59,us,us10008sq6,2017-08-05T03:32:08.040Z,"53 km SW of Balangonan, Philippines",earthquake,13.6,10.5,0.073,54,reviewed,us,us
2017-05-17T22:24:44.400Z,6.9595,126.3665,10,4.4,mb,,177,0.789,0.73,us,us10008uua,2017-08-05T03:32:10.040Z,"6 km SE of Mayo, Philippines",earthquake,5.8,1.9,0.155,12,reviewed,us,us
2017-05-20T21:22:19.080Z,5.9038,126.0714,132.3,4.2,mb,,137,1.257,0.97,us,us10008vgj,2017-08-05T03:32:13.040Z,"44 km ESE of Mangili, Philippines",earthquake,11.9,7.1,0.124,18,reviewed,us,us
2017-05-23T13:17:41.950Z,5.2395,126.2318,61.16,4.5,mb,,109,1.93,0.77,us,us10008wjd,2017-08-10T01:33:59.040Z,"87 km ESE of Sarangani, Philippines",earthquake,7.8,6.4,0.104,27,reviewed,us,us
2017-05-25T16:59:12.190Z,7.5429,124.7405,35.58,4.6,mb,,88,0.955,0.81,us,us10008vcu,2017-08-10T01:34:02.040Z,"4 km ESE of Malinao, Philippines",earthquake,7,7.8,0.076,55,reviewed,us,us
2017-05-26T22:32:57.920Z,5.9585,126.4631,47.03,4.7,mb,,146,1.41,0.75,us,us10008vls,2017-08-10T01:34:04.040Z,"54 km SE of Pondaguitan, Philippines",earthquake,7.1,7.7,0.081,46,reviewed,us,us
2017-05-27T22:48:07.340Z,5.837,126.2584,49.59,4.6,mb,,110,1.398,0.82,us,us10008vu4,2017-08-10T01:34:05.040Z,"58 km S of Pondaguitan, Philippines",earthquake,4.3,7.4,0.073,56,reviewed,us,us
2017-05-28T05:00:44.710Z,6.0002,126.4829,53.12,4.6,mb,,107,1.391,0.68,us,us10008vvc,2017-08-15T02:26:43.040Z,"52 km SE of Pondaguitan, Philippines",earthquake,8.2,7.4,0.064,72,reviewed,us,us
2017-05-28T06:52:26.820Z,5.8733,126.3521,57.11,4.1,mb,,139,1.415,0.65,us,us20009j7v,2017-08-15T02:26:43.040Z,"57 km SSE of Pondaguitan, Philippines",earthquake,10.1,9.5,0.165,10,reviewed,us,us
2017-05-28T21:23:07.160Z,6.3658,126.1461,71.24,4.4,mb,,176,0.897,0.68,us,us20009j87,2017-08-15T02:26:44.040Z,"2 km S of Surup, Philippines",earthquake,10.3,9.6,0.134,16,reviewed,us,us
2017-05-31T02:26:29.500Z,6.0424,123.755,559.38,4.1,mb,,75,2.079,0.89,us,us20009l3x,2017-08-15T02:26:48.040Z,"51 km WSW of Palimbang, Philippines",earthquake,12.5,9.4,0.097,29,reviewed,us,us
2017-06-03T10:20:05.320Z,4.7718,125.708,129.13,4.2,mb,,111,2.286,0.99,us,us20009lh6,2017-08-15T02:26:52.040Z,"74 km SSE of Sarangani, Philippines",earthquake,5.2,8.4,0.115,21,reviewed,us,us
2017-06-03T18:51:51.450Z,6.5018,126.2943,89.06,4.7,mb,,81,0.907,0.83,us,us20009kir,2017-08-15T02:26:52.040Z,"19 km E of Nangan, Philippines",earthquake,7.1,6.7,0.064,73,reviewed,us,us
2017-06-09T12:58:22.440Z,5.5313,125.1672,13.99,5.2,mb,,52,1.582,1,us,us20009lil,2022-05-03T18:31:33.899Z,"21 km WSW of Balangonan, Philippines",earthquake,6.6,2.3,0.042,185,reviewed,us,us
2017-06-13T04:34:28.630Z,5.1627,125.2353,37.79,4.5,mb,,135,1.925,0.46,us,us20009n2v,2017-08-18T23:13:25.040Z,"36 km SW of Sarangani, Philippines",earthquake,4.3,10.8,0.14,15,reviewed,us,us
2017-06-23T19:38:43.860Z,6.4508,124.5285,411.69,4.1,mb,,83,6.131,0.98,us,us10009591,2017-08-23T16:35:43.040Z,"9 km SW of Tuka, Philippines",earthquake,9.5,9.1,0.083,40,reviewed,us,us
2017-06-25T07:36:48.700Z,4.568,125.5866,151.55,4.5,mb,,112,2.485,1.02,us,us20009pld,2017-09-27T02:03:11.040Z,"93 km S of Sarangani, Philippines",earthquake,7.7,6.6,0.075,53,reviewed,us,us
2017-06-25T19:45:16.130Z,5.8229,125.9897,125.7,4.5,mb,,108,1.304,0.77,us,us20009pmw,2017-09-27T02:03:12.040Z,"39 km ESE of Mangili, Philippines",earthquake,9.4,7.1,0.067,65,reviewed,us,us
2017-06-28T01:33:25.900Z,5.1184,125.3864,36.37,4.3,mb,,108,1.947,1.23,us,us100096vp,2017-09-27T02:03:16.040Z,"32 km SSW of Sarangani, Philippines",earthquake,7.9,9.8,0.142,14,reviewed,us,us
2017-06-29T10:33:30.040Z,5.6795,125.6928,137.22,4.7,mb,,84,1.385,1.18,us,us1000958m,2017-09-27T02:03:18.040Z,"22 km ESE of Kalbay, Philippines",earthquake,8.3,7.3,0.055,100,reviewed,us,us
2017-07-04T04:55:31.300Z,6.0507,125.8556,74.44,4.7,mb,,109,1.049,0.69,us,us100098t7,2017-10-03T00:47:47.040Z,"17 km ESE of Lamitan, Philippines",earthquake,9.7,8.5,0.065,71,reviewed,us,us
2017-07-09T10:05:00.710Z,5.9876,126.1426,137.26,4.2,mb,,107,1.212,0.82,us,us20009xva,2017-10-06T23:56:10.040Z,"41 km S of Pondaguitan, Philippines",earthquake,9.6,4.5,0.106,25,reviewed,us,us
2017-07-12T18:32:45.160Z,5.8259,125.5446,203.66,4.4,mb,,112,1.236,1.03,us,us20009vrr,2017-10-06T23:56:15.040Z,"12 km NNE of Kalbay, Philippines",earthquake,8,6.2,0.086,39,reviewed,us,us
2017-07-13T07:12:20.380Z,5.0533,125.4813,193.14,4.3,mb,,97,2.005,0.52,us,us20009y02,2017-10-06T23:56:16.040Z,"38 km S of Sarangani, Philippines",earthquake,9,7.4,0.101,28,reviewed,us,us
2017-07-17T08:30:18.570Z,5.7598,124.3066,10,4.4,mb,,104,1.814,0.95,us,us20009z01,2017-10-11T01:03:50.040Z,"37 km SSW of Mabay, Philippines",earthquake,9.4,1.9,0.161,11,reviewed,us,us
2017-07-22T22:45:29.530Z,6.177,125.9637,140.3,4.4,mb,,88,0.965,0.69,us,us2000a1px,2017-10-11T01:04:03.040Z,"29 km E of Lapuan, Philippines",earthquake,10,7.1,0.107,25,reviewed,us,us
2017-08-02T11:59:15.540Z,4.7326,125.5243,39.6,4.7,mb,,111,2.322,0.66,us,us2000a3nr,2017-10-18T01:54:14.040Z,"74 km S of Sarangani, Philippines",earthquake,4.1,8.3,0.078,50,reviewed,us,us
2017-08-05T00:30:41.230Z,6.1147,125.415,76,5.8,mww,,15,0.962,0.86,us,us2000a4zc,2023-04-16T08:10:46.196Z,"Mindanao, Philippines",earthquake,6.7,1.8,0.054,33,reviewed,us,us
2017-08-05T07:39:19.040Z,7.9215,125.2212,20.8,5.1,mb,,85,0.917,0.63,us,us2000a52a,2025-12-22T17:33:51.478Z,"6 km WNW of Little Baguio, Philippines",earthquake,7.5,5,0.058,95,reviewed,us,us
2017-08-05T08:16:26.140Z,7.725,125.1699,21.24,4.3,mb,,162,0.767,1.05,us,us2000a6fv,2017-10-18T01:54:19.040Z,"6 km ENE of Salawagan, Philippines",earthquake,8.8,4.1,0.133,16,reviewed,us,us
2017-08-08T06:21:07.220Z,6.4305,124.085,10,4.4,mb,,91,1.614,0.75,us,us2000a7br,2017-10-25T00:38:02.040Z,"3 km S of Kulaman, Philippines",earthquake,6.9,1.9,0.138,15,reviewed,us,us
2017-08-12T12:07:20.650Z,4.9809,123.1813,583.78,4.2,mb,,104,4.529,0.84,us,us2000a8tp,2017-10-25T00:38:09.040Z,"175 km SW of Palimbang, Philippines",earthquake,12.9,6.9,0.104,26,reviewed,us,us
2017-08-16T17:08:32.000Z,6.1583,126.337,73.83,4.5,mb,,114,1.177,1.18,us,us2000aakw,2017-11-14T01:42:10.040Z,"28 km SE of Pondaguitan, Philippines",earthquake,7.3,8.4,0.118,21,reviewed,us,us
2017-08-22T14:58:43.780Z,6.5882,125.5363,79.38,4.4,mb,,128,0.48,0.75,us,us2000abqp,2017-11-22T03:43:28.040Z,"8 km NE of Basiawan, Philippines",earthquake,8.1,5.8,0.103,27,reviewed,us,us
2017-08-23T17:43:57.280Z,6.4868,123.7798,35,4.2,mb,,104,1.878,0.78,us,us2000abry,2017-11-22T03:43:30.040Z,"28 km W of Bantogon, Philippines",earthquake,5.4,2,0.159,11,reviewed,us,us
2017-08-28T05:05:13.010Z,4.5849,125.2355,35,4.3,mb,,107,2.492,1.15,us,us2000adih,2017-11-28T18:33:50.040Z,"93 km SSW of Sarangani, Philippines",earthquake,8.1,2,0.119,20,reviewed,us,us
2017-08-30T17:31:23.120Z,7.0052,125.858,29.38,4.5,mb,,82,0.284,1.19,us,us2000ar5q,2017-11-28T18:33:53.040Z,"12 km SW of Matiao, Philippines",earthquake,9.9,6.3,0.101,29,reviewed,us,us
2017-09-08T10:21:04.730Z,5.3955,125.8959,102.53,4.6,mb,,81,1.692,0.74,us,us2000ai08,2017-12-07T20:00:22.040Z,"47 km E of Sarangani, Philippines",earthquake,8.4,7.8,0.063,76,reviewed,us,us
2017-09-16T01:39:25.930Z,4.9675,125.975,72.27,4.1,mb,,172,2.125,0.63,us,us2000at3y,2017-12-13T02:29:46.040Z,"74 km SE of Sarangani, Philippines",earthquake,8,12.1,0.198,7,reviewed,us,us
2017-09-19T23:22:56.420Z,6.3611,123.9102,38.14,4.6,mb,,67,1.8,0.83,us,us2000arcv,2022-08-07T18:01:15.829Z,"17 km WSW of Sangay, Philippines",earthquake,4.7,8.3,0.081,45,reviewed,us,us
2017-09-23T16:43:50.530Z,4.6015,126.0574,79.63,4.2,mb,,222,4.022,0.57,us,us2000augm,2017-12-19T01:54:14.040Z,"110 km SE of Sarangani, Philippines",earthquake,10.7,21.8,0.187,8,reviewed,us,us
2017-09-23T17:48:16.400Z,7.479,124.7616,10,4.5,mb,,93,0.907,0.83,us,us2000atn1,2022-08-07T18:27:52.827Z,"4 km ESE of Banisilan, Philippines",earthquake,3.2,1.9,0.084,43,reviewed,us,us
2017-09-23T20:47:06.760Z,7.5618,124.7428,8.18,5.7,mww,,41,0.962,0.75,us,us2000atpb,2022-08-07T18:29:30.736Z,"3 km E of Malinao, Philippines",earthquake,6.5,3.4,0.062,25,reviewed,us,us
2017-09-23T21:17:30.550Z,7.5688,124.8087,10,4.4,mb,,96,0.911,1.33,us,us2000augv,2017-12-19T01:54:14.040Z,"3 km SSW of Osias, Philippines",earthquake,5.9,1.7,0.155,12,reviewed,us,us
2017-09-23T21:18:14.550Z,7.5927,124.7895,10,4.9,mb,,94,0.939,0.67,us,us2000atpp,2025-12-22T17:38:34.617Z,"3 km WSW of Osias, Philippines",earthquake,6,1.9,0.062,82,reviewed,us,us
2017-09-23T21:20:17.300Z,7.573,124.8211,10,5,mb,,96,0.903,0.55,us,us2000atpq,2025-12-22T17:26:43.031Z,"3 km S of Osias, Philippines",earthquake,6.4,1.8,0.07,65,reviewed,us,us
2017-09-23T21:25:17.960Z,7.4074,124.7802,10,4.4,mb,,86,0.86,1.3,us,us2000augz,2017-12-19T01:54:14.040Z,"5 km NNW of Liliongan, Philippines",earthquake,8.2,1.9,0.143,14,reviewed,us,us
2017-09-23T21:30:52.740Z,7.4717,124.7724,10,4.4,mb,,94,0.894,0.73,us,us2000augu,2017-12-19T01:54:15.040Z,"5 km ESE of Banisilan, Philippines",earthquake,6.6,1.9,0.107,25,reviewed,us,us
2017-09-24T02:39:26.380Z,7.3795,124.732,13.87,4.4,mb,,83,0.895,0.97,us,us2000awk4,2017-12-22T21:56:19.040Z,"6 km WNW of Liliongan, Philippines",earthquake,9.5,5.4,0.112,23,reviewed,us,us
2017-09-25T20:59:13.580Z,7.2643,124.7848,26.36,4.4,mb,,78,0.811,0.86,us,us2000b0hf,2017-12-22T21:56:22.040Z,"6 km N of Carmen, Philippines",earthquake,8.7,5.8,0.134,16,reviewed,us,us
2017-10-01T16:45:23.230Z,5.9363,124.5788,35,4.2,mb,,138,1.501,0.43,us,us2000b22v,2018-01-03T01:54:42.040Z,"7 km SW of Kiamba, Philippines",earthquake,4.6,2,0.215,7,reviewed,us,us
2017-10-04T06:06:57.790Z,6.6628,126.4797,205.71,4.3,mb,,157,0.981,0.87,us,us1000aqmk,2018-01-03T01:54:45.040Z,"28 km SE of Bobon, Philippines",earthquake,14.2,7.2,0.129,17,reviewed,us,us
2017-10-04T20:40:54.830Z,4.5437,125.9326,140.25,4.3,mb,,81,4.011,0.74,us,us1000aqn7,2018-01-03T01:54:46.040Z,"108 km SSE of Sarangani, Philippines",earthquake,11.7,10.2,0.142,14,reviewed,us,us
2017-10-05T15:58:17.160Z,5.7374,125.6928,71.85,4.5,mb,,83,1.328,0.95,us,us1000aqs6,2018-01-03T01:54:47.040Z,"20 km SSE of Caburan, Philippines",earthquake,9.3,9.6,0.106,26,reviewed,us,us
2017-10-18T00:46:29.310Z,6.1297,123.8589,555.13,4.7,mb,,75,1.947,0.8,us,us1000atkg,2018-01-11T02:22:05.040Z,"37 km WSW of Palimbang, Philippines",earthquake,12.2,8.8,0.088,39,reviewed,us,us
2017-10-21T18:43:06.210Z,5.7022,125.6671,206.46,4.5,mb,,119,1.361,1.14,us,us1000axm8,2018-01-11T02:22:10.040Z,"18 km E of Kalbay, Philippines",earthquake,8.9,7.3,0.077,49,reviewed,us,us
2017-10-23T16:17:40.300Z,4.8294,123.2706,550.54,4.3,mb,,60,3.197,0.87,us,us1000avy5,2018-01-17T21:50:31.040Z,"183 km SSW of Palimbang, Philippines",earthquake,11.4,8.7,0.075,51,reviewed,us,us
2017-11-01T07:52:19.970Z,6.3741,124.0987,540.56,4.3,mb,,96,5.697,0.77,us,us1000azpt,2018-01-24T01:25:03.040Z,"9 km S of Kulaman, Philippines",earthquake,11.2,10.8,0.07,58,reviewed,us,us
2017-11-02T13:36:40.560Z,4.9883,126.2331,95.18,4.1,mb,,151,4.338,1.25,us,us2000bll3,2018-01-24T01:25:06.040Z,"96 km ESE of Sarangani, Philippines",earthquake,8.5,12.7,0.158,11,reviewed,us,us
2017-11-05T16:53:37.030Z,7.7035,123.4376,13.43,4.5,mb,,92,2.215,0.78,us,us2000bnvj,2018-01-31T03:04:39.040Z,"5 km NNW of San Pablo, Philippines",earthquake,5.5,5.6,0.128,18,reviewed,us,us
2017-11-08T07:23:21.810Z,6.284,125.951,119.51,5.1,mb,,52,0.863,0.87,us,us2000bk9c,2022-08-07T20:56:55.793Z,"24 km WSW of Surup, Philippines",earthquake,8.5,5.3,0.041,194,reviewed,us,us
2017-11-09T05:15:44.840Z,6.52,124.4853,424.15,4.2,mb,,110,6.103,0.43,us,us2000bqfh,2018-01-31T03:04:44.040Z,"8 km WSW of Kapaya, Philippines",earthquake,13,11.5,0.128,17,reviewed,us,us
2017-11-16T01:09:03.590Z,5.232,124.7329,368.26,4.6,mb,,77,5.152,0.73,us,us2000bpcq,2018-02-06T02:45:36.040Z,"73 km SSW of Lumatil, Philippines",earthquake,10.6,9.1,0.081,45,reviewed,us,us
2017-11-19T16:06:52.520Z,5.7288,126.2965,144.65,4.4,mb,,101,1.511,0.6,us,us2000bvh8,2018-02-14T02:01:04.040Z,"71 km S of Pondaguitan, Philippines",earthquake,12,10,0.093,33,reviewed,us,us
2017-11-20T20:16:50.220Z,5.8813,126.036,90.37,4.9,mb,,58,1.265,0.67,us,us2000bs05,2018-02-14T02:01:07.040Z,"41 km ESE of Mangili, Philippines",earthquake,7.6,7,0.068,68,reviewed,us,us
2017-11-24T15:23:17.490Z,5.6155,124.768,337.61,4.6,mb,,90,1.654,1.12,us,us2000btyc,2018-02-14T02:01:13.040Z,"31 km SSW of Katubao, Philippines",earthquake,8.7,7.3,0.053,108,reviewed,us,us
2017-11-25T18:26:26.030Z,6.01,125.8552,74.54,4.5,mb,,108,1.087,0.87,us,us2000bucc,2018-02-14T02:01:15.040Z,"18 km ESE of Lamitan, Philippines",earthquake,9.8,7.3,0.077,50,reviewed,us,us
2017-11-30T18:57:57.690Z,7.745,124.9782,13.7,4.7,mb,,109,0.897,0.79,us,us1000bji5,2018-02-20T09:06:08.040Z,"3 km SW of Maramag, Philippines",earthquake,9.3,5.1,0.074,55,reviewed,us,us
2017-12-12T14:11:13.000Z,5.7124,123.9416,535.15,4.1,mb,,107,5.445,0.61,us,us1000bt50,2018-03-06T00:49:38.040Z,"61 km SSW of Palimbang, Philippines",earthquake,13.3,10.3,0.067,61,reviewed,us,us
2017-12-27T23:34:07.960Z,5.1878,126.3384,54.79,4.5,mb,,114,2.016,0.73,us,us1000bwws,2022-08-07T22:35:05.236Z,"99 km ESE of Sarangani, Philippines",earthquake,8.2,8.3,0.089,37,reviewed,us,us
2017-12-31T14:53:31.580Z,5.4949,124.9006,30.8,5.1,mww,,60,1.703,1.01,us,us1000byj1,2022-08-07T22:43:57.364Z,"40 km S of Daliao, Philippines",earthquake,6.7,4,0.073,18,reviewed,us,us
2018-01-15T18:54:09.380Z,5.6191,126.2464,118.62,4.4,mb,,98,1.586,1.01,us,us2000cjq8,2018-04-10T01:11:41.040Z,"74 km ESE of Caburan, Philippines",earthquake,8.6,5.4,0.079,46,reviewed,us,us
2018-01-16T11:12:31.350Z,5.4953,123.6929,517.14,4.1,mb,,144,5.235,0.65,us,us2000cqxk,2018-04-10T01:11:42.040Z,"96 km SW of Palimbang, Philippines",earthquake,12.2,10,0.116,20,reviewed,us,us
2018-01-21T06:52:05.790Z,5.767,126.2384,99.29,4.2,mb,,134,1.45,0.37,us,us1000cdsa,2018-04-10T01:11:50.040Z,"66 km S of Pondaguitan, Philippines",earthquake,8.3,7.6,0.112,22,reviewed,us,us
2018-01-25T08:03:38.850Z,5.7125,125.9274,100.04,4.8,mb,,91,1.392,0.87,us,us2000cp6y,2018-04-20T07:05:22.040Z,"39 km SE of Caburan, Philippines",earthquake,8.3,1.1,0.075,55,reviewed,us,us
2018-02-10T05:12:35.490Z,5.1133,125.317,44.38,4.3,mb,,131,1.961,0.56,us,us2000d062,2018-05-03T22:15:08.040Z,"35 km SSW of Sarangani, Philippines",earthquake,6.2,9.3,0.126,18,reviewed,us,us
2018-02-23T20:26:14.610Z,7.2874,124.5131,402.16,4.1,mb,,237,7.07,0.71,us,us2000db58,2018-05-22T02:00:24.040Z,"Mindanao, Philippines",earthquake,12.4,19.7,0.185,8,reviewed,us,us
2018-02-25T04:10:29.410Z,5.4782,125.6319,87.96,4.2,mb,,109,1.582,0.59,us,us2000dcwc,2018-05-22T02:00:26.040Z,"20 km ENE of Sarangani, Philippines",earthquake,7.7,8.7,0.118,20,reviewed,us,us
2018-02-27T00:42:07.500Z,6.2314,126.3324,84.46,4.2,mb,,101,1.119,0.55,us,us1000d1g3,2018-05-27T01:06:03.040Z,"22 km SE of Pondaguitan, Philippines",earthquake,9.8,8.2,0.104,26,reviewed,us,us
2018-03-04T09:18:02.180Z,5.8895,124.4883,78.26,4.2,mb,,115,1.596,1.08,us,us1000d3w0,2018-05-27T01:06:12.040Z,"16 km S of Maitum, Philippines",earthquake,7.7,10,0.152,12,reviewed,us,us
2018-03-11T10:30:11.340Z,5.5557,126.4103,10,4.3,mb,,117,1.716,1.13,us,us1000d6he,2018-06-08T05:12:20.040Z,"92 km SSE of Pondaguitan, Philippines",earthquake,4.6,1.9,0.125,18,reviewed,us,us
2018-03-13T16:08:20.440Z,5.327,124.1331,37.07,4.2,mb,,95,2.25,0.87,us,us1000d7g3,2018-06-11T21:53:43.040Z,"88 km SSW of Maitum, Philippines",earthquake,7.8,9.4,0.167,10,reviewed,us,us
2018-03-16T00:30:26.190Z,4.7732,126.4373,95.39,4.5,mb,,83,2.435,0.8,us,us1000d51q,2018-06-11T21:53:47.040Z,"128 km ESE of Sarangani, Philippines",earthquake,7.5,7.1,0.059,84,reviewed,us,us
2018-03-20T11:10:45.190Z,6.6248,123.6164,597.25,4.5,mb,,30,1.998,0.87,us,us1000d6qz,2018-06-19T01:35:45.040Z,"47 km W of Taguisa, Philippines",earthquake,8,6.9,0.042,165,reviewed,us,us
2018-03-20T13:44:13.610Z,4.9444,126.403,77.65,4.3,mb,,70,2.264,0.85,us,us1000d9nl,2018-06-19T01:35:45.040Z,"115 km ESE of Sarangani, Philippines",earthquake,4.9,7.7,0.087,37,reviewed,us,us
2018-03-23T10:41:35.560Z,5.3564,126.4438,45.26,4.6,mb,,96,1.906,0.82,us,us1000d7yl,2018-06-19T01:35:49.040Z,"108 km SE of Caburan, Philippines",earthquake,8.5,7.4,0.081,46,reviewed,us,us
2018-03-31T20:43:57.980Z,5.9285,125.9048,163.05,4.5,mb,,109,1.179,0.69,us,us1000dbyc,2018-06-22T21:32:19.040Z,"25 km ESE of Mangili, Philippines",earthquake,10.1,7.3,0.106,26,reviewed,us,us
2018-04-02T02:41:44.250Z,5.4935,124.7282,56.44,4.3,mb,,108,1.779,0.93,us,us2000dxkb,2018-06-30T01:11:23.040Z,"45 km SSW of Katubao, Philippines",earthquake,6.4,8.8,0.119,20,reviewed,us,us
2018-04-16T03:53:36.840Z,7.773,126.4479,107.19,4.3,mb,,114,1.109,0.64,us,us1000dpaq,2018-07-17T02:05:27.040Z,"1 km NW of San Rafael, Philippines",earthquake,11.9,8,0.089,36,reviewed,us,us
2018-04-24T14:35:30.670Z,5.418,124.7888,47.3,4.3,mb,,112,1.819,1.02,us,us1000dr9i,2022-08-08T02:34:06.999Z,"51 km SSW of Lumatil, Philippines",earthquake,7.8,9.9,0.119,20,reviewed,us,us
2018-05-03T08:20:07.410Z,6.0247,123.8407,539.96,4.3,mb,,97,5.756,0.43,us,us1000dwik,2018-07-27T20:20:31.040Z,"43 km WSW of Palimbang, Philippines",earthquake,11.6,8.5,0.07,57,reviewed,us,us
2018-05-05T09:58:33.560Z,6.6961,123.6528,597.18,4.2,mb,,53,1.948,0.56,us,us1000dyqw,2018-07-27T20:20:29.040Z,"42 km WSW of Gadung, Philippines",earthquake,7.9,8.9,0.075,50,reviewed,us,us
2018-05-05T21:28:01.090Z,6.9316,123.8355,592.92,4.4,mb,,52,1.736,0.59,us,us1000dz0a,2018-07-27T20:20:29.040Z,"24 km NW of Gadung, Philippines",earthquake,10.4,7.9,0.054,99,reviewed,us,us
2018-05-10T08:37:29.700Z,6.0453,125.7986,161.18,4.7,mb,,75,1.04,0.85,us,us1000e1ua,2018-08-08T15:20:02.040Z,"11 km ESE of Lamitan, Philippines",earthquake,8.9,6.9,0.078,50,reviewed,us,us
2018-05-10T18:02:28.960Z,6.8698,123.762,535,5.9,mww,,22,1.814,1.18,us,us1000e26e,2022-05-03T19:12:41.015Z,"29 km WNW of Gadung, Philippines",earthquake,7.8,1.9,0.038,66,reviewed,us,us
2018-05-10T20:06:23.810Z,5.6827,126.3782,100.01,4.6,mb,,63,1.59,1.3,us,us1000e2bz,2018-08-08T15:20:16.040Z,"78 km SSE of Pondaguitan, Philippines",earthquake,8.7,5.7,0.058,89,reviewed,us,us
2018-05-11T20:56:31.760Z,6.1472,125.7636,127.1,5.1,mww,,19,0.934,0.99,us,us1000e37v,2025-12-22T17:46:58.128Z,"6 km E of Lapuan, Philippines",earthquake,6.7,4,0.066,22,reviewed,us,us
2018-05-13T15:33:31.340Z,5.3594,125.4392,169.41,5.2,mww,,43,1.704,1.14,us,us1000e453,2025-12-22T17:47:50.015Z,"5 km SSW of Sarangani, Philippines",earthquake,7.6,5,0.053,34,reviewed,us,us
2018-05-15T12:00:59.860Z,6.8746,123.7601,602.09,4.4,mb,,34,1.816,0.74,us,us1000e5ey,2018-08-15T19:46:51.040Z,"29 km WNW of Gadung, Philippines",earthquake,9.8,6.4,0.041,173,reviewed,us,us
2018-05-16T05:05:09.180Z,6.4165,123.9408,54.79,4.8,mb,,41,1.751,0.97,us,us1000e64p,2022-05-03T19:13:11.914Z,"11 km WSW of Sangay, Philippines",earthquake,7.7,4.3,0.048,133,reviewed,us,us
2018-05-20T02:21:56.420Z,7.5727,124.7236,35,4.3,mb,,96,0.984,1.05,us,us1000eb35,2018-08-15T19:46:59.040Z,"2 km NE of Malinao, Philippines",earthquake,7.9,2,0.168,10,reviewed,us,us
2018-05-22T12:55:52.270Z,5.2454,126.1006,79.7,4.3,mb,,132,1.885,0.62,us,us1000ec0p,2018-08-21T21:23:50.040Z,"72 km ESE of Sarangani, Philippines",earthquake,10.1,7,0.114,22,reviewed,us,us
2018-05-26T12:27:27.420Z,6.1127,125.4782,82.45,4.5,mb,,138,0.956,0.54,us,us1000ecpf,2018-08-21T21:23:53.040Z,"11 km ENE of Suyan, Philippines",earthquake,9,9,0.104,27,reviewed,us,us
2018-06-01T02:19:31.180Z,7.0414,123.673,54.71,4.6,mb,,59,1.892,0.5,us,us1000eg3t,2018-08-28T16:29:28.040Z,"46 km NW of Gadung, Philippines",earthquake,10.1,8,0.066,68,reviewed,us,us
2018-06-01T10:21:39.140Z,7.3027,123.6856,574.92,5.3,mww,,19,1.893,1.13,us,us1000egdu,2025-12-22T17:48:13.414Z,"32 km ESE of Malim, Philippines",earthquake,9,4.5,0.069,20,reviewed,us,us
2018-06-02T16:39:24.650Z,4.5673,126.4108,35,4.4,mb,,159,3.889,1.16,us,us1000ekdt,2018-08-28T16:30:20.040Z,"139 km SE of Sarangani, Philippines",earthquake,12.1,1.9,0.12,20,reviewed,us,us
2018-06-07T02:09:04.620Z,5.7734,125.5624,201.07,4.7,mb,,102,1.287,0.89,us,us1000ek7m,2022-08-08T04:29:54.481Z,"8 km NE of Kalbay, Philippines",earthquake,8.6,6.3,0.042,168,reviewed,us,us
2018-06-10T08:21:28.740Z,6.6754,126.2379,74.58,4.5,mb,,106,0.762,0.43,us,us1000eml5,2018-08-29T16:36:35.040Z,"15 km ENE of Tibanbang, Philippines",earthquake,8.9,6.7,0.068,64,reviewed,us,us
2018-06-10T19:20:04.120Z,6.4929,126.4129,96.28,4.5,mb,,76,1.007,0.89,us,us1000emtm,2018-08-29T16:36:48.040Z,"29 km ENE of Pondaguitan, Philippines",earthquake,8.9,6.9,0.065,70,reviewed,us,us
2018-06-13T14:59:09.950Z,6.5073,126.1506,143.72,4.9,mb,,48,0.796,0.88,us,us1000epz2,2025-12-22T17:47:04.907Z,"4 km NE of Nangan, Philippines",earthquake,7.5,5.5,0.061,84,reviewed,us,us
2018-06-16T07:41:25.490Z,6.7733,123.7961,588.92,4.3,mb,,96,5.502,0.52,us,us1000exm3,2018-09-07T17:47:10.040Z,"24 km W of Gadung, Philippines",earthquake,14.1,11.5,0.1,28,reviewed,us,us
2018-06-17T02:39:37.610Z,6.1418,125.7463,119.7,5.2,mww,,38,0.936,1.27,us,us1000etjq,2025-12-22T17:48:26.879Z,"5 km E of Lapuan, Philippines",earthquake,7,4,0.059,28,reviewed,us,us
2018-06-19T07:39:46.210Z,5.2406,125.3126,43.38,4.4,mb,,130,1.836,0.59,us,us1000eyql,2018-09-19T15:15:54.040Z,"24 km SW of Sarangani, Philippines",earthquake,6.5,9.7,0.155,12,reviewed,us,us
2018-06-24T15:30:32.190Z,5.6897,125.4731,75.78,4.5,mb,,107,1.375,0.63,us,us1000f0c5,2018-09-19T15:15:58.040Z,"3 km NNE of Sugal, Philippines",earthquake,8.4,8,0.072,57,reviewed,us,us
2018-06-24T18:16:49.900Z,5.4083,126.2395,96.47,4.6,mb,,93,1.776,1.19,us,us1000f0f3,2018-09-19T15:15:58.040Z,"85 km E of Sarangani, Philippines",earthquake,8.1,6.6,0.048,129,reviewed,us,us
2018-07-03T09:59:54.580Z,5.8959,125.1334,97,5.7,mww,,42,1.247,1.14,us,us2000fvnq,2025-07-02T17:02:59.109Z,"7 km E of Tinoto, Philippines",earthquake,7,1.8,0.048,41,reviewed,us,us
2018-07-14T11:20:42.120Z,5.4956,126.4792,52.75,4.3,mb,,193,1.801,0.66,us,us2000g8uy,2018-10-02T16:40:45.040Z,"101 km SSE of Pondaguitan, Philippines",earthquake,8.4,12.1,0.177,9,reviewed,us,us
2018-07-22T16:54:59.580Z,4.5758,124.8396,35,4.1,mb,,180,4.544,0.73,us,us2000gel7,2018-10-04T14:15:23.040Z,"114 km SW of Sarangani, Philippines",earthquake,14.2,2,0.198,7,reviewed,us,us
2018-07-22T18:19:40.930Z,4.6803,125.04,10,4.7,mb,,126,2.433,1.04,us,us2000gbc2,2018-10-04T14:15:33.040Z,"92 km SSW of Sarangani, Philippines",earthquake,11.5,1.9,0.115,23,reviewed,us,us
2018-07-22T18:28:40.920Z,4.6846,125.0959,12.14,5.2,mww,,37,2.417,1.22,us,us2000gbc5,2022-05-03T19:24:05.533Z,"89 km SSW of Sarangani, Philippines",earthquake,6.6,3.3,0.052,36,reviewed,us,us
2018-07-25T09:05:45.100Z,4.5313,126.0444,95.99,4.5,mb,,89,2.563,0.41,us,us2000gddj,2018-10-09T16:43:30.040Z,"115 km SSE of Sarangani, Philippines",earthquake,8.3,3.1,0.087,39,reviewed,us,us
2018-07-26T07:37:33.070Z,6.3017,125.6729,100.65,4.2,mb,,116,0.768,0.52,us,us2000gia2,2018-10-09T16:43:27.040Z,"4 km N of Talagutong, Philippines",earthquake,12.4,6.5,0.146,13,reviewed,us,us
2018-07-28T05:16:30.120Z,6.1655,125.9625,142.14,4.1,mb,,99,0.975,0.96,us,us1000g1yj,2018-10-09T16:43:27.040Z,"29 km E of Lapuan, Philippines",earthquake,10,8.9,0.112,22,reviewed,us,us
2018-07-28T17:56:32.010Z,4.8946,125.171,74.34,4.1,mb,,112,2.198,0.96,us,us1000g1yy,2018-10-09T16:43:30.040Z,"64 km SSW of Sarangani, Philippines",earthquake,8.7,9.3,0.131,21,reviewed,us,us
2018-07-30T10:22:15.560Z,5.4362,123.8529,505.88,4,mb,,144,5.338,1.18,us,us1000g2kx,2018-10-16T15:34:05.040Z,"93 km SSW of Palimbang, Philippines",earthquake,17.3,14.2,0.182,11,reviewed,us,us
2018-08-06T22:18:20.450Z,7.3121,123.6104,45.31,4.5,mb,,89,1.968,1.11,us,us1000g4i4,2022-08-08T06:54:15.085Z,"25 km SE of Malim, Philippines",earthquake,9.3,10.3,0.111,24,reviewed,us,us
2018-08-08T04:36:06.330Z,5.9256,125.8815,158.54,4.5,mb,,80,1.175,0.69,us,us1000g570,2025-12-22T17:49:51.361Z,"23 km ESE of Mangili, Philippines",earthquake,8.6,7,0.06,81,reviewed,us,us
2018-08-14T18:25:59.710Z,5.6078,126.3585,109.97,4.6,mb,,114,1.646,0.66,us,us1000gbkz,2018-10-27T16:22:05.040Z,"85 km SSE of Pondaguitan, Philippines",earthquake,8.4,11,0.137,19,reviewed,us,us
2018-08-16T03:36:11.420Z,4.575,124.968,471.76,4.1,mb,,175,18.357,0.28,us,us1000gend,2018-10-27T16:22:08.040Z,"106 km SSW of Sarangani, Philippines",earthquake,16,16.6,0.174,9,reviewed,us,us
2018-08-21T08:23:56.360Z,5.1343,125.646,10,4.6,mb,,267,4.661,0.53,us,us2000h5g7,2018-11-01T17:51:03.040Z,"35 km SE of Sarangani, Philippines",earthquake,17.6,2,0.146,14,reviewed,us,us
2018-08-28T14:12:10.050Z,5.3534,126.1913,141.51,4.6,mb,,155,1.81,0.92,us,us1000giwp,2018-11-07T18:37:03.040Z,"80 km E of Sarangani, Philippines",earthquake,10.8,8.1,0.141,15,reviewed,us,us
2018-08-31T22:20:19.870Z,5.7234,126.4975,103.22,4.3,mb,,140,1.619,1.24,us,us2000haf1,2018-11-07T18:37:12.040Z,"78 km SSE of Pondaguitan, Philippines",earthquake,6.8,9.2,0.125,18,reviewed,us,us
2018-09-02T22:59:06.560Z,4.9293,125.6193,175.43,4.4,mb,,103,2.126,0.97,us,us2000hcki,2018-11-07T18:37:13.040Z,"55 km SSE of Sarangani, Philippines",earthquake,8.8,8.2,0.11,24,reviewed,us,us
2018-09-06T23:32:09.860Z,7.7248,124.6104,378.13,4.3,mb,,134,1.16,0.96,us,us2000hglh,2018-11-14T17:40:16.040Z,"7 km NW of Wao, Philippines",earthquake,11.6,7.7,0.109,24,reviewed,us,us
2018-09-08T07:16:49.620Z,7.2377,126.4779,10,6.2,mww,,30,0.907,0.92,us,us2000haxi,2025-05-05T20:24:08.559Z,"7 km WNW of Manay, Philippines",earthquake,6.1,1.8,0.043,52,reviewed,us,us
2018-09-08T09:18:29.750Z,6.9858,126.3596,10,4.2,mb,,191,0.779,0.49,us,us2000hgns,2018-11-14T17:40:18.040Z,"3 km ESE of Mayo, Philippines",earthquake,6.8,2,0.132,16,reviewed,us,us
2018-09-09T09:31:38.040Z,5.7342,123.8617,545.22,4.4,mb,,100,5.368,0.57,us,us2000hgpy,2018-11-14T17:40:19.040Z,"63 km SW of Palimbang, Philippines",earthquake,13.2,11.3,0.1,29,reviewed,us,us
2018-09-10T14:21:42.580Z,6.4876,123.694,607.4,4.5,mb,,115,5.33,0.86,us,us2000hbwf,2018-11-21T18:19:08.040Z,"Moro Gulf, Mindanao, Philippines",earthquake,12.9,11.6,0.099,30,reviewed,us,us
2018-09-16T00:03:26.210Z,6.3515,126.1814,144.27,4.7,mb,,92,0.931,0.78,us,us2000hfah,2018-11-21T18:19:12.040Z,"1 km SSE of Pondaguitan, Philippines",earthquake,8.1,5.6,0.067,68,reviewed,us,us
2018-09-16T16:04:27.530Z,5.7873,126.3024,132.35,4.5,mb,,108,1.462,0.78,us,us2000hicf,2018-11-21T18:19:17.040Z,"64 km SSE of Pondaguitan, Philippines",earthquake,9.8,7.1,0.088,38,reviewed,us,us
2018-09-26T22:40:28.000Z,6.4155,125.8377,141.06,4.4,mb,,107,0.698,0.65,us,us1000h30j,2018-12-01T16:42:25.040Z,"23 km ENE of Lais, Philippines",earthquake,9.5,6,0.073,54,reviewed,us,us
2018-10-02T06:26:25.080Z,4.8971,125.4005,185.17,4.7,mb,,122,2.165,0.69,us,us1000h5ib,2018-12-14T20:32:39.040Z,"56 km S of Sarangani, Philippines",earthquake,7.7,8.4,0.1,30,reviewed,us,us
2018-10-03T21:44:20.460Z,7.0812,125.8396,35,4.5,mb,,122,0.258,0.99,us,us1000h6lu,2018-12-14T20:32:40.040Z,"6 km ESE of Aumbay, Philippines",earthquake,9.8,2,0.124,19,reviewed,us,us
2018-10-08T14:54:14.960Z,5.948,126.036,147.19,4.5,mb,,106,1.203,0.51,us,us1000h8rz,2018-12-21T21:15:47.040Z,"39 km E of Mangili, Philippines",earthquake,5,8.1,0.088,38,reviewed,us,us
2018-10-13T06:56:48.240Z,4.5046,125.7218,176.25,4.5,mb,,113,2.552,0.72,us,us1000hdws,2018-12-21T21:15:55.040Z,"103 km SSE of Sarangani, Philippines",earthquake,5.5,8.8,0.118,21,reviewed,us,us
2018-10-18T18:15:58.530Z,6.5774,125.5875,136.96,4.4,mb,,137,0.489,0.76,us,us1000hg48,2018-12-21T22:27:09.040Z,"9 km NNE of Tubalan, Philippines",earthquake,9.5,6.6,0.143,14,reviewed,us,us
2018-10-28T00:01:51.780Z,5.5657,125.9763,149.94,4.3,mb,,142,1.545,0.69,us,us2000i5yw,2019-01-10T17:18:44.040Z,"53 km SE of Caburan, Philippines",earthquake,9.4,8.5,0.137,15,reviewed,us,us
2018-11-04T07:55:29.280Z,7.7599,123.867,600.71,6,mww,,22,1.831,0.6,us,us2000i6mv,2022-08-08T09:49:28.479Z,"10 km SSE of Sapad, Philippines",earthquake,8.9,3.3,0.036,74,reviewed,us,us
2018-11-12T14:49:14.390Z,6.2533,123.7598,24.4,4.8,mb,,63,1.98,0.71,us,us1000hqu5,2019-01-30T18:36:22.040Z,"37 km SW of Sangay, Philippines",earthquake,6.8,6.4,0.092,36,reviewed,us,us
2018-11-12T14:55:02.800Z,6.2725,123.8028,35,4.7,mb,,54,1.934,0.8,us,us1000hqu6,2019-01-30T18:36:22.040Z,"32 km SW of Sangay, Philippines",earthquake,2.3,2,0.089,38,reviewed,us,us
2018-11-17T03:15:06.780Z,5.6237,126.4789,56.02,4.5,mb,,160,1.692,0.91,us,us1000ht2g,2019-01-30T18:36:25.040Z,"88 km SSE of Pondaguitan, Philippines",earthquake,5.7,10.2,0.118,21,reviewed,us,us
2018-11-20T08:34:57.150Z,4.6738,125.2961,23.94,4.7,mb,,101,2.396,0.5,us,us1000hx3n,2019-02-02T20:02:31.040Z,"82 km SSW of Sarangani, Philippines",earthquake,8.4,6.5,0.076,53,reviewed,us,us
2018-11-24T04:49:08.410Z,6.0949,126.1541,131.01,4.5,mb,,109,1.124,0.44,us,us1000hw11,2019-02-02T20:02:29.040Z,"29 km S of Pondaguitan, Philippines",earthquake,12.1,9.3,0.072,57,reviewed,us,us
2018-12-01T01:23:21.630Z,4.9134,126.4217,88.68,4.1,mb,,171,4.22,0.57,us,us1000i3jg,2019-02-09T19:02:22.040Z,"119 km ESE of Sarangani, Philippines",earthquake,6.3,11.8,0.151,12,reviewed,us,us
2018-12-06T14:13:43.420Z,6.6594,125.67,185.75,5.3,mww,,33,0.417,0.95,us,us1000i3i6,2025-12-22T17:52:45.596Z,"21 km NNE of Tubalan, Philippines",earthquake,7.1,3.8,0.049,40,reviewed,us,us
2018-12-07T13:00:14.350Z,5.6114,125.1483,75.53,4.2,mb,,142,1.51,1.48,us,us2000it9z,2019-02-16T19:52:29.040Z,"16 km SW of Burias, Philippines",earthquake,8.5,13.9,0.152,12,reviewed,us,us
2018-12-11T07:07:38.230Z,5.1548,126.0437,82.19,4.4,mb,,114,1.957,0.53,us,us2000iupm,2019-02-16T22:29:04.040Z,"69 km ESE of Sarangani, Philippines",earthquake,7.2,11.8,0.162,11,reviewed,us,us
2018-12-12T22:19:00.910Z,4.9806,125.3132,192.63,4.6,mb,,101,2.092,1.16,us,us2000iuu8,2019-02-16T22:29:06.040Z,"49 km SSW of Sarangani, Philippines",earthquake,9.1,9.7,0.119,21,reviewed,us,us
2018-12-19T17:20:54.810Z,6.2919,123.7735,35,4.2,mb,,60,1.952,0.78,us,us2000j0au,2019-02-23T20:22:55.040Z,"34 km WSW of Sangay, Philippines",earthquake,8.2,2,0.141,14,reviewed,us,us
2018-12-19T22:38:00.660Z,6.6403,126.2923,77.64,4.6,mb,,100,0.826,0.84,us,us2000iv65,2022-08-08T10:51:11.373Z,"20 km E of Tibanbang, Philippines",earthquake,9.1,5.8,0.076,51,reviewed,us,us
2018-12-20T15:02:25.710Z,5.7429,125.8065,120.97,4.6,mb,,53,1.337,1.08,us,us2000ivdu,2019-02-23T20:21:43.040Z,"26 km SE of Caburan, Philippines",earthquake,6.8,6,0.066,69,reviewed,us,us
2018-12-25T16:07:36.570Z,5.4785,125.4344,170.24,4.6,mb,,154,1.587,0.4,us,us2000j327,2019-03-05T17:46:33.040Z,"8 km NNW of Sarangani, Philippines",earthquake,10.9,9.1,0.146,15,reviewed,us,us
2018-12-25T23:31:19.620Z,4.6589,125.7711,175.79,4.2,mb,,93,2.402,1,us,us2000j32c,2019-03-05T17:46:33.040Z,"89 km SSE of Sarangani, Philippines",earthquake,7.9,6.4,0.102,27,reviewed,us,us
2018-12-26T13:34:41.620Z,5.6115,126.3137,61.96,4.5,mb,,159,1.622,0.81,us,us2000ixpp,2019-03-05T17:46:34.040Z,"81 km ESE of Caburan, Philippines",earthquake,9,8.8,0.101,29,reviewed,us,us
2018-12-27T02:31:19.250Z,5.353,125.6669,100.16,4.4,mb,,74,1.707,0.41,us,us2000j44l,2019-03-05T17:46:35.040Z,"23 km ESE of Sarangani, Philippines",earthquake,4.5,7.9,0.08,45,reviewed,us,us
2018-12-29T11:09:34.300Z,5.5905,126.4456,95.67,4,mb,,170,1.703,0.75,us,us2000j527,2019-03-05T17:46:38.040Z,"90 km SSE of Pondaguitan, Philippines",earthquake,10.3,15.3,0.156,11,reviewed,us,us
2018-12-29T13:55:50.050Z,5.9658,126.458,82.87,4.2,mb,,137,1.401,0.84,us,us2000j52n,2019-03-05T17:46:38.040Z,"53 km SE of Pondaguitan, Philippines",earthquake,10,11,0.176,9,reviewed,us,us
2018-12-30T13:10:12.130Z,4.6684,125.6025,88.31,4.4,mb,,139,2.385,1.14,us,us2000j55j,2019-03-05T17:46:39.040Z,"82 km S of Sarangani, Philippines",earthquake,8.6,14.6,0.189,8,reviewed,us,us
2019-01-02T13:36:01.430Z,5.5593,126.3478,57.53,4.6,mb,,149,1.683,0.75,us,us2000iztz,2019-03-08T17:50:14.040Z,"87 km ESE of Caburan, Philippines",earthquake,9.9,2.8,0.119,21,reviewed,us,us
2019-01-02T21:26:47.340Z,5.6609,125.8541,114.29,4.4,mb,,120,1.426,0.83,us,us2000j5ul,2019-03-08T17:50:21.040Z,"36 km SE of Caburan, Philippines",earthquake,9.2,7.6,0.115,22,reviewed,us,us
2019-01-08T23:18:17.440Z,5.2099,124.1076,495.25,4.2,mb,,76,2.356,0.82,us,us2000j1jy,2019-04-02T20:51:29.040Z,"101 km SSW of Maitum, Philippines",earthquake,10.5,9,0.072,54,reviewed,us,us
2019-01-19T10:51:41.990Z,6.3405,125.9541,124.37,4.2,mb,,159,0.814,0.81,us,us2000jbzn,2019-04-05T21:41:04.040Z,"21 km WSW of Surup, Philippines",earthquake,3.7,8.9,0.124,18,reviewed,us,us
2019-01-19T15:52:57.640Z,6.0302,126.1758,88.14,4.5,mb,,126,1.19,1.42,us,us2000jbzz,2019-04-05T21:41:04.040Z,"36 km S of Pondaguitan, Philippines",earthquake,10.3,9.9,0.131,17,reviewed,us,us
2019-01-23T09:40:05.240Z,4.6362,125.7977,157.53,4.2,mb,,132,2.427,0.84,us,us2000je4u,2019-04-12T17:16:33.040Z,"Pulau-Pulau Sangihe, Indonesia",earthquake,8.4,8,0.106,25,reviewed,us,us
2019-01-24T05:30:27.880Z,6.2656,123.4446,15.7,4.4,mb,,50,2.265,0.77,us,us2000j84s,2019-04-12T17:14:31.040Z,"69 km WSW of Sangay, Philippines",earthquake,7.6,5.7,0.109,24,reviewed,us,us
2019-01-26T20:56:31.880Z,6.5854,126.4309,114,4.3,mb,,125,0.973,0.5,us,us2000jevh,2019-04-12T17:17:09.040Z,"32 km SSE of Tamisan, Philippines",earthquake,11.6,8.8,0.188,8,reviewed,us,us
2019-01-29T05:26:41.950Z,5.1074,125.8868,113.84,4.5,mb,,112,1.973,0.94,us,us2000j9yt,2022-08-08T11:55:50.440Z,"57 km SE of Sarangani, Philippines",earthquake,4,8.3,0.063,74,reviewed,us,us
2019-02-03T02:43:14.310Z,6.5365,125.5745,208.52,4.2,mb,,137,0.529,0.7,us,us2000jn7j,2019-04-18T19:09:47.040Z,"4 km NNE of Tubalan, Philippines",earthquake,13.1,6.2,0.132,16,reviewed,us,us
2019-02-05T04:25:11.290Z,4.7717,125.4718,210.54,4.3,mb,,83,2.285,0.96,us,us2000jdh6,2019-04-25T15:31:40.040Z,"69 km S of Sarangani, Philippines",earthquake,9.5,7.6,0.096,31,reviewed,us,us
2019-02-12T08:01:22.222Z,4.925,126.2989,89,4.9,mb,,87,2.247,0.98,us,us2000jgjn,2019-05-01T22:00:34.040Z,"Pulau-Pulau Talaud, Indonesia",earthquake,7.9,7.7,0.065,75,reviewed,us,us
2019-02-14T02:37:31.240Z,6.5107,123.9533,10,4.6,mb,,49,1.707,0.75,us,us2000jhqc,2019-05-01T22:00:41.040Z,"9 km WSW of Bantogon, Philippines",earthquake,7.1,1.9,0.111,24,reviewed,us,us
2019-02-18T08:07:43.490Z,4.6295,123.3867,551.53,4.2,mb,,105,4.356,0.61,us,us1000j8tf,2019-05-01T22:00:31.040Z,"196 km SSW of Palimbang, Philippines",earthquake,11.1,9.1,0.094,31,reviewed,us,us
2019-02-19T13:28:46.720Z,6.8793,124.9897,4.31,4.4,mb,,90,0.615,0.46,us,us1000j8vb,2019-05-11T17:40:30.040Z,"9 km ENE of Bagontapay, Philippines",earthquake,7.8,5.7,0.143,14,reviewed,us,us
2019-02-25T01:53:04.390Z,5.5536,125.4599,157.11,4.1,mb,,130,1.51,0.3,us,us1000jbv8,2019-05-11T17:40:36.040Z,"6 km ESE of Bukid, Philippines",earthquake,10.4,8.1,0.14,14,reviewed,us,us
2019-02-27T19:20:51.410Z,7.5449,126.4773,101.58,4,mb,,108,1.008,0.72,us,us1000jce8,2019-05-14T18:36:24.040Z,"1 km WSW of Batiano, Philippines",earthquake,11.9,10.1,0.183,8,reviewed,us,us
2019-02-28T05:16:30.730Z,5.618,126.1508,91.42,4.4,mb,,113,1.55,0.56,us,us1000j8h2,2019-05-14T18:36:11.040Z,"65 km ESE of Caburan, Philippines",earthquake,9.5,8.4,0.09,35,reviewed,us,us
2019-03-01T01:00:41.387Z,5,125.3574,179.38,5.2,mww,,111,2.068,1.45,us,us1000j92p,2025-12-22T18:19:17.376Z,"Pulau-Pulau Sangihe, Indonesia",earthquake,8.2,5.5,0.058,29,reviewed,us,us
2019-03-05T04:33:14.880Z,5.8916,126.0326,132.17,4.5,mb,,97,1.254,0.55,us,us1000jfij,2019-05-24T21:21:34.040Z,"40 km ESE of Mangili, Philippines",earthquake,7.8,3.6,0.093,34,reviewed,us,us
2019-03-08T14:48:28.557Z,7.1591,124.9877,30.04,4.5,mb,,69,0.593,0.53,us,us1000jccu,2019-05-24T21:21:17.040Z,"2 km ESE of Linao, Philippines",earthquake,7.9,5.3,0.079,47,reviewed,us,us
2019-03-15T09:55:32.448Z,6.1903,125.3828,91.44,4.6,mb,,89,0.895,0.83,us,us1000jgag,2019-06-01T21:24:16.040Z,"13 km SE of Manga, Philippines",earthquake,4.8,7.4,0.091,36,reviewed,us,us
2019-03-15T23:07:56.585Z,6.2517,125.3722,90.11,5.5,mww,,15,0.838,0.84,us,us1000jgvf,2025-12-22T18:06:14.430Z,"8 km ESE of Manga, Philippines",earthquake,4.9,3.6,0.056,31,reviewed,us,us
2019-03-20T03:03:34.492Z,6.0669,126.007,129.54,4.5,mb,,168,1.083,0.57,us,us2000k6mq,2019-06-06T18:54:04.040Z,"33 km E of Lamitan, Philippines",earthquake,12.8,7.7,0.15,13,reviewed,us,us
2019-03-21T18:57:17.397Z,7.1722,126.3282,35,4.5,mb,,131,0.75,0.64,us,us2000k730,2019-06-06T18:54:12.040Z,"15 km NNE of Limot, Philippines",earthquake,8.8,2,0.144,14,reviewed,us,us
2019-04-06T13:57:24.475Z,5.3477,125.5533,206.38,4.5,mb,,82,1.71,1.18,us,us2000kbc8,2022-08-08T13:14:58.267Z,"11 km ESE of Sarangani, Philippines",earthquake,8.7,2.6,0.057,91,reviewed,us,us
2019-04-12T16:21:01.245Z,7.8844,125.0776,34.62,4.4,mb,,124,0.95,0.98,us,us700038kn,2019-06-20T19:03:26.040Z,"3 km SW of NIA Valencia, Philippines",earthquake,11,3.5,0.148,13,reviewed,us,us
2019-04-15T09:13:58.451Z,4.5496,125.5405,146.36,4.2,mb,,239,4.172,0.17,us,us70003bdd,2019-06-20T19:03:41.040Z,"94 km S of Sarangani, Philippines",earthquake,14.7,19.1,0.147,13,reviewed,us,us
2019-04-18T11:01:01.935Z,5.5981,124.4875,46.8,4.3,mb,,80,1.82,0.95,us,us70003ci0,2019-06-26T20:54:50.040Z,"45 km SSW of Tambilil, Philippines",earthquake,8.3,6.9,0.178,9,reviewed,us,us
2019-05-03T04:57:06.739Z,5.4389,126.1263,105.44,4.6,mb,,103,1.709,1.35,us,us70003g3z,2019-07-25T18:54:11.040Z,"73 km E of Sarangani, Philippines",earthquake,8.5,6.6,0.103,28,reviewed,us,us
2019-05-05T22:13:40.779Z,5.1635,124.8585,195.43,4.4,mb,,113,2.024,1,us,us70003l1x,2019-07-25T18:54:22.040Z,"71 km SW of Balangonan, Philippines",earthquake,10.8,8.2,0.123,19,reviewed,us,us
2019-05-07T13:03:30.862Z,4.5593,125.687,47.72,4.4,mb,,133,4.119,0.45,us,us70003m1n,2019-08-01T17:15:19.040Z,"96 km SSE of Sarangani, Philippines",earthquake,13,10.3,0.161,11,reviewed,us,us
2019-05-13T03:59:42.719Z,5.6675,125.7266,140.47,4.5,mb,,55,1.4,0.9,us,us70003k75,2019-08-01T17:15:16.040Z,"Mindanao, Philippines",earthquake,8.5,5.6,0.059,85,reviewed,us,us
2019-05-13T10:53:20.047Z,5.3296,125.6437,167.14,4.6,mb,,82,1.729,1.06,us,us70003kbs,2019-08-01T17:15:16.040Z,"21 km ESE of Sarangani, Philippines",earthquake,8.2,7.6,0.107,26,reviewed,us,us
2019-05-16T01:07:14.951Z,4.9219,125.2961,177.24,4.3,mb,,86,2.152,0.51,us,us70003lxx,2019-08-07T22:03:40.040Z,"56 km SSW of Sarangani, Philippines",earthquake,9.2,8.7,0.096,31,reviewed,us,us
2019-05-31T10:12:32.876Z,6.2795,126.479,98.72,6.1,mww,,26,1.189,0.74,us,us70003tl7,2025-12-22T18:10:03.995Z,"34 km ESE of Pondaguitan, Philippines",earthquake,6.2,4.6,0.048,41,reviewed,us,us
2019-06-05T20:41:49.574Z,6.4759,124.1678,470.06,5.5,mww,,23,1.52,0.91,us,us70003w0p,2025-12-22T18:14:42.823Z,"9 km E of Kulaman, Philippines",earthquake,9,3.9,0.053,34,reviewed,us,us
2019-06-06T08:24:02.589Z,4.7679,126.0615,107.84,4.4,mb,,132,2.336,0.77,us,us600040bh,2019-08-27T17:47:39.040Z,"96 km SE of Sarangani, Philippines",earthquake,9.9,9.1,0.12,20,reviewed,us,us
2019-06-07T18:19:24.269Z,5.4371,125.2667,45.11,4.4,mb,,103,1.651,0.78,us,us600040em,2019-08-27T17:47:48.040Z,"17 km SSW of Balangonan, Philippines",earthquake,7.7,8.1,0.109,28,reviewed,us,us
2019-06-08T20:34:54.059Z,5.2978,126.424,35,4.4,mb,,118,1.95,0.69,us,us600040qa,2019-08-27T17:47:57.040Z,"107 km E of Sarangani, Philippines",earthquake,8,2,0.117,21,reviewed,us,us
2019-06-09T06:47:59.128Z,5.01,126.0833,105.94,4.2,mb,,139,4.4,0.82,us,us600040r9,2019-08-27T17:47:58.040Z,"81 km ESE of Sarangani, Philippines",earthquake,12.8,10.2,0.141,14,reviewed,us,us
2019-06-12T02:55:39.709Z,5.8458,126.0534,108.25,4.3,mb,,116,1.304,0.71,us,us600042ib,2019-09-06T14:25:20.040Z,"44 km ESE of Mangili, Philippines",earthquake,9.9,7.6,0.177,9,reviewed,us,us
2019-06-13T05:15:36.998Z,5.5771,126.4182,153.29,4.1,mb,,142,1.701,0.81,us,us600043k9,2019-09-06T14:25:21.040Z,"90 km SSE of Pondaguitan, Philippines",earthquake,13,10.9,0.158,11,reviewed,us,us
2019-06-15T20:43:16.946Z,5.3509,126.3559,57.55,4.2,mb,,114,1.874,0.91,us,us60004492,2019-09-06T14:25:24.040Z,"99 km E of Sarangani, Philippines",earthquake,3.6,9.5,0.136,15,reviewed,us,us
2019-06-23T11:58:37.948Z,5.9355,126.2996,35,4.5,mb,,105,1.335,0.82,us,us700048qi,2019-09-11T15:19:36.040Z,"48 km SSE of Pondaguitan, Philippines",earthquake,8.5,2,0.101,29,reviewed,us,us
2019-06-30T01:10:38.881Z,6.922,123.8771,56.65,4.9,mb,,129,1.695,0.52,us,us70004gti,2019-09-14T16:08:36.040Z,"20 km NW of Gadung, Philippines",earthquake,7.8,9.2,0.168,13,reviewed,us,us
2019-07-01T15:43:51.227Z,5.1635,125.2816,177.79,4.4,mb,,106,1.916,0.64,us,us70004hw7,2019-09-14T16:08:38.040Z,"33 km SW of Sarangani, Philippines",earthquake,7.7,6.7,0.08,45,reviewed,us,us
2019-07-02T19:56:03.743Z,5.6155,124.1682,443.33,4.2,mb,,102,2.013,0.9,us,us70004i9i,2019-09-26T14:31:04.040Z,"59 km SW of Mabay, Philippines",earthquake,9.6,10.9,0.146,14,reviewed,us,us
2019-07-09T12:36:58.915Z,6.8138,125.1193,10,5.6,mww,,39,0.522,0.92,us,us70004fsk,2025-12-22T18:18:10.720Z,"8 km W of Dolo, Philippines",earthquake,7,1.8,0.043,52,reviewed,us,us
2019-07-09T13:41:26.023Z,6.6268,125.2114,10,4.4,mb,,162,0.571,0.66,us,us70004nvs,2019-09-28T20:01:28.040Z,"3 km WNW of Kiblawan, Philippines",earthquake,9.3,1.8,0.178,9,reviewed,us,us
2019-07-09T14:12:58.408Z,6.7928,125.1067,15.63,4.9,mb,,61,0.543,0.67,us,us70004fu9,2025-12-22T17:54:57.033Z,"8 km WNW of Magsaysay, Philippines",earthquake,4.9,5.4,0.046,145,reviewed,us,us
2019-07-09T15:31:45.675Z,6.727,125.0622,10,4.9,mb,,64,0.615,0.74,us,us70004fxg,2025-12-22T18:13:10.144Z,"14 km WSW of Magsaysay, Philippines",earthquake,6.1,0.7,0.045,161,reviewed,us,us
2019-07-10T00:56:38.606Z,6.8679,125.1054,31.19,5,mww,,49,0.511,0.77,us,us70004ggm,2025-12-22T18:13:11.042Z,"7 km WSW of Bulatukan, Philippines",earthquake,5.2,3.1,0.073,18,reviewed,us,us
2019-07-10T04:57:13.871Z,6.1476,123.8169,10,4.5,mb,,106,1.975,0.9,us,us70004nzj,2019-09-28T20:01:28.040Z,"41 km SW of Sangay, Philippines",earthquake,6.3,1.8,0.171,10,reviewed,us,us
2019-07-12T03:09:03.835Z,6.0418,126.0267,124,4.3,mb,,137,1.113,0.43,us,us70004qi7,2019-09-28T20:01:30.040Z,"36 km E of Lamitan, Philippines",earthquake,12.8,11.6,0.178,9,reviewed,us,us
2019-07-12T11:04:25.120Z,5.6658,126.4118,140.86,4.3,mb,,113,1.621,1.08,us,us70004qip,2019-09-28T20:01:30.040Z,"81 km SSE of Pondaguitan, Philippines",earthquake,10.8,7.4,0.126,18,reviewed,us,us
2019-07-15T00:14:10.840Z,6.5407,126.0869,86.25,4.7,mb,,85,0.728,0.58,us,us70004k9c,2019-09-28T20:01:24.040Z,"1 km SW of Magdug, Philippines",earthquake,8.7,7.2,0.106,27,reviewed,us,us
2019-07-15T04:26:30.599Z,6.5821,125.2755,10.54,4.6,mb,,106,0.57,0.65,us,us60004uu6,2019-09-28T20:00:42.040Z,"5 km SE of Kiblawan, Philippines",earthquake,6.8,4.8,0.129,19,reviewed,us,us
2019-07-19T05:39:52.983Z,5.3155,124.7996,373.82,4.5,mb,,100,1.907,0.65,us,us70004npi,2019-10-04T16:37:18.040Z,"62 km S of Lumatil, Philippines",earthquake,9.6,8.5,0.084,41,reviewed,us,us
2019-07-20T13:30:21.141Z,5.2456,123.5157,581.26,4.5,mb,,103,4.931,0.97,us,us70004pmz,2019-10-04T16:37:27.040Z,"130 km SW of Palimbang, Philippines",earthquake,12.9,10.9,0.099,30,reviewed,us,us
2019-07-20T18:30:13.131Z,7.8336,126.438,53.4,4.6,mb,,81,1.14,0.81,us,us70004prc,2019-10-04T16:37:27.040Z,"4 km NNW of Cateel, Philippines",earthquake,8.2,4.9,0.072,62,reviewed,us,us
2019-07-30T13:02:17.245Z,5.2438,125.2036,195.77,4.3,mb,,144,1.852,1.07,us,us600051um,2019-10-19T21:42:15.040Z,"33 km WSW of Sarangani, Philippines",earthquake,16.3,10.2,0.137,15,reviewed,us,us
2019-07-31T16:39:19.892Z,6.4409,126.0791,70.48,4.4,mb,,128,0.798,0.56,us,us60004y2e,2019-10-19T21:42:01.040Z,"5 km SW of Tiblawan, Philippines",earthquake,11.6,7.2,0.13,17,reviewed,us,us
2019-08-02T07:22:12.810Z,4.9791,125.9637,95.55,4.5,mb,,77,2.111,0.85,us,us600052um,2019-10-19T21:42:19.040Z,"72 km SE of Sarangani, Philippines",earthquake,8.5,8.3,0.108,25,reviewed,us,us
2019-08-02T16:10:11.163Z,6.014,125.8276,148.45,5.2,mww,,36,1.077,1.18,us,us60004znb,2025-12-22T18:14:23.334Z,"15 km E of Mangili, Philippines",earthquake,9.6,4.9,0.098,10,reviewed,us,us
2019-08-06T17:32:49.477Z,7.2868,125.4651,63.39,4.3,mb,,98,0.243,0.7,us,us600054ze,2019-10-29T20:33:38.040Z,"7 km N of Dacudao, Philippines",earthquake,4,6.8,0.126,20,reviewed,us,us
2019-08-07T05:11:13.863Z,5.1411,123.9475,486.21,4.5,mb,,66,2.51,0.94,us,us600051qu,2019-10-29T20:33:40.040Z,"116 km SSW of Mabay, Philippines",earthquake,11.3,8.4,0.08,46,reviewed,us,us
2019-08-07T19:53:26.150Z,5.9636,125.8788,84.6,4.6,mb,,111,1.138,0.92,us,us60005209,2019-10-29T20:33:41.040Z,"22 km ESE of Mangili, Philippines",earthquake,9.6,8.2,0.057,90,reviewed,us,us
2019-08-12T10:38:13.460Z,5.8894,126.3756,153.69,4.4,mb,,87,1.414,0.67,us,us6000570l,2019-10-29T20:34:04.040Z,"56 km SSE of Pondaguitan, Philippines",earthquake,9.8,8.1,0.064,71,reviewed,us,us
2019-08-13T03:30:30.993Z,5.9869,126.0739,141.61,4.7,mb,,92,1.182,0.72,us,us600054du,2019-11-02T15:26:03.040Z,"42 km ESE of Lamitan, Philippines",earthquake,7.4,6.8,0.06,84,reviewed,us,us
2019-08-20T07:13:05.721Z,7.4147,124.8014,24.69,4.4,mb,,87,0.844,0.73,us,us700058qf,2019-11-08T22:13:50.040Z,"5 km N of Liliongan, Philippines",earthquake,7.7,6.7,0.109,24,reviewed,us,us
2019-08-22T04:36:15.615Z,7.2664,124.6802,10,4.5,mb,,78,0.913,0.97,us,us70005973,2019-11-08T22:13:52.040Z,"7 km SE of Malitubog, Philippines",earthquake,6.8,1.9,0.172,10,reviewed,us,us
2019-08-22T04:42:16.476Z,7.4196,124.5795,10,4.4,mb,,83,1.05,0.99,us,us70005972,2019-11-08T22:13:51.040Z,"7 km WNW of Bau, Philippines",earthquake,7.1,1.9,0.162,11,reviewed,us,us
2019-08-31T07:42:32.843Z,6.1797,126.4912,37.03,4.6,mb,,114,1.266,0.5,us,us70005ail,2019-11-15T17:20:51.040Z,"40 km ESE of Pondaguitan, Philippines",earthquake,6,8.2,0.125,19,reviewed,us,us
2019-09-01T06:23:52.143Z,5.1648,125.2456,56.17,4.7,mb,,51,1.921,0.91,us,us70005atm,2019-11-15T17:21:20.040Z,"35 km SW of Sarangani, Philippines",earthquake,5.3,7.1,0.072,60,reviewed,us,us
2019-09-02T18:54:22.700Z,6.0555,123.922,530.57,4.4,mb,,101,5.468,0.91,us,us70005cw1,2019-11-15T17:22:02.040Z,"34 km WSW of Palimbang, Philippines",earthquake,9.4,12.5,0.109,24,reviewed,us,us
2019-09-05T05:37:24.288Z,5.8286,126.1335,114.08,4.3,mb,,184,1.35,0.53,us,us70005gy7,2019-11-30T19:36:16.040Z,"53 km ESE of Mangili, Philippines",earthquake,14.6,13.9,0.148,13,reviewed,us,us
2019-09-08T13:49:16.791Z,6.1092,125.515,35,5,mww,,56,0.956,1,us,us70005deu,2025-12-22T18:16:07.995Z,"15 km ENE of Suyan, Philippines",earthquake,4.6,1.9,0.078,16,reviewed,us,us
2019-09-10T05:39:24.000Z,6.6371,126.4167,48,5.7,mww,,21,0.936,1.39,us,us70005dza,2025-12-22T18:16:23.809Z,"26 km SSE of Tamisan, Philippines",earthquake,6.5,1.9,0.047,44,reviewed,us,us
2019-09-10T18:46:08.307Z,6.1366,125.3859,45.95,4.7,mb,,83,0.946,0.54,us,us70005ebh,2019-12-05T18:30:54.040Z,"8 km N of Suyan, Philippines",earthquake,6.9,7.2,0.071,63,reviewed,us,us
2019-09-10T22:24:26.632Z,5.2787,125.9074,76.37,4,mb,,172,1.809,0.84,us,us60005l8i,2019-12-05T18:30:50.040Z,"51 km ESE of Sarangani, Philippines",earthquake,11.1,11.7,0.183,8,reviewed,us,us
2019-09-13T12:39:46.389Z,6.4075,125.1201,10,4.5,mb,,76,0.8,0.86,us,us60005ld1,2019-12-05T18:30:51.040Z,"7 km ESE of Lampitak, Philippines",earthquake,3.8,1.9,0.128,18,reviewed,us,us
2019-09-14T19:05:06.145Z,6.6702,126.2022,85.47,4,mb,,191,0.735,0.83,us,us60005lfe,2019-12-05T18:30:52.040Z,"11 km ENE of Tibanbang, Philippines",earthquake,9,5.7,0.172,9,reviewed,us,us
2019-09-18T07:01:01.841Z,5.4093,126.4529,23.45,5.6,mww,,30,1.864,1.3,us,us70005hsp,2025-12-22T18:16:59.080Z,"106 km ESE of Caburan, Philippines",earthquake,6.1,2.6,0.055,32,reviewed,us,us
2019-09-18T10:42:07.592Z,5.4382,126.2841,70.63,4.2,mb,,118,1.765,0.89,us,us70005lqq,2019-12-10T17:27:13.040Z,"88 km SE of Caburan, Philippines",earthquake,10.7,8.9,0.128,17,reviewed,us,us
2019-09-18T12:04:04.457Z,5.3927,126.2414,76.65,4.8,mb,,87,1.791,0.71,us,us70005huq,2019-12-10T17:27:10.040Z,"86 km E of Sarangani, Philippines",earthquake,5.8,8.1,0.079,49,reviewed,us,us
2019-09-19T11:47:21.910Z,6.7306,126.1874,82.8,4.5,mb,,135,0.691,0.85,us,us60005kxp,2019-12-10T17:26:57.040Z,"9 km E of Talisay, Philippines",earthquake,9.1,7.3,0.104,27,reviewed,us,us
2019-09-21T21:32:31.792Z,5.4095,126.4563,35,4.9,mb,,90,1.865,1.12,us,us60005luq,2019-12-10T17:27:02.040Z,"106 km ESE of Caburan, Philippines",earthquake,6.3,1.9,0.059,92,reviewed,us,us
2019-09-21T22:26:06.738Z,6.5691,126.1103,78.78,4,mb,,182,0.725,0.89,us,us70005ml7,2019-12-10T17:27:17.040Z,"2 km NE of Magdug, Philippines",earthquake,12.6,6.2,0.212,6,reviewed,us,us
2019-09-27T12:45:18.549Z,5.1601,126.1447,98.79,4.1,mb,,117,1.978,0.66,us,us70005s1w,2019-12-20T19:04:26.040Z,"80 km ESE of Sarangani, Philippines",earthquake,7.7,8.9,0.114,21,reviewed,us,us
2019-09-28T12:06:11.639Z,4.56,123.4238,528.3,4.2,mb,,71,3.288,0.51,us,us70005s3h,2019-12-20T19:04:30.040Z,"201 km SSW of Malisbeng, Philippines",earthquake,11.7,8.1,0.086,37,reviewed,us,us
2019-09-29T02:40:40.265Z,5.6242,126.4268,78.45,4.4,mb,,132,4.91,0.62,us,us70005s41,2019-12-20T19:04:32.040Z,"86 km SSE of Pondaguitan, Philippines",earthquake,14,8.8,0.178,9,reviewed,us,us
2019-09-29T05:53:21.783Z,5.5647,126.3866,73.11,4.2,mb,,110,1.697,0.61,us,us70005s48,2019-12-20T19:04:33.040Z,"91 km SSE of Pondaguitan, Philippines",earthquake,3.6,9,0.097,30,reviewed,us,us
2019-09-30T02:00:14.699Z,5.7453,126.4146,99.06,4.3,mb,,187,1.555,0.81,us,us70005skn,2019-12-20T19:04:35.040Z,"72 km SSE of Pondaguitan, Philippines",earthquake,13.1,10.6,0.137,15,reviewed,us,us
2019-10-03T06:11:10.101Z,6.6099,123.6555,612.31,4.4,mb,,146,12.129,0.73,us,us70005q5b,2019-12-27T15:50:06.040Z,"42 km WNW of Bantogon, Philippines",earthquake,10.4,10.5,0.098,30,reviewed,us,us
2019-10-04T02:14:03.472Z,5.4915,126.4975,98.69,4.3,mb,,176,1.814,1.11,us,us70005tgb,2019-12-27T15:50:18.040Z,"102 km SSE of Pondaguitan, Philippines",earthquake,12,12.2,0.177,9,reviewed,us,us
2019-10-07T22:37:28.190Z,6.0401,125.4474,62.24,4.5,mb,,80,1.031,0.84,us,us70005rsr,2019-12-27T15:51:11.040Z,"7 km ESE of Suyan, Philippines",earthquake,8.5,8.3,0.089,37,reviewed,us,us
2019-10-08T01:49:46.683Z,5.3468,124.7935,10,4.5,mb,,97,1.881,0.8,us,us70005uph,2019-12-28T20:45:48.040Z,"59 km S of Lumatil, Philippines",earthquake,4.1,1.8,0.14,15,reviewed,us,us
2019-10-11T01:55:07.193Z,6.6978,125.0281,10,5.1,mb,,60,0.66,0.82,us,us70005ta8,2025-12-22T18:18:16.353Z,"9 km NE of Telafas, Philippines",earthquake,6.9,1.8,0.052,120,reviewed,us,us
2019-10-13T21:05:31.028Z,5.9504,125.6752,92.07,4.4,mb,,134,1.116,0.51,us,us70005wvw,2019-12-28T20:46:22.040Z,"2 km ESE of Culaman, Philippines",earthquake,10.7,7,0.1,29,reviewed,us,us
2019-10-14T00:48:15.856Z,6.914,123.7446,42.3,4.5,mb,,62,1.827,1.35,us,us70005x5x,2019-12-28T20:46:23.040Z,"32 km WNW of Gadung, Philippines",earthquake,8.1,10.7,0.128,18,reviewed,us,us
2019-10-14T23:55:55.221Z,6.7977,124.9055,10,4.8,mb,,70,0.721,0.72,us,us70005u82,2019-12-28T20:45:52.040Z,"0 km WNW of Bual, Philippines",earthquake,4.2,1.8,0.074,56,reviewed,us,us
2019-10-15T01:37:37.342Z,5.5661,126.4543,94.82,4.6,mb,,108,1.728,0.37,us,us70005u8b,2020-01-03T16:09:15.040Z,"93 km SSE of Pondaguitan, Philippines",earthquake,9.5,4.4,0.086,40,reviewed,us,us
2019-10-16T11:37:06.342Z,6.7147,125.007,16.12,6.4,mww,,33,0.668,0.85,us,us70005ulm,2025-12-22T18:18:31.808Z,"7 km ENE of Columbio, Philippines",earthquake,6.4,4.2,0.043,53,reviewed,us,us
2019-10-16T12:09:31.035Z,6.7497,125.0133,11.97,5.3,mww,,44,0.645,0.69,us,us70005ulv,2025-12-22T18:18:32.978Z,"10 km NE of Columbio, Philippines",earthquake,5.8,3.7,0.065,23,reviewed,us,us
2019-10-16T12:18:22.882Z,6.7966,124.9652,10,4.4,mb,,101,0.667,0.25,us,us6000627v,2020-01-03T16:09:19.040Z,"6 km E of Bual, Philippines",earthquake,6.5,2,0.218,6,reviewed,us,us
2019-10-16T12:21:01.108Z,6.6563,125.267,10,4.9,mb,,102,0.514,0.65,us,us70005ulx,2022-08-08T16:23:15.860Z,"2 km W of Malinao, Philippines",earthquake,6.7,1.9,0.093,36,reviewed,us,us
2019-10-16T13:24:46.204Z,6.7038,125.0068,10,4.6,mb,,81,0.674,0.42,us,us6000627g,2020-01-03T16:09:19.040Z,"7 km E of Columbio, Philippines",earthquake,7,1.9,0.157,12,reviewed,us,us
2019-10-16T14:41:24.545Z,6.6064,125.1512,10,4.4,mb,,116,0.626,0.69,us,us6000627h,2020-01-03T16:09:20.040Z,"9 km W of Kiblawan, Philippines",earthquake,4.2,1.9,0.138,15,reviewed,us,us
2019-10-16T21:02:17.203Z,6.6856,125.1609,10,4.1,mb,,96,0.564,0.97,us,us6000627r,2021-08-10T13:58:32.730Z,"9 km SSW of Magsaysay, Philippines",earthquake,4.9,2,0.261,4,reviewed,us,us
2019-10-17T01:28:56.284Z,5.1919,126.1402,75.17,5,mww,,54,1.947,0.94,us,us70005uuk,2025-12-22T17:55:50.533Z,"78 km ESE of Sarangani, Philippines",earthquake,6.7,4.3,0.065,23,reviewed,us,us
2019-10-17T01:53:40.238Z,6.7366,125.0284,10,4.7,mb,,70,0.639,0.73,us,us70005uup,2020-01-03T16:09:22.040Z,"11 km ENE of Columbio, Philippines",earthquake,3.7,1.9,0.117,22,reviewed,us,us
2019-10-17T06:18:23.220Z,6.8437,125.117,10,4.4,mb,,80,0.51,0.95,us,us6000628b,2020-01-03T16:09:23.040Z,"8 km SW of Bulatukan, Philippines",earthquake,6.6,2,0.162,11,reviewed,us,us
2019-10-17T15:05:50.300Z,6.6623,124.9833,10,5,mb,,70,0.716,0.58,us,us70005v0d,2020-01-03T16:09:24.040Z,"3 km NNE of Telafas, Philippines",earthquake,5.2,0.6,0.054,111,reviewed,us,us
2019-10-17T17:49:58.447Z,6.6571,124.8965,10,4.4,mb,,94,0.792,1.33,us,us70006bw1,2020-01-03T16:09:25.040Z,"2 km ENE of Bayasong, Philippines",earthquake,6.7,2,0.179,9,reviewed,us,us
2019-10-18T10:56:20.572Z,6.8171,124.9636,10,4.9,mb,,58,0.66,0.53,us,us70005ve0,2020-01-03T16:09:29.040Z,"6 km ENE of Bual, Philippines",earthquake,7.2,1.9,0.082,46,reviewed,us,us
2019-10-18T13:18:43.257Z,4.8699,125.2621,53.14,4.8,mww,,66,2.208,0.89,us,us70005vfq,2025-12-22T18:19:37.255Z,"63 km SSW of Sarangani, Philippines",earthquake,7.1,5.2,0.11,8,reviewed,us,us
2019-10-18T13:44:59.181Z,6.7253,124.94,10,4.3,mb,,97,0.72,0.41,us,us60006299,2020-01-03T16:09:30.040Z,"3 km N of Columbio, Philippines",earthquake,6.8,2,0.153,12,reviewed,us,us
2019-10-18T22:52:17.986Z,6.7563,125.0935,25.43,5,mww,,26,0.573,0.75,us,us70005vrz,2025-12-22T18:19:40.653Z,"9 km W of Magsaysay, Philippines",earthquake,6,4.4,0.073,18,reviewed,us,us
2019-10-19T11:44:28.649Z,6.706,125.1938,10,4.9,mww,,74,0.526,0.87,us,us70005vxt,2020-01-03T16:09:34.040Z,"6 km S of Magsaysay, Philippines",earthquake,6.3,1.9,0.083,14,reviewed,us,us
2019-10-20T08:55:32.694Z,6.5826,125.0345,10,5.1,mww,,68,0.725,0.64,us,us70005w9m,2025-12-22T18:19:47.695Z,"7 km N of Lambayong, Philippines",earthquake,3.8,1.8,0.086,13,reviewed,us,us
2019-10-20T11:50:35.187Z,6.6609,125.1701,10,5,mww,,71,0.574,0.82,us,us70005wb8,2025-12-22T18:19:46.562Z,"8 km NW of Kiblawan, Philippines",earthquake,6.5,1.9,0.062,25,reviewed,us,us
2019-10-20T11:59:43.468Z,6.6508,125.1956,10,5.1,mww,,73,0.564,0.54,us,us70005wbd,2025-12-22T18:19:45.357Z,"6 km NW of Kiblawan, Philippines",earthquake,3.2,1.9,0.065,23,reviewed,us,us
2019-10-20T12:20:40.637Z,6.6507,125.2349,10,4.7,mb,,87,0.538,0.67,us,us70005wbm,2022-08-08T16:27:17.612Z,"3 km SW of Matanao, Philippines",earthquake,5.1,1.9,0.093,35,reviewed,us,us
2019-10-20T18:32:46.780Z,6.73,124.9577,10,4.5,mb,,77,0.703,1.19,us,us70005weu,2020-01-03T16:09:40.040Z,"4 km NNE of Columbio, Philippines",earthquake,6.6,1.9,0.135,16,reviewed,us,us
2019-10-21T13:53:05.700Z,6.7345,124.9692,10,4.5,mb,,97,0.691,0.84,us,us70005wqb,2020-01-03T16:09:44.040Z,"5 km NE of Columbio, Philippines",earthquake,4.5,1.7,0.144,14,reviewed,us,us
2019-10-22T18:45:53.595Z,6.7323,124.9942,12.86,4.5,mb,,60,0.67,0.81,us,us70005x9w,2020-01-11T21:26:24.040Z,"7 km ENE of Columbio, Philippines",earthquake,6.3,0.5,0.083,43,reviewed,us,us
2019-10-23T10:22:18.712Z,6.7462,125.07,10,4.4,mb,,81,0.599,0.38,us,us70005xmt,2020-01-11T21:26:27.040Z,"12 km W of Magsaysay, Philippines",earthquake,4.9,1.9,0.13,17,reviewed,us,us
2019-10-24T15:04:32.807Z,6.8504,124.8669,14.08,4.6,mb,,112,0.739,0.45,us,us7000621v,2020-01-11T21:26:34.040Z,"2 km NNW of Tulunan, Philippines",earthquake,5.8,5.5,0.136,17,reviewed,us,us
2019-10-27T16:05:50.718Z,6.8376,124.8947,13.29,4.3,mb,,94,0.717,0.41,us,us700063gv,2020-01-11T21:26:49.040Z,"1 km E of Tulunan, Philippines",earthquake,6.6,4.2,0.13,17,reviewed,us,us
2019-10-29T01:04:43.879Z,6.7567,125.0082,15,6.6,mww,,24,0.646,0.78,us,us6000645n,2025-12-22T18:20:20.911Z,"10 km NE of Columbio, Philippines",earthquake,5.7,1.8,0.043,52,reviewed,us,us
2019-10-29T01:09:01.253Z,6.7869,125.0186,14.1,5.6,mb,,45,0.623,0.73,us,us70006424,2025-12-22T18:25:22.952Z,"11 km E of Bual, Philippines",earthquake,3.7,3.8,0.061,95,reviewed,us,us
2019-10-29T01:13:35.535Z,6.5879,125.182,10,5.3,mb,,119,0.62,0.95,us,us7000642x,2021-06-02T08:22:30.319Z,"6 km WSW of Kiblawan, Philippines",earthquake,6.3,1.9,0.193,10,reviewed,us,us
2019-10-29T01:28:03.487Z,6.7182,124.9719,10,5.1,mb,,60,0.696,0.76,us,us6000645y,2021-05-06T10:44:47.627Z,"4 km ENE of Columbio, Philippines",earthquake,6.7,1.9,0.091,39,reviewed,us,us
2019-10-29T02:20:29.090Z,6.6535,125.0234,10,4.8,mb,,86,0.689,0.65,us,us6000646q,2020-01-18T20:00:36.040Z,"6 km ENE of Telafas, Philippines",earthquake,4,1.8,0.113,24,reviewed,us,us
2019-10-29T02:22:34.411Z,6.783,125.0496,10,5,mb,,59,0.597,0.68,us,us6000646v,2020-01-18T20:00:36.040Z,"14 km W of Magsaysay, Philippines",earthquake,5.3,1.9,0.092,38,reviewed,us,us
2019-10-29T02:34:28.231Z,6.8885,125.1572,10,4.8,mb,,56,0.455,0.82,us,us6000646y,2020-01-18T20:00:36.040Z,"1 km SSW of Bulatukan, Philippines",earthquake,5.7,1.9,0.116,23,reviewed,us,us
2019-10-29T02:42:38.284Z,6.8659,124.9846,10,5.9,mww,,23,0.623,0.89,us,us60006470,2025-12-22T18:20:22.051Z,"8 km E of Bagontapay, Philippines",earthquake,5.8,1.8,0.055,32,reviewed,us,us
2019-10-29T03:56:31.416Z,6.9481,124.881,10,4.8,mb,,59,0.703,0.69,us,us70006421,2020-01-18T20:00:59.040Z,"2 km E of Dunguan, Philippines",earthquake,5,1.8,0.1,31,reviewed,us,us
2019-10-29T07:02:15.482Z,6.7918,124.9621,10,4.4,mb,,84,0.671,0.6,us,us7000642a,2020-01-18T20:00:59.040Z,"5 km E of Bual, Philippines",earthquake,7.6,1.9,0.13,17,reviewed,us,us
2019-10-29T08:05:09.327Z,6.911,125.2768,10,4.6,mb,,76,0.339,1.25,us,us600064a4,2020-01-18T20:00:37.040Z,"12 km E of Bulatukan, Philippines",earthquake,6.2,1.9,0.114,23,reviewed,us,us
2019-10-29T08:33:12.192Z,6.8457,124.9932,10,5.4,mww,,41,0.622,1.06,us,us600064ae,2025-12-22T18:20:24.505Z,"9 km E of Bagontapay, Philippines",earthquake,3.5,1.8,0.068,21,reviewed,us,us
2019-10-29T08:46:02.343Z,6.6534,125.2527,10,5.2,mb,,66,0.525,0.96,us,us600064am,2021-05-06T06:13:02.676Z,"2 km S of Matanao, Philippines",earthquake,5.7,1.8,0.082,49,reviewed,us,us
2019-10-29T15:13:14.654Z,6.6771,125.085,10,4.5,mb,,87,0.626,0.8,us,us600064ff,2020-01-18T20:00:38.040Z,"13 km ENE of Telafas, Philippines",earthquake,6.2,1.9,0.113,23,reviewed,us,us
2019-10-29T16:37:32.683Z,6.7276,125.2195,10,4.5,mb,,92,0.493,0.78,us,us600064gd,2020-01-18T20:00:38.040Z,"4 km SW of Sinawilan, Philippines",earthquake,5.1,1.9,0.105,27,reviewed,us,us
2019-10-29T17:47:50.951Z,6.8481,124.9196,13.27,4.8,mb,,39,0.69,0.8,us,us600064h6,2020-01-18T20:00:38.040Z,"1 km SE of Bagontapay, Philippines",earthquake,5.3,4,0.067,74,reviewed,us,us
2019-10-29T21:22:07.939Z,6.7798,125.114,12.92,5,mb,,62,0.544,0.62,us,us600064kh,2020-01-18T20:00:38.040Z,"7 km W of Magsaysay, Philippines",earthquake,6.3,4.2,0.059,92,reviewed,us,us
2019-10-29T22:21:33.412Z,6.7418,125.0363,16.23,4.6,mb,,79,0.629,0.81,us,us600064lm,2020-01-18T20:00:38.040Z,"12 km ENE of Columbio, Philippines",earthquake,5.7,4.9,0.092,35,reviewed,us,us
2019-10-30T00:37:01.795Z,6.8196,125.1812,13.78,4.8,mb,,80,0.466,0.93,us,us600064ng,2020-01-18T20:00:38.040Z,"1 km NW of Dolo, Philippines",earthquake,6.7,5.1,0.076,53,reviewed,us,us
2019-10-30T01:38:00.524Z,6.8007,125.0819,10,4.8,mb,,66,0.561,0.71,us,us600064ns,2020-01-18T20:00:38.040Z,"11 km WNW of Magsaysay, Philippines",earthquake,6.7,1.9,0.088,40,reviewed,us,us
2019-10-30T08:00:14.054Z,6.744,125.0711,10,4.9,mb,,82,0.599,0.99,us,us600064sh,2020-01-18T20:00:39.040Z,"12 km WSW of Magsaysay, Philippines",earthquake,6.5,1.2,0.073,59,reviewed,us,us
2019-10-30T16:35:24.782Z,6.7156,124.9668,10,4.4,mb,,80,0.702,0.72,us,us7000618j,2020-01-18T20:00:47.040Z,"3 km ENE of Columbio, Philippines",earthquake,5.8,1.9,0.112,23,reviewed,us,us
2019-10-30T18:23:48.860Z,6.7947,125.143,17.05,4.7,mb,,55,0.511,0.8,us,us7000619v,2020-01-18T20:00:47.040Z,"5 km NW of Magsaysay, Philippines",earthquake,6.1,3.8,0.08,47,reviewed,us,us
2019-10-30T20:35:48.678Z,6.8686,125.0347,10,4.4,mb,,87,0.576,1.13,us,us600068q2,2020-01-18T20:00:41.040Z,"11 km SW of Makilala, Philippines",earthquake,7.2,1.9,0.112,23,reviewed,us,us
2019-10-30T21:30:31.579Z,6.8585,125.1076,10,4.3,mb,,101,0.513,0.4,us,us600068q3,2020-01-18T20:00:41.040Z,"7 km SW of Bulatukan, Philippines",earthquake,6.8,2,0.202,7,reviewed,us,us
2019-10-31T00:59:09.645Z,6.8703,125.0809,10,4.2,mb,,95,0.532,0.62,us,us6000697x,2020-01-18T20:00:41.040Z,"9 km S of Makilala, Philippines",earthquake,3.6,1.9,0.2,7,reviewed,us,us
2019-10-31T01:11:19.146Z,6.9098,125.1782,10,6.5,mww,,19,0.428,0.76,us,us700061e9,2025-12-22T18:20:27.919Z,"2 km ENE of Bulatukan, Philippines",earthquake,7,1.7,0.043,51,reviewed,us,us
2019-10-31T01:20:58.661Z,6.8717,125.1581,10,5.1,mb,,123,0.461,0.48,us,us6000697y,2020-01-18T20:00:41.040Z,"3 km S of Bulatukan, Philippines",earthquake,5.2,1.7,0.158,16,reviewed,us,us
2019-10-31T01:27:33.415Z,6.8353,125.1296,10,4.7,mb,,77,0.503,0.61,us,us700061f1,2020-01-18T20:00:48.040Z,"7 km WNW of Dolo, Philippines",earthquake,6.6,1.9,0.12,21,reviewed,us,us
2019-10-31T01:38:29.753Z,6.7349,125.1317,10,4.5,mb,,126,0.555,0.55,us,us6000697z,2020-01-18T20:00:41.040Z,"6 km WSW of Magsaysay, Philippines",earthquake,4.5,1.8,0.171,10,reviewed,us,us
2019-10-31T03:36:24.671Z,6.7835,125.0357,10,4.4,mb,,119,0.609,0.8,us,us60006985,2020-01-18T20:00:41.040Z,"13 km E of Bual, Philippines",earthquake,7.6,1.9,0.148,13,reviewed,us,us
2019-10-31T05:12:53.972Z,6.7351,125.2648,10,4.2,mb,,115,0.456,0.51,us,us60006987,2020-01-18T20:00:42.040Z,"1 km SSW of Managa, Philippines",earthquake,6.7,1.9,0.121,19,reviewed,us,us
2019-10-31T05:34:22.723Z,6.845,125.0861,10,4.6,mb,,61,0.537,0.68,us,us700061gg,2020-01-18T20:00:48.040Z,"10 km SW of Bulatukan, Philippines",earthquake,5,1.9,0.094,34,reviewed,us,us
2019-10-31T08:56:40.513Z,6.6941,125.1254,10,4.8,mb,,75,0.585,0.55,us,us700061hx,2020-01-18T20:00:48.040Z,"10 km SW of Magsaysay, Philippines",earthquake,3.1,1.8,0.084,44,reviewed,us,us
2019-10-31T10:41:16.935Z,7.0691,125.4407,10,4.5,mb,,63,0.137,0.57,us,us700061if,2022-08-08T16:37:34.979Z,"4 km NW of Bato, Philippines",earthquake,11.1,1.9,0.116,22,reviewed,us,us
2019-10-31T11:56:06.386Z,6.0006,126.2321,149.88,4.5,mb,,99,1.244,1.02,us,us700061ir,2020-01-18T20:00:49.040Z,"40 km S of Pondaguitan, Philippines",earthquake,8.7,7,0.091,35,reviewed,us,us
2019-10-31T12:42:21.877Z,6.8165,125.1959,12.08,4.3,mb,,83,0.456,1.12,us,us6000698e,2020-01-18T20:00:42.040Z,"0 km NE of Dolo, Philippines",earthquake,4.6,6.3,0.138,15,reviewed,us,us
2019-10-31T17:35:30.115Z,6.7613,125.1111,14.08,4.9,mb,,69,0.556,0.77,us,us700061pp,2020-01-18T20:00:50.040Z,"8 km W of Magsaysay, Philippines",earthquake,6.7,5,0.064,76,reviewed,us,us
2019-10-31T23:18:21.270Z,6.8082,125.1769,10,4.6,mb,,87,0.476,0.99,us,us700061um,2020-01-18T20:00:51.040Z,"1 km W of Dolo, Philippines",earthquake,5,1.9,0.075,54,reviewed,us,us
2019-11-01T06:07:56.131Z,6.7486,125.0659,10,4.9,mb,,68,0.601,0.5,us,us700061wn,2020-01-18T20:00:52.040Z,"13 km W of Magsaysay, Philippines",earthquake,6.6,1.9,0.071,63,reviewed,us,us
2019-11-01T18:38:36.952Z,6.8097,125.0765,15.24,4.8,mb,,76,0.561,0.72,us,us7000623t,2020-01-18T20:00:53.040Z,"12 km W of Dolo, Philippines",earthquake,5.3,4.6,0.062,81,reviewed,us,us
2019-11-03T11:35:19.201Z,6.7302,125.1727,10,4.4,mb,,89,0.525,0.78,us,us60006ap1,2020-01-18T20:00:45.040Z,"4 km SSW of Magsaysay, Philippines",earthquake,5.5,1.9,0.155,12,reviewed,us,us
2019-11-03T18:42:07.206Z,6.4076,124.15,536.71,4.4,mb,,120,5.754,0.75,us,us700062m6,2020-01-18T20:00:57.040Z,"9 km SE of Kulaman, Philippines",earthquake,12.6,10,0.098,30,reviewed,us,us
2019-11-07T22:41:28.064Z,5.6575,126.3289,89.97,5.1,mww,,50,1.588,1.1,us,us600068vx,2025-12-22T18:21:05.317Z,"79 km SSE of Pondaguitan, Philippines",earthquake,5.5,4.2,0.066,22,reviewed,us,us
2019-11-13T08:47:25.461Z,7.4666,126.3927,167.67,4.1,mb,,175,0.898,0.68,us,us70006aj6,2020-02-07T20:20:33.040Z,"Mindanao, Philippines",earthquake,14.2,7.8,0.175,9,reviewed,us,us
2019-11-15T01:17:36.056Z,5.1435,126.0303,116.88,4.4,mb,,246,1.965,0.93,us,us70006ble,2020-02-07T20:21:16.040Z,"69 km ESE of Sarangani, Philippines",earthquake,14.5,9,0.143,14,reviewed,us,us
2019-11-16T01:36:36.329Z,7.3847,124.8093,10,4.7,mb,,88,0.825,1.2,us,us700068pe,2022-08-08T16:53:46.372Z,"3 km NE of Liliongan, Philippines",earthquake,7.6,1.9,0.114,23,reviewed,us,us
2019-11-17T02:30:48.713Z,6.6427,124.7273,10,4.5,mb,,75,0.946,1.28,us,us70006bs1,2020-02-07T20:21:52.040Z,"3 km NW of Tantangan, Philippines",earthquake,9,1.9,0.18,9,reviewed,us,us
2019-11-18T13:22:10.121Z,7.6222,124.9103,14.45,5.9,mww,,41,0.861,0.73,us,us700069f4,2025-12-22T18:21:59.768Z,"2 km N of Kadingilan, Philippines",earthquake,6.1,3.2,0.065,23,reviewed,us,us
2019-11-18T13:56:03.221Z,7.4162,124.7703,9.67,4.5,mb,,92,0.873,0.55,us,us70006d8l,2020-02-07T20:22:11.040Z,"6 km NNW of Liliongan, Philippines",earthquake,5.6,5.1,0.127,18,reviewed,us,us
2019-11-19T07:00:57.006Z,6.8032,125.0619,10,4.3,mb,,135,0.577,0.89,us,us70006dnh,2020-02-14T22:02:22.040Z,"14 km WNW of Magsaysay, Philippines",earthquake,4.7,2,0.142,14,reviewed,us,us
2019-11-19T13:31:20.629Z,5.927,125.8355,113.42,4.3,mb,,106,1.163,0.63,us,us70006dns,2020-02-14T22:02:23.040Z,"18 km ESE of Mangili, Philippines",earthquake,10.3,8.5,0.133,16,reviewed,us,us
2019-11-20T06:55:53.543Z,5.9306,126.1433,83.68,4.4,mb,,137,1.262,0.51,us,us70006e82,2020-02-14T22:02:24.040Z,"47 km S of Pondaguitan, Philippines",earthquake,13.3,11.2,0.134,16,reviewed,us,us
2019-11-20T22:31:35.177Z,6.7421,124.9735,10,4.5,mb,,64,0.683,0.74,us,us70006aqe,2020-02-14T22:02:07.040Z,"Mindanao, Philippines",earthquake,6.1,1.9,0.113,23,reviewed,us,us
2019-11-22T15:47:20.815Z,5.1671,124.4711,64.55,4.2,mb,,116,2.187,0.98,us,us70006ega,2020-02-14T22:02:26.040Z,"89 km SSW of Katubao, Philippines",earthquake,9.2,11.9,0.186,8,reviewed,us,us
2019-11-27T01:38:19.995Z,5.5516,126.3439,43.68,4.4,mb,,135,1.688,0.72,us,us60006pcd,2020-02-19T18:57:54.040Z,"87 km ESE of Caburan, Philippines",earthquake,10.2,9.9,0.161,11,reviewed,us,us
2019-11-29T10:39:40.451Z,6.9174,124.7976,10,4,mb,,123,0.79,0.49,us,us70006f2m,2020-02-19T18:58:29.040Z,"7 km WSW of Dunguan, Philippines",earthquake,6.4,2,0.184,10,reviewed,us,us
2019-11-30T04:35:45.683Z,5.838,125.4935,219.41,4.6,mb,,98,1.226,0.87,us,us60006pfi,2020-02-19T18:57:58.040Z,"12 km N of Kalbay, Philippines",earthquake,9.8,5.9,0.107,27,reviewed,us,us
2019-12-09T11:12:46.755Z,5.0605,123.174,580.57,4.5,mb,,56,3.115,0.73,us,us60006p79,2020-02-29T19:52:45.040Z,"169 km SW of Palimbang, Philippines",earthquake,11.5,9.2,0.069,62,reviewed,us,us
2019-12-10T12:43:57.684Z,5.303,126.1176,115.17,4.3,mb,,111,1.835,0.89,us,us60006prs,2020-03-04T21:26:51.040Z,"73 km E of Sarangani, Philippines",earthquake,10.5,8.2,0.116,22,reviewed,us,us
2019-12-14T06:39:45.896Z,6.4648,126.2923,87.09,4.8,mb,,102,0.928,0.71,us,us60006rfb,2020-03-04T21:27:00.040Z,"17 km NE of Pondaguitan, Philippines",earthquake,6.6,6.6,0.085,43,reviewed,us,us
2019-12-15T06:11:51.155Z,6.6969,125.1739,18,6.8,mww,,39,0.546,1.05,us,us60006rp9,2026-06-26T11:51:58.805Z,"7 km S of Magsaysay, Philippines",earthquake,8,1.7,0.051,37,reviewed,us,us
2019-12-15T06:24:21.996Z,6.6138,125.0095,10,4.6,mb,,111,6.903,0.53,us,us70006tmv,2020-03-04T21:27:21.040Z,"4 km ESE of Telafas, Philippines",earthquake,10.8,1.9,0.12,21,reviewed,us,us
2019-12-15T06:25:15.771Z,6.7208,125.226,10,4.6,mb,,115,6.283,0.28,us,us70006tpq,2020-03-04T21:27:23.040Z,"4 km SSW of Sinawilan, Philippines",earthquake,6.8,1.9,0.173,10,reviewed,us,us
2019-12-15T06:26:27.237Z,6.8003,125.1998,10,4.4,mb,,123,8.158,0.27,us,us70006tps,2020-03-04T21:27:23.040Z,"1 km SE of Dolo, Philippines",earthquake,9,1.9,0.239,5,reviewed,us,us
2019-12-15T06:27:13.940Z,6.5094,125.3676,10,4.7,mb,,103,22.299,0.59,us,us70006tnn,2020-03-04T21:27:22.040Z,"8 km S of New Baclayon, Philippines",earthquake,12.5,1.9,0.11,25,reviewed,us,us
2019-12-15T06:27:53.233Z,6.7411,125.466,10,4.6,mb,,119,7.287,0.52,us,us70006tne,2020-03-04T21:27:21.040Z,"12 km E of Digos, Philippines",earthquake,4.6,1.9,0.122,20,reviewed,us,us
2019-12-15T06:31:28.116Z,6.4584,125.2474,10,4.4,mb,,110,27.572,0.51,us,us70006tmy,2020-03-04T21:27:21.040Z,"16 km N of Malandag, Philippines",earthquake,14.3,1.9,0.143,14,reviewed,us,us
2019-12-15T06:32:25.092Z,6.6312,125.2585,11.01,5,mb,,82,0.539,0.83,us,us60006rpf,2020-03-04T21:27:03.040Z,"3 km NE of Kiblawan, Philippines",earthquake,6.2,4.7,0.063,81,reviewed,us,us
2019-12-15T06:33:38.395Z,6.5248,125.0821,10,4.7,mb,,83,0.732,0.67,us,us70006tpt,2020-03-04T21:27:23.040Z,"3 km N of Tampakan, Philippines",earthquake,7.8,1.6,0.226,6,reviewed,us,us
2019-12-15T06:34:57.525Z,6.8102,125.2932,17.98,4.9,mb,,68,0.383,0.98,us,us60006rpk,2020-03-04T21:27:03.040Z,"3 km WNW of Goma, Philippines",earthquake,6.9,5.4,0.082,47,reviewed,us,us
2019-12-15T06:36:51.457Z,6.7534,125.1343,10,4.5,mb,,71,0.542,0.29,us,us70006tpx,2020-03-04T21:27:23.040Z,"5 km WSW of Magsaysay, Philippines",earthquake,5.6,1.8,0.131,17,reviewed,us,us
2019-12-15T06:38:49.765Z,6.5795,125.3272,10,4.4,mb,,112,0.547,0.8,us,us70006tmx,2020-03-04T21:27:21.040Z,"2 km SW of Sulop, Philippines",earthquake,7.2,1.9,0.112,23,reviewed,us,us
2019-12-15T06:43:30.712Z,6.7377,125.0997,10,4.6,mb,,117,20.216,0.47,us,us70006tmw,2020-03-04T21:27:21.040Z,"9 km WSW of Magsaysay, Philippines",earthquake,15.5,1.9,0.172,10,reviewed,us,us
2019-12-15T06:43:51.296Z,6.5321,125.1397,10,4.6,mb,,86,0.689,0.5,us,us70006tn1,2020-03-04T21:27:21.040Z,"7 km NE of Tampakan, Philippines",earthquake,7.8,1.9,0.223,6,reviewed,us,us
2019-12-15T06:52:43.154Z,6.5293,125.3622,10,4.9,mb,,97,0.578,0.76,us,us60006rpj,2020-03-04T21:27:03.040Z,"6 km S of New Baclayon, Philippines",earthquake,7.3,1.9,0.077,53,reviewed,us,us
2019-12-15T06:58:09.538Z,6.6033,125.1966,10,4.6,mb,,86,0.599,0.53,us,us70006tn0,2020-03-04T21:27:21.040Z,"4 km WSW of Kiblawan, Philippines",earthquake,5.5,1.9,0.105,27,reviewed,us,us
2019-12-15T06:59:23.201Z,6.6774,125.1497,10,4.5,mb,,119,0.577,0.29,us,us70006tpv,2020-03-04T21:27:23.040Z,"10 km SSW of Magsaysay, Philippines",earthquake,7,1.9,0.151,13,reviewed,us,us
2019-12-15T07:09:20.910Z,6.5335,125.2599,10,5.6,mww,,36,0.619,0.82,us,us60006rpn,2025-12-22T18:28:21.361Z,"9 km SSE of Kiblawan, Philippines",earthquake,7.5,1.8,0.055,32,reviewed,us,us
2019-12-15T07:18:12.263Z,6.7167,125.2808,13.69,5,mb,,86,0.459,0.6,us,us60006rpy,2021-05-06T06:21:47.933Z,"2 km NW of Ignit, Philippines",earthquake,6.1,4.7,0.07,64,reviewed,us,us
2019-12-15T07:26:57.978Z,6.525,125.3454,10,4.5,mb,,113,0.588,0.87,us,us70006tnp,2020-03-04T21:27:22.040Z,"7 km SSW of New Baclayon, Philippines",earthquake,7.1,1.9,0.124,19,reviewed,us,us
2019-12-15T07:30:52.048Z,7.0431,126.2314,10,4.4,mb,,114,0.648,0.41,us,us70006tn3,2020-03-04T21:27:21.040Z,"4 km W of Limot, Philippines",earthquake,6.8,1.9,0.143,14,reviewed,us,us
2019-12-15T07:33:55.192Z,6.609,125.262,10.51,4.7,mb,,91,0.555,0.65,us,us60006rpv,2020-03-04T21:27:04.040Z,"2 km ESE of Kiblawan, Philippines",earthquake,5.9,5.1,0.088,39,reviewed,us,us
2019-12-15T07:49:54.502Z,6.696,125.1567,14.2,5,mb,,77,0.56,0.6,us,us60006rpx,2020-03-04T21:27:04.040Z,"8 km SSW of Magsaysay, Philippines",earthquake,6.6,4.7,0.061,85,reviewed,us,us
2019-12-15T07:53:44.034Z,6.6038,125.2866,15.54,5,mb,,80,0.546,0.61,us,us60006rpz,2020-03-04T21:27:04.040Z,"5 km ESE of Kiblawan, Philippines",earthquake,3.9,4.5,0.053,115,reviewed,us,us
2019-12-15T07:56:50.014Z,6.7988,125.2055,15.45,4.9,mb,,72,0.458,0.78,us,us60006rq6,2020-03-04T21:27:04.040Z,"1 km NNW of Bansalan, Philippines",earthquake,6.9,5.1,0.07,64,reviewed,us,us
2019-12-15T08:17:35.212Z,6.6232,125.0859,10,4.3,mb,,91,0.66,0.47,us,us70006tn5,2020-03-04T21:27:21.040Z,"12 km NNE of Lambayong, Philippines",earthquake,5.2,1.9,0.168,10,reviewed,us,us
2019-12-15T08:20:42.469Z,6.5681,125.3738,10,4.6,mb,,114,0.538,0.48,us,us70006tn6,2020-03-04T21:27:21.040Z,"1 km SSE of New Baclayon, Philippines",earthquake,5.4,1.8,0.112,24,reviewed,us,us
2019-12-15T08:51:08.737Z,6.531,125.1184,10.42,4.7,mb,,88,0.704,0.85,us,us60006rq8,2020-03-04T21:27:04.040Z,"5 km NE of Tampakan, Philippines",earthquake,6.6,3.9,0.091,37,reviewed,us,us
2019-12-15T08:55:11.891Z,6.6416,125.4002,10,4.7,mb,,98,0.46,0.64,us,us60006rq9,2020-03-04T21:27:04.040Z,"5 km N of Malalag, Philippines",earthquake,6.6,1.9,0.059,87,reviewed,us,us
2019-12-15T08:56:13.204Z,6.5142,125.2631,10,4.9,mb,,96,0.634,0.72,us,us70006tnb,2020-03-04T21:27:21.040Z,"11 km SSE of Kiblawan, Philippines",earthquake,7.4,1.9,0.081,47,reviewed,us,us
2019-12-15T10:08:40.076Z,6.7326,125.1348,10,4.5,mb,,86,0.553,0.41,us,us70006tnf,2020-03-04T21:27:22.040Z,"7 km SW of Magsaysay, Philippines",earthquake,7.1,1.9,0.135,16,reviewed,us,us
2019-12-15T10:25:02.089Z,6.6385,125.1212,10,4.4,mb,,92,0.624,0.8,us,us70006tni,2020-03-04T21:27:22.040Z,"13 km WNW of Kiblawan, Philippines",earthquake,4.3,1.9,0.149,13,reviewed,us,us
2019-12-15T10:40:27.235Z,6.5965,125.2504,10,4.4,mb,,104,0.572,0.57,us,us70006tnj,2020-03-04T21:27:22.040Z,"2 km SE of Kiblawan, Philippines",earthquake,6.3,1.9,0.149,13,reviewed,us,us
2019-12-15T11:15:35.384Z,6.5822,125.1669,10,4.7,mb,,78,0.634,0.53,us,us60006rrn,2020-03-04T21:27:04.040Z,"8 km WSW of Kiblawan, Philippines",earthquake,6.7,1.9,0.079,49,reviewed,us,us
2019-12-15T11:19:11.291Z,6.4858,125.3417,10,4.2,mb,,112,0.626,0.53,us,us70006tnl,2020-03-04T21:27:22.040Z,"11 km SSW of New Baclayon, Philippines",earthquake,6.3,1.9,0.176,9,reviewed,us,us
2019-12-15T12:38:53.560Z,6.5737,125.2244,10,5.3,mb,,80,0.605,0.6,us,us60006rs7,2020-03-04T21:27:04.040Z,"4 km SSW of Kiblawan, Philippines",earthquake,6.5,1.9,0.064,82,reviewed,us,us
2019-12-15T13:07:18.826Z,6.5001,125.1904,10,4.5,mb,,91,0.685,0.65,us,us70006tns,2020-03-04T21:27:22.040Z,"11 km E of Tampakan, Philippines",earthquake,7,1.9,0.118,23,reviewed,us,us
2019-12-15T14:36:40.581Z,6.6291,125.2274,13.12,4.7,mb,,100,0.56,0.68,us,us70006tpe,2020-03-04T21:27:23.040Z,"1 km NNW of Kiblawan, Philippines",earthquake,6.7,5.8,0.142,16,reviewed,us,us
2019-12-15T15:02:02.800Z,6.7125,125.077,9.63,4.5,mb,,71,0.612,0.98,us,us70006tnw,2020-03-04T21:27:22.040Z,"13 km WSW of Magsaysay, Philippines",earthquake,6.7,3,0.095,32,reviewed,us,us
2019-12-15T15:14:46.222Z,6.55,125.2444,10,4.7,mb,,91,0.614,0.42,us,us70006tnz,2020-03-04T21:27:23.040Z,"7 km S of Kiblawan, Philippines",earthquake,6.5,1.8,0.115,23,reviewed,us,us
2019-12-15T15:34:39.666Z,6.5247,125.3267,6.06,4.6,mb,,81,0.596,0.25,us,us70006tp0,2020-03-04T21:27:23.040Z,"8 km SW of New Baclayon, Philippines",earthquake,7.3,4.6,0.111,24,reviewed,us,us
2019-12-15T16:06:12.132Z,6.8638,126.2682,10,4.4,mb,,102,0.714,0.87,us,us70006tp2,2020-03-04T21:27:23.040Z,"4 km WNW of Tamisan, Philippines",earthquake,7.7,1.9,0.112,23,reviewed,us,us
2019-12-15T16:11:44.855Z,6.5702,125.3178,10,4.6,mb,,98,0.56,1.28,us,us60006rub,2020-03-04T21:27:05.040Z,"4 km SW of Sulop, Philippines",earthquake,5.2,1.8,0.076,52,reviewed,us,us
2019-12-15T17:57:21.102Z,6.6234,124.982,10,4.4,mb,,85,0.74,1.09,us,us70006tp8,2020-03-04T21:27:23.040Z,"1 km SE of Telafas, Philippines",earthquake,6.6,1.9,0.123,19,reviewed,us,us
2019-12-15T18:16:44.336Z,6.4528,125.3931,10,4.6,mb,,109,0.64,1.02,us,us60006ruu,2020-03-04T21:27:05.040Z,"9 km WSW of Pung-Pang, Philippines",earthquake,7.5,1.9,0.132,17,reviewed,us,us
2019-12-15T18:24:05.127Z,6.5886,125.2234,10,4.9,mb,,89,0.594,1.26,us,us60006rux,2020-03-04T21:27:05.040Z,"3 km SSW of Kiblawan, Philippines",earthquake,6.5,1.9,0.08,49,reviewed,us,us
2019-12-15T19:02:02.544Z,6.5996,125.184,10,4.9,mb,,78,0.61,0.85,us,us60006rv6,2020-03-04T21:27:06.040Z,"6 km WSW of Kiblawan, Philippines",earthquake,5,1.9,0.085,43,reviewed,us,us
2019-12-15T21:21:54.289Z,6.6006,125.2165,10,4.4,mb,,98,0.589,0.75,us,us70006tpl,2020-03-04T21:27:23.040Z,"2 km SW of Kiblawan, Philippines",earthquake,5.5,1.9,0.126,18,reviewed,us,us
2019-12-16T02:34:36.027Z,6.6587,125.1198,10,4.7,mb,,78,0.612,0.94,us,us60006rzg,2020-03-04T21:27:07.040Z,"13 km WNW of Kiblawan, Philippines",earthquake,4.5,1.9,0.088,39,reviewed,us,us
2019-12-16T08:53:31.284Z,6.6246,125.4048,25.04,4.9,mww,,55,0.474,0.72,us,us60006s3m,2020-03-04T21:27:08.040Z,"3 km N of Malalag, Philippines",earthquake,8.5,4.5,0.089,12,reviewed,us,us
2019-12-16T09:15:27.558Z,6.5075,125.3465,10,4.2,mb,,117,0.604,0.56,us,us70006tsf,2020-03-04T21:27:24.040Z,"8 km SSW of New Baclayon, Philippines",earthquake,5.9,2,0.152,12,reviewed,us,us
2019-12-16T10:37:14.476Z,6.5817,125.2806,10,4.4,mb,,126,0.568,0.62,us,us70006tsg,2020-03-04T21:27:24.040Z,"6 km SE of Kiblawan, Philippines",earthquake,7.5,1.9,0.138,15,reviewed,us,us
2019-12-16T11:20:56.064Z,6.761,125.1788,10,4.4,mb,,79,0.502,0.64,us,us70006tsi,2020-03-04T21:27:24.040Z,"0 km SW of Magsaysay, Philippines",earthquake,7.2,1.9,0.13,17,reviewed,us,us
2019-12-16T12:34:02.890Z,6.7149,125.1399,10,4.6,mb,,79,0.56,0.8,us,us60006s5g,2020-03-04T21:27:09.040Z,"7 km SW of Magsaysay, Philippines",earthquake,6.8,1.9,0.088,39,reviewed,us,us
2019-12-16T13:48:00.577Z,6.675,125.151,10,4.5,mb,,79,0.578,0.76,us,us60006s6b,2020-03-04T21:27:09.040Z,"10 km SSW of Magsaysay, Philippines",earthquake,7.1,1.9,0.106,26,reviewed,us,us
2019-12-16T16:21:53.559Z,6.5244,125.309,10,5,mww,,90,0.604,0.64,us,us60006s7h,2025-12-22T18:23:40.452Z,"9 km SSW of Sulop, Philippines",earthquake,4.5,1.9,0.056,31,reviewed,us,us
2019-12-16T16:31:58.360Z,6.6096,125.309,11.31,4.4,mb,,96,0.53,0.67,us,us70006tsy,2020-03-04T21:27:25.040Z,"4 km WNW of Sulop, Philippines",earthquake,6.9,5.5,0.105,28,reviewed,us,us
2019-12-16T19:54:26.798Z,6.5904,125.2253,10,4.4,mb,,89,0.591,0.97,us,us60006sb1,2020-03-04T21:27:10.040Z,"2 km SSW of Kiblawan, Philippines",earthquake,7.5,1.9,0.102,28,reviewed,us,us
2019-12-17T04:55:30.409Z,6.3989,125.4421,10,4.4,mb,,122,0.68,0.81,us,us70006u6d,2020-03-07T17:47:56.040Z,"11 km SSW of Pung-Pang, Philippines",earthquake,7.1,1.9,0.148,13,reviewed,us,us
2019-12-17T06:00:53.699Z,6.5371,125.2602,10,4.5,mb,,107,0.616,0.72,us,us60006sju,2020-03-07T17:47:25.040Z,"8 km SSE of Kiblawan, Philippines",earthquake,7.3,1.9,0.111,24,reviewed,us,us
2019-12-17T06:07:17.132Z,6.6151,125.1607,10,5,mb,,73,0.613,1.01,us,us60006sjw,2020-03-07T17:47:25.040Z,"8 km W of Kiblawan, Philippines",earthquake,4.4,1.8,0.056,117,reviewed,us,us
2019-12-17T10:08:50.320Z,6.8619,125.4798,10,4.1,mb,,136,0.228,0.76,us,us70006u6i,2020-03-07T17:47:56.040Z,"3 km ESE of Coronon, Philippines",earthquake,7.3,1.9,0.152,12,reviewed,us,us
2019-12-17T15:05:14.860Z,6.5899,125.2234,15.15,4.4,mb,,101,0.593,0.62,us,us70006u6q,2020-03-07T17:47:56.040Z,"3 km SSW of Kiblawan, Philippines",earthquake,6,4.2,0.102,28,reviewed,us,us
2019-12-17T16:30:33.166Z,6.6195,125.2188,10,4.4,mb,,100,0.572,0.85,us,us70006u6t,2020-03-07T17:47:57.040Z,"2 km WNW of Kiblawan, Philippines",earthquake,5.7,1.9,0.097,31,reviewed,us,us
2019-12-17T20:18:05.226Z,6.4554,125.527,14.28,5.4,mww,,42,0.612,1,us,us60006st8,2025-12-22T18:23:43.966Z,"2 km WSW of Pangian, Philippines",earthquake,6.8,3.1,0.073,18,reviewed,us,us
2019-12-17T21:56:17.010Z,6.5523,125.1831,10,4.4,mb,,101,0.647,0.5,us,us70006u73,2020-03-07T17:47:57.040Z,"9 km SW of Kiblawan, Philippines",earthquake,8.3,1.9,0.155,12,reviewed,us,us
2019-12-18T00:22:33.171Z,6.7104,125.1864,10,5,mb,,68,0.528,1.06,us,us60006sxu,2020-03-07T17:47:29.040Z,"6 km S of Magsaysay, Philippines",earthquake,6.7,1.8,0.044,165,reviewed,us,us
2019-12-18T05:32:55.399Z,6.4844,125.5175,10,4.3,mb,,144,0.584,1.37,us,us70006u8u,2020-03-07T17:47:58.040Z,"3 km WSW of Buhangin, Philippines",earthquake,8.3,1.9,0.16,11,reviewed,us,us
2019-12-18T08:41:52.477Z,6.6234,125.2897,15.77,4.2,mb,,126,0.528,0.82,us,us70006u8v,2020-03-07T17:47:58.040Z,"3 km S of Malinao, Philippines",earthquake,9.5,6.8,0.167,10,reviewed,us,us
2019-12-18T14:18:29.305Z,6.5748,125.2228,10,4.5,mb,,91,0.605,0.51,us,us70006u96,2020-03-07T17:47:58.040Z,"5 km SSW of Kiblawan, Philippines",earthquake,4.9,1.9,0.128,18,reviewed,us,us
2019-12-18T16:46:02.374Z,5.6741,126.3301,82.31,4.4,mb,,115,1.574,0.44,us,us60006t7n,2020-03-07T17:47:31.040Z,"77 km SSE of Pondaguitan, Philippines",earthquake,8.5,8,0.098,30,reviewed,us,us
2019-12-19T05:56:26.664Z,6.6081,125.209,10,4.5,mb,,100,0.587,0.7,us,us70006ua3,2020-03-07T17:47:59.040Z,"3 km WSW of Kiblawan, Philippines",earthquake,7,1.9,0.145,15,reviewed,us,us
2019-12-19T07:10:58.711Z,6.5886,125.2539,10,4.4,mb,,105,0.576,0.35,us,us70006ua4,2020-03-07T17:47:59.040Z,"3 km SE of Kiblawan, Philippines",earthquake,9.1,1.8,0.162,11,reviewed,us,us
2019-12-19T10:11:51.467Z,6.6306,125.2513,10,4.6,mb,,89,0.544,0.58,us,us70006ne6,2022-08-08T17:35:33.251Z,"2 km NE of Kiblawan, Philippines",earthquake,5.5,1.6,0.098,31,reviewed,us,us
2019-12-20T03:45:52.206Z,6.5959,125.2731,10,4.6,mb,,121,0.56,0.86,us,us70006wz5,2020-03-07T17:48:01.040Z,"4 km ESE of Kiblawan, Philippines",earthquake,7.3,1.9,0.094,34,reviewed,us,us
2019-12-20T12:11:07.739Z,6.6162,125.1881,10,4.4,mb,,125,0.594,0.73,us,us70006wzr,2020-03-07T17:48:01.040Z,"5 km W of Kiblawan, Philippines",earthquake,7.8,1.9,0.12,20,reviewed,us,us
2019-12-20T15:45:49.315Z,6.6378,125.2282,10,4.5,mb,,118,0.552,0.93,us,us70006p4g,2020-03-07T17:47:38.040Z,"2 km NNW of Kiblawan, Philippines",earthquake,6.1,1.7,0.135,16,reviewed,us,us
2019-12-20T16:55:47.215Z,6.7134,125.2022,10,4.8,mb,,79,0.515,0.72,us,us70006p50,2020-03-07T17:47:38.040Z,"Mindanao, Philippines",earthquake,6.9,1.9,0.082,46,reviewed,us,us
2019-12-21T04:51:05.331Z,6.6133,125.1602,10,4.4,mb,,106,0.615,0.7,us,us70006x0n,2020-03-07T17:48:02.040Z,"8 km W of Kiblawan, Philippines",earthquake,8.9,2,0.178,9,reviewed,us,us
2019-12-21T04:59:20.331Z,6.5754,125.1566,10,4.3,mb,,116,0.645,0.68,us,us70006x0p,2020-03-07T17:48:02.040Z,"9 km WSW of Kiblawan, Philippines",earthquake,7,2,0.187,8,reviewed,us,us
2019-12-21T10:44:01.348Z,6.6246,125.2606,10,4.6,mb,,103,0.543,0.75,us,us70006x10,2020-03-07T17:48:02.040Z,"2 km ENE of Kiblawan, Philippines",earthquake,8.7,1.9,0.122,20,reviewed,us,us
2019-12-21T21:26:52.117Z,6.5285,125.2771,13.03,4.9,mb,,87,0.615,0.74,us,us70006pkn,2025-12-22T18:24:20.787Z,"10 km SSE of Kiblawan, Philippines",earthquake,5.3,2.5,0.067,73,reviewed,us,us
2019-12-22T03:23:13.064Z,6.617,125.198,10,4.8,mb,,86,0.587,1.05,us,us70006ppd,2020-03-07T17:47:44.040Z,"4 km W of Kiblawan, Philippines",earthquake,6.2,1.9,0.08,48,reviewed,us,us
2019-12-22T07:39:37.706Z,6.6176,125.1645,10,4.7,mb,,92,0.609,0.49,us,us70006pqz,2020-03-07T17:47:45.040Z,"7 km W of Kiblawan, Philippines",earthquake,6.7,1.9,0.096,33,reviewed,us,us
2019-12-23T05:38:35.004Z,6.5278,125.2632,10,4,mb,,127,0.623,0.56,us,us70006x3c,2020-03-07T17:48:05.040Z,"9 km SSE of Kiblawan, Philippines",earthquake,7.8,1.9,0.172,9,reviewed,us,us
2019-12-25T20:45:09.180Z,5.4456,126.1237,99.62,4.2,mb,,114,1.701,1.25,us,us70006xtr,2020-03-14T22:24:43.040Z,"73 km E of Sarangani, Philippines",earthquake,8.6,7.9,0.115,21,reviewed,us,us
2019-12-28T01:59:38.631Z,5.2338,126.01,94.05,4.8,mb,,99,1.873,0.81,us,us70006rsi,2020-03-14T22:24:05.040Z,"63 km ESE of Sarangani, Philippines",earthquake,6.7,7.4,0.07,63,reviewed,us,us
2019-12-29T09:12:15.869Z,4.6867,125.3963,23.96,5.4,mww,,73,2.374,0.73,us,us70006s54,2025-12-22T18:25:12.102Z,"79 km S of Sarangani, Philippines",earthquake,5.9,4.9,0.055,32,reviewed,us,us
2019-12-29T12:03:50.562Z,4.6789,125.3481,10,4.7,mb,,94,2.386,0.8,us,us70006s64,2020-03-14T22:23:33.040Z,"81 km S of Sarangani, Philippines",earthquake,4.9,1.9,0.083,44,reviewed,us,us
2019-12-29T13:17:58.753Z,4.6994,125.2555,10,4.7,mb,,92,2.376,0.72,us,us70006s6j,2020-03-14T22:23:32.040Z,"81 km SSW of Sarangani, Philippines",earthquake,7.6,1.9,0.088,39,reviewed,us,us
2019-12-30T11:22:28.630Z,6.6043,125.2396,10,4.2,mb,,103,0.572,0.52,us,us7000705t,2020-03-14T22:23:15.040Z,"1 km SSE of Kiblawan, Philippines",earthquake,8.7,1.9,0.16,11,reviewed,us,us
2019-12-30T13:18:58.287Z,6.4679,126.4134,81.74,4.2,mb,,117,1.021,0.5,us,us7000705x,2020-03-14T22:23:13.040Z,"28 km ENE of Pondaguitan, Philippines",earthquake,11.4,10.3,0.146,16,reviewed,us,us
2020-01-03T12:38:03.013Z,4.7914,125.6604,118.43,4.2,mb,,111,2.264,0.73,us,us7000714n,2020-03-21T17:13:49.040Z,"71 km SSE of Sarangani, Philippines",earthquake,9.3,8.6,0.105,25,reviewed,us,us
2020-01-03T23:36:10.314Z,4.601,125.9609,104.05,4.5,mb,,105,2.481,0.8,us,us70006uhx,2020-03-21T17:13:34.040Z,"104 km SSE of Sarangani, Philippines",earthquake,5.8,7.1,0.082,44,reviewed,us,us
2020-01-05T18:58:52.561Z,6.1322,126.1063,81.4,5.2,mww,,81,1.068,0.94,us,us70006v1l,2025-12-22T18:25:29.141Z,"26 km SSW of Pondaguitan, Philippines",earthquake,3.7,4.9,0.062,25,reviewed,us,us
2020-01-06T02:58:29.017Z,6.097,126.1604,83.32,4.6,mb,,91,1.125,0.77,us,us70006v4z,2020-03-21T17:13:38.040Z,"29 km S of Pondaguitan, Philippines",earthquake,8.3,3.3,0.071,59,reviewed,us,us
2020-01-06T07:25:34.691Z,5.2285,125.357,32.31,4.9,mww,,53,1.842,1.08,us,us70006v6h,2025-12-22T18:25:36.474Z,"22 km SSW of Sarangani, Philippines",earthquake,5.8,3.6,0.093,11,reviewed,us,us
2020-01-08T04:11:45.877Z,5.152,125.3401,39.02,4.8,mb,,61,1.919,0.89,us,us70006w6y,2020-04-02T21:27:48.040Z,"30 km SSW of Sarangani, Philippines",earthquake,6.7,5.3,0.055,101,reviewed,us,us
2020-01-08T13:43:35.680Z,5.6411,126.0558,101.69,4.5,mb,,111,1.496,0.77,us,us70006wbw,2020-04-02T21:27:51.040Z,"55 km ESE of Caburan, Philippines",earthquake,3,8,0.087,39,reviewed,us,us
2020-01-14T01:54:25.052Z,5.7093,126.1112,127.41,4.5,mb,,101,1.451,0.43,us,us60007hcc,2020-04-02T21:27:40.040Z,"56 km ESE of Caburan, Philippines",earthquake,9,4.4,0.111,24,reviewed,us,us
2020-01-17T04:28:06.541Z,5.8823,125.9211,161.43,4.7,mb,,94,1.227,1.16,us,us700071h7,2020-04-08T19:40:16.040Z,"29 km ESE of Mangili, Philippines",earthquake,8.7,5.8,0.087,40,reviewed,us,us
2020-01-17T11:03:22.341Z,5.6773,126.1981,104.33,4.8,mb,,83,1.514,0.86,us,us700071lr,2020-04-08T19:40:18.040Z,"67 km ESE of Caburan, Philippines",earthquake,5.8,6.5,0.044,156,reviewed,us,us
2020-01-18T08:54:10.063Z,5.8733,124.1375,512.43,4,mb,,56,1.861,0.78,us,us60007k5h,2020-04-08T19:40:04.040Z,"36 km SW of Malisbeng, Philippines",earthquake,14.5,10.7,0.139,14,reviewed,us,us
2020-01-23T00:54:40.269Z,5.7471,125.2219,45.65,4.4,mb,,110,1.361,0.79,us,us60007nhl,2020-04-11T18:21:09.040Z,"1 km WNW of Baliton, Philippines",earthquake,5.4,9.2,0.149,13,reviewed,us,us
2020-01-31T11:18:48.530Z,6.687,125.3714,31.48,5,mww,,80,0.432,0.9,us,us60007l8m,2025-12-22T18:27:34.680Z,"2 km E of Guihing Proper, Philippines",earthquake,6.5,4.3,0.071,19,reviewed,us,us
2020-02-03T17:51:55.747Z,6.919,126.2793,10,4.4,mb,,115,0.711,0.83,us,us70007nuz,2020-04-18T22:10:34.040Z,"7 km NW of Bobon, Philippines",earthquake,4,1.9,0.106,26,reviewed,us,us
2020-02-04T04:13:09.619Z,5.9479,126.1821,153.56,4.8,mb,,104,1.265,0.58,us,us70007pe0,2020-04-18T22:10:35.040Z,"45 km S of Pondaguitan, Philippines",earthquake,10.7,7.7,0.127,19,reviewed,us,us
2020-02-06T14:20:38.337Z,5.3365,126.2525,10,4.7,mb,,138,1.847,1.31,us,us70007jz3,2020-04-25T22:18:11.040Z,"87 km E of Sarangani, Philippines",earthquake,13.8,1.9,0.121,21,reviewed,us,us
2020-02-06T18:27:16.383Z,5.5142,126.4618,10,4.7,mb,,114,1.777,1.15,us,us70007k53,2020-04-25T22:18:14.040Z,"98 km SSE of Pondaguitan, Philippines",earthquake,7.4,1.8,0.073,57,reviewed,us,us
2020-02-06T23:20:44.954Z,5.3083,125.957,67.43,4.2,mb,,141,1.789,0.48,us,us70007q1v,2020-04-25T22:19:37.040Z,"55 km E of Sarangani, Philippines",earthquake,9.5,9.6,0.146,13,reviewed,us,us
2020-02-07T13:02:59.300Z,5.4464,126.3644,10,4.6,mb,,114,1.791,0.84,us,us70007ku6,2020-04-25T22:18:28.040Z,"95 km ESE of Caburan, Philippines",earthquake,7.3,1.7,0.087,39,reviewed,us,us
2020-02-10T16:54:27.452Z,6.0519,126.2387,145.79,4.5,mb,,75,1.204,0.88,us,us70007rxi,2020-04-25T22:19:49.040Z,"34 km S of Pondaguitan, Philippines",earthquake,9.1,5.7,0.099,30,reviewed,us,us
2020-02-12T14:29:04.114Z,5.4198,124.6035,73.54,4.2,mb,,118,1.904,0.51,us,us70007t1j,2020-05-02T22:10:26.040Z,"57 km SSW of Katubao, Philippines",earthquake,9.4,9.9,0.152,12,reviewed,us,us
2020-02-18T02:58:08.578Z,5.4115,125.9403,102.94,4.5,mb,,109,1.686,0.7,us,us70007s6p,2020-05-02T22:10:12.040Z,"52 km E of Sarangani, Philippines",earthquake,8.7,6.8,0.091,35,reviewed,us,us
2020-02-20T09:54:07.296Z,5.5936,125.5446,201.06,5.4,mww,,43,1.466,1.07,us,us70007th0,2025-12-22T18:29:33.104Z,"11 km SE of Sugal, Philippines",earthquake,4.1,3.8,0.053,34,reviewed,us,us
2020-02-20T23:59:15.660Z,6.9587,126.1508,39.37,4.3,mb,,134,0.578,0.78,us,us600084pl,2020-05-09T21:40:47.040Z,"4 km N of Davan, Philippines",earthquake,9.9,8,0.177,9,reviewed,us,us
2020-02-21T17:45:18.118Z,5.9338,126.032,143.75,4.2,mb,,113,1.214,1.26,us,us600084qh,2020-05-09T21:40:48.040Z,"39 km ESE of Mangili, Philippines",earthquake,7.7,8.1,0.11,27,reviewed,us,us
2020-02-23T12:37:46.624Z,5.5439,125.3229,196.86,4.2,mb,,91,1.537,0.63,us,us600085yl,2020-05-09T21:40:50.040Z,"4 km SW of Balangonan, Philippines",earthquake,10.8,8.9,0.146,13,reviewed,us,us
2020-02-24T00:23:59.587Z,5.7295,125.1854,35,4.4,mb,,130,1.387,0.7,us,us6000867e,2020-05-09T21:40:50.040Z,"5 km SSW of Kablalan, Philippines",earthquake,3.1,2,0.161,11,reviewed,us,us
2020-02-25T11:03:35.437Z,5.3782,123.7296,566.71,4.1,mb,,149,5.159,0.66,us,us600089b1,2020-05-09T21:40:53.040Z,"105 km SSW of Palimbang, Philippines",earthquake,15.5,12.9,0.114,21,reviewed,us,us
2020-02-25T13:13:10.360Z,6.0543,123.9984,544.71,4.4,mb,,84,5.543,0.65,us,us70007wfn,2020-05-09T21:41:17.040Z,"27 km SW of Palimbang, Philippines",earthquake,9.8,7.1,0.073,54,reviewed,us,us
2020-02-25T20:50:50.750Z,5.2249,125.4432,71.5,4.5,mb,,109,1.837,0.89,us,us6000847i,2020-05-09T21:40:45.040Z,"19 km S of Sarangani, Philippines",earthquake,7.4,8.5,0.078,54,reviewed,us,us
2020-02-27T01:03:20.696Z,6.8678,124.9651,10.57,4.6,mb,,76,0.641,0.58,us,us60008511,2020-05-19T22:13:59.040Z,"6 km E of Bagontapay, Philippines",earthquake,6.7,5.5,0.098,31,reviewed,us,us
2020-03-01T11:01:38.376Z,5.4112,126.4695,51.82,4.5,mb,,136,1.87,0.5,us,us60008b1i,2020-05-19T22:14:31.040Z,"107 km ESE of Caburan, Philippines",earthquake,9.2,8.9,0.131,17,reviewed,us,us
2020-03-04T20:16:13.693Z,5.5289,126.4928,39.54,4.4,mb,,117,1.779,1.02,us,us600089p6,2020-05-23T22:03:17.040Z,"98 km SSE of Pondaguitan, Philippines",earthquake,8,5.6,0.105,26,reviewed,us,us
2020-03-12T03:57:59.670Z,6.1129,123.9937,10,4.6,mb,,120,5.912,0.69,us,us70008gv9,2020-05-30T22:17:22.040Z,"24 km WSW of Palimbang, Philippines",earthquake,13.1,1.9,0.136,16,reviewed,us,us
2020-03-12T18:42:30.914Z,5.4628,126.3059,69.65,4.2,mb,,156,1.752,0.91,us,us70008gvj,2020-05-30T22:17:22.040Z,"89 km SE of Caburan, Philippines",earthquake,11.9,11,0.159,11,reviewed,us,us
2020-03-13T18:37:34.426Z,6.7031,125.0848,25.07,4.4,mb,,73,0.611,0.89,us,us70008gwj,2020-05-30T22:17:23.040Z,"12 km WSW of Magsaysay, Philippines",earthquake,6.5,5.5,0.092,40,reviewed,us,us
2020-03-18T20:58:29.095Z,5.973,125.6737,187.25,4.3,mb,,93,1.093,0.96,us,us70008bur,2020-06-06T20:53:51.040Z,"2 km NE of Culaman, Philippines",earthquake,7.7,5.2,0.088,37,reviewed,us,us
2020-03-22T13:31:52.455Z,5.1328,125.2016,46.75,4.5,mb,,108,1.96,1.28,us,us70008e20,2020-06-06T20:54:06.040Z,"41 km SW of Sarangani, Philippines",earthquake,7.3,7.8,0.107,26,reviewed,us,us
2020-03-26T15:38:04.089Z,5.5669,125.0521,59,6.1,mww,,11,1.582,1.34,us,us70008ghw,2025-12-22T18:31:48.469Z,"27 km SW of Burias, Philippines",earthquake,4.1,1.7,0.038,67,reviewed,us,us
2020-03-30T03:41:45.930Z,6.0874,126.0245,83.15,4.3,mb,,120,1.071,0.82,us,us70008mn1,2020-06-13T18:44:46.040Z,"34 km SSW of Pondaguitan, Philippines",earthquake,11.4,9.1,0.187,8,reviewed,us,us
2020-03-30T07:15:27.051Z,5.319,125.5207,143.95,4.3,mb,,91,4.878,0.86,us,us70008mn3,2020-06-13T18:44:46.040Z,"11 km SE of Sarangani, Philippines",earthquake,6.8,8.8,0.104,26,reviewed,us,us
2020-03-31T07:27:56.513Z,4.6593,125.3566,25.59,4.7,mb,,106,2.404,1.31,us,us70008j2u,2020-06-13T18:44:39.040Z,"83 km S of Sarangani, Philippines",earthquake,2.8,6.3,0.078,50,reviewed,us,us
2020-04-07T07:13:36.781Z,4.6431,124.3245,310.86,4.1,mb,,169,4.982,0.7,us,us70008wm7,2020-06-21T00:55:15.040Z,"148 km SSW of Katubao, Philippines",earthquake,13,8.1,0.135,15,reviewed,us,us
2020-04-10T09:55:00.298Z,5.9092,123.645,547.55,4.4,mb,,44,2.241,0.82,us,us70008t5j,2020-06-30T14:02:51.040Z,"69 km WSW of Palimbang, Philippines",earthquake,8.1,7.5,0.066,65,reviewed,us,us
2020-04-10T18:45:49.730Z,5.5945,126.4894,79.86,5.1,mww,,32,1.722,0.89,us,us70008tex,2025-12-22T18:32:21.939Z,"91 km SSE of Pondaguitan, Philippines",earthquake,5.5,3.6,0.066,22,reviewed,us,us
2020-04-19T20:30:47.350Z,6.7758,124.975,10,4.7,mb,,62,0.667,0.78,us,us7000903g,2022-08-08T22:01:15.058Z,"7 km ESE of Bual, Philippines",earthquake,7,1.9,0.096,33,reviewed,us,us
2020-04-29T19:39:42.111Z,7.034,126.1421,70.78,4.3,mb,,121,0.559,0.84,us,us70009ag7,2020-07-18T21:57:38.040Z,"11 km NW of Mati, Philippines",earthquake,8.9,6.7,0.154,12,reviewed,us,us
2020-05-02T10:50:36.070Z,5.7073,126.3917,100.49,4.2,mb,,113,1.576,0.78,us,us70009brd,2020-07-18T21:57:44.040Z,"76 km SSE of Pondaguitan, Philippines",earthquake,9.4,7.9,0.094,33,reviewed,us,us
2020-05-07T18:39:46.702Z,5.636,124.9706,35,4.1,mb,,118,1.547,1.02,us,us70009g1x,2020-07-29T22:14:16.040Z,"24 km S of Maasim, Philippines",earthquake,7.1,2,0.197,8,reviewed,us,us
2020-05-14T18:55:45.850Z,6.2343,126.4194,133.18,4.1,mb,,120,1.177,0.75,us,us70009mjd,2020-08-02T00:31:58.040Z,"30 km ESE of Pondaguitan, Philippines",earthquake,10.9,8.4,0.166,10,reviewed,us,us
2020-05-16T20:32:03.194Z,6.6286,125.0669,10,4.6,mb,,109,0.671,0.53,us,us70009naz,2020-08-02T00:29:55.040Z,"10 km E of Telafas, Philippines",earthquake,7.2,2,0.172,10,reviewed,us,us
2020-05-19T19:38:12.085Z,5.4325,124.9871,54.35,4.8,mb,,100,1.729,1.14,us,us70009l4a,2020-08-02T00:28:03.040Z,"43 km SW of Burias, Philippines",earthquake,6.2,6.8,0.052,121,reviewed,us,us
2020-05-20T12:45:07.210Z,5.2037,126.1163,90.28,5,mww,,82,1.929,0.85,us,us70009lmq,2025-12-22T18:34:32.188Z,"75 km ESE of Sarangani, Philippines",earthquake,6.7,3.2,0.086,13,reviewed,us,us
2020-05-20T13:56:45.536Z,6.4798,125.5723,178.54,4.9,mb,,72,0.586,0.96,us,us70009lpq,2020-08-08T18:17:43.040Z,"1 km SSE of Tubalan, Philippines",earthquake,8.5,4.9,0.06,86,reviewed,us,us
2020-05-26T18:10:56.428Z,6.599,125.0985,10,4.3,mb,,93,0.668,1.12,us,us6000a4iz,2020-08-08T18:17:38.040Z,"10 km NE of Lambayong, Philippines",earthquake,6.3,1.9,0.137,19,reviewed,us,us
2020-05-27T07:33:07.670Z,6.1107,126.3407,93.81,4.5,mb,,115,1.216,0.86,us,us6000a5u1,2020-08-15T20:19:36.040Z,"33 km SSE of Pondaguitan, Philippines",earthquake,10.5,2.1,0.128,18,reviewed,us,us
2020-05-27T07:46:53.519Z,5.0124,125.3914,184.95,4.6,mb,,42,2.052,1.24,us,us60009zvw,2020-08-15T20:19:36.040Z,"43 km S of Sarangani, Philippines",earthquake,6.9,5.7,0.041,175,reviewed,us,us
2020-05-29T08:05:13.514Z,5.5357,124.0523,52.15,4.4,mb,,92,2.15,0.91,us,us6000a6e7,2020-08-15T20:19:47.040Z,"72 km SSW of Malisbeng, Philippines",earthquake,6.5,8.8,0.092,34,reviewed,us,us
2020-06-02T07:42:13.590Z,5.5003,125.0805,53.05,4.3,mb,,97,1.636,0.66,us,us6000a8nw,2020-08-15T20:20:04.040Z,"30 km SW of Burias, Philippines",earthquake,8.4,4.2,0.126,18,reviewed,us,us
2020-06-08T09:36:45.398Z,6.4381,126.3135,76.5,4.1,mb,,179,0.962,0.86,us,us6000aawh,2020-08-18T17:59:06.040Z,"17 km ENE of Pondaguitan, Philippines",earthquake,9.9,5.5,0.175,11,reviewed,us,us
2020-06-12T03:20:48.377Z,5.7319,125.6906,198.29,4.3,mb,,122,1.333,0.75,us,us6000ae8k,2020-08-22T19:14:59.040Z,"21 km E of Kalbay, Philippines",earthquake,11.9,7.9,0.138,15,reviewed,us,us
2020-06-18T00:43:19.612Z,5.0176,126.0365,66.03,4.1,mb,,154,2.088,0.94,us,us7000aawq,2020-08-30T00:01:12.040Z,"76 km SE of Sarangani, Philippines",earthquake,5.8,11.8,0.185,8,reviewed,us,us
2020-06-19T16:49:43.159Z,5.854,125.984,153.92,4.4,mb,,176,1.273,1.23,us,us7000abat,2020-08-30T00:01:16.040Z,"37 km ESE of Mangili, Philippines",earthquake,10,8.3,0.139,15,reviewed,us,us
2020-06-26T20:40:28.239Z,5.9579,126.1838,131.23,4.4,mb,,91,1.257,1.18,us,us7000agqw,2020-09-05T17:35:41.040Z,"44 km S of Pondaguitan, Philippines",earthquake,8,6.5,0.085,46,reviewed,us,us
2020-06-30T15:16:04.260Z,4.9225,125.4882,61.71,4.2,mb,,136,2.135,0.4,us,us7000ajci,2020-09-05T17:35:44.040Z,"53 km S of Sarangani, Philippines",earthquake,11.4,8.9,0.136,15,reviewed,us,us
2020-07-02T19:00:32.384Z,5.5213,126.2211,96.54,4.5,mb,,75,1.665,1.04,us,us7000agvq,2020-09-11T22:13:55.040Z,"77 km SE of Caburan, Philippines",earthquake,7.9,5.8,0.079,47,reviewed,us,us
2020-07-04T20:21:30.304Z,5.784,125.978,125.97,4.4,mb,,111,1.337,0.85,us,us7000ai20,2020-09-11T22:14:12.040Z,"40 km ESE of Caburan, Philippines",earthquake,9.3,7,0.086,39,reviewed,us,us
2020-07-09T18:51:46.717Z,6.5639,125.1247,8.87,4.5,mb,,98,0.675,0.83,us,us7000akxs,2020-09-19T20:58:01.040Z,"9 km NNE of Tampakan, Philippines",earthquake,5.5,4.8,0.118,21,reviewed,us,us
2020-07-10T18:16:38.444Z,6.6175,125.2954,27.4,4.8,mb,,37,0.53,0.92,us,us7000alkg,2020-09-19T20:58:05.040Z,"4 km SSE of Malinao, Philippines",earthquake,4.5,5.5,0.069,71,reviewed,us,us
2020-07-11T11:11:35.662Z,6.6327,125.2157,10,4.3,mb,,121,0.564,0.81,us,us7000aqbm,2020-09-19T20:58:28.040Z,"3 km NW of Kiblawan, Philippines",earthquake,6.2,2,0.177,9,reviewed,us,us
2020-07-13T06:15:21.762Z,6.1165,123.9016,10,4.4,mb,,87,1.916,0.72,us,us7000arp7,2020-09-19T20:58:32.040Z,"33 km WSW of Palimbang, Philippines",earthquake,10.1,1.9,0.123,19,reviewed,us,us
2020-07-16T00:34:51.092Z,6.5437,125.2367,10,4.2,mb,,126,0.623,0.95,us,us6000b2pv,2020-09-26T16:58:23.040Z,"7 km S of Kiblawan, Philippines",earthquake,8.3,1,0.152,12,reviewed,us,us
2020-07-16T09:15:23.472Z,5.6107,126.3309,121.9,4.3,mb,,131,1.63,0.67,us,us6000b2q7,2020-09-26T16:58:23.040Z,"83 km ESE of Caburan, Philippines",earthquake,10.2,7,0.114,22,reviewed,us,us
2020-07-19T08:57:05.248Z,5.2145,126.2637,66.29,4.3,mb,,74,1.964,0.43,us,us7000ar69,2020-09-26T16:58:38.040Z,"91 km ESE of Sarangani, Philippines",earthquake,6.1,8.8,0.106,28,reviewed,us,us
2020-07-20T05:32:34.742Z,5.9807,126.4953,10,4.4,mb,,140,1.414,0.94,us,us6000b3ht,2020-09-26T16:58:26.040Z,"54 km SE of Pondaguitan, Philippines",earthquake,10.4,1.9,0.17,10,reviewed,us,us
2020-07-20T12:23:35.316Z,6.1488,125.4305,155.69,4.2,mb,,54,0.926,0.6,us,us6000b3i6,2020-09-26T16:58:27.040Z,"10 km NNE of Suyan, Philippines",earthquake,4.5,6.6,0.11,23,reviewed,us,us
2020-07-22T16:20:40.863Z,5.8261,125.8851,118.87,4,mb,,118,1.272,1.24,us,us6000b5xn,2020-10-03T17:32:30.040Z,"28 km ESE of Caburan, Philippines",earthquake,7.3,6.1,0.106,24,reviewed,us,us
2020-07-25T03:03:04.155Z,5.0626,123.8916,485.97,4.2,mb,,95,5.004,0.42,us,us6000b6nd,2020-10-03T17:32:32.040Z,Celebes Sea,earthquake,15.3,12.3,0.167,10,reviewed,us,us
2020-07-27T20:05:25.118Z,4.5049,124.4337,52.2,4.5,mb,,98,2.791,0.75,us,us6000b6w8,2020-10-03T17:32:34.040Z,"151 km SW of Sarangani, Philippines",earthquake,7,7.1,0.108,25,reviewed,us,us
2020-07-28T11:27:10.403Z,5.7708,126.155,123.7,4,mb,,135,1.411,0.48,us,us6000b8s7,2020-10-03T17:32:35.040Z,"58 km ESE of Mangili, Philippines",earthquake,8.6,8.4,0.149,12,reviewed,us,us
2020-07-30T16:27:25.021Z,6.3533,125.5821,178.55,4.2,mb,,52,0.711,0.92,us,us6000b9qb,2020-10-10T17:11:16.040Z,"2 km SSE of Bolila, Philippines",earthquake,8.4,2.8,0.093,36,reviewed,us,us
2020-08-01T17:09:01.952Z,7.2932,124.1331,483,6.4,mww,,13,1.451,1.04,us,us6000b80p,2025-12-22T17:58:15.331Z,"11 km SW of Polloc, Philippines",earthquake,7.4,1.9,0.027,129,reviewed,us,us
2020-08-02T16:44:33.349Z,5.6063,125.8512,129.3,4.9,mb,,196,1.478,0.37,us,us6000bahq,2020-10-10T17:11:19.040Z,"41 km ESE of Kalbay, Philippines",earthquake,12.3,7.3,0.186,12,reviewed,us,us
2020-08-08T11:26:01.313Z,4.9912,125.3026,10,4.1,mb,,133,2.083,1,us,us6000be2y,2020-10-21T22:04:13.040Z,"48 km SSW of Sarangani, Philippines",earthquake,9.5,1.9,0.174,9,reviewed,us,us
2020-08-15T03:11:58.241Z,5.9349,123.8307,541.16,4.3,mb,,58,2.071,0.91,us,us6000bf24,2020-10-24T20:08:52.040Z,"49 km SW of Palimbang, Philippines",earthquake,10,6.9,0.057,87,reviewed,us,us
2020-08-15T10:53:18.027Z,4.6843,125.5347,139.45,4.9,mww,,27,2.37,0.74,us,us6000bf5g,2020-10-24T20:08:53.040Z,"79 km S of Sarangani, Philippines",earthquake,7.6,5.8,0.075,17,reviewed,us,us
2020-08-16T07:22:30.425Z,6.4605,123.476,582.59,5.2,mww,,21,2.174,1.01,us,us6000bfin,2025-12-22T18:40:34.925Z,"62 km W of Bantogon, Philippines",earthquake,8.8,3,0.086,13,reviewed,us,us
2020-08-22T04:24:09.146Z,5.8428,126.366,124.47,4.3,mb,,145,1.448,0.72,us,us7000be8j,2020-10-31T19:06:33.040Z,"60 km SSE of Pondaguitan, Philippines",earthquake,13.7,9.5,0.168,10,reviewed,us,us
2020-08-23T18:03:37.753Z,5.1458,124.0757,482.61,4.3,mb,,68,2.426,0.85,us,us6000bjgj,2020-10-31T19:06:20.040Z,"109 km SSW of Maitum, Philippines",earthquake,10.8,8.3,0.074,51,reviewed,us,us
2020-08-26T02:54:10.543Z,5.3488,126.3757,117.62,4.9,mb,,110,1.884,0.84,us,us7000bd2f,2020-11-07T18:48:28.040Z,"101 km E of Sarangani, Philippines",earthquake,7.3,6.5,0.062,80,reviewed,us,us
2020-08-30T14:37:58.108Z,5.1305,124.1643,499.71,4.1,mb,,153,5.229,0.59,us,us7000bh5k,2020-11-07T18:48:50.040Z,"107 km SSW of Maitum, Philippines",earthquake,9.6,13.9,0.145,13,reviewed,us,us
2020-08-30T17:44:08.681Z,6.6674,125.4012,36.15,4.8,mww,,99,0.437,0.92,us,us7000bf26,2020-11-07T18:48:37.040Z,"5 km ESE of Guihing Proper, Philippines",earthquake,3.5,6.6,0.098,10,reviewed,us,us
2020-09-06T15:23:43.148Z,6.2693,125.8285,120,6.3,mww,,29,0.832,1.22,us,us7000biyd,2025-12-22T18:41:47.119Z,"17 km E of Talagutong, Philippines",earthquake,7.2,1.9,0.045,47,reviewed,us,us
2020-09-11T04:25:44.407Z,5.9988,123.8244,539.73,4.1,mb,,107,5.726,0.43,us,us7000bnyq,2020-11-21T20:10:45.040Z,"46 km WSW of Palimbang, Philippines",earthquake,11.7,11.8,0.126,17,reviewed,us,us
2020-09-13T04:05:14.608Z,6.0551,123.8095,539.77,4.1,mb,,76,2.026,0.63,us,us7000bpff,2020-11-21T20:10:46.040Z,"45 km WSW of Palimbang, Philippines",earthquake,15.9,14.2,0.198,7,reviewed,us,us
2020-09-13T22:16:40.346Z,6.6823,126.1997,65.57,4.4,mb,,169,0.726,0.67,us,us7000bpgd,2020-11-21T20:10:47.040Z,"11 km ESE of Talisay, Philippines",earthquake,10,8,0.123,19,reviewed,us,us
2020-09-16T22:56:00.760Z,5.7541,123.9059,534.47,4,mb,,106,5.567,0.31,us,us6000bzlq,2020-11-28T21:31:46.040Z,"59 km SSW of Palimbang, Philippines",earthquake,15.3,11,0.15,12,reviewed,us,us
2020-09-20T13:28:27.795Z,6.665,125.5523,180.54,5,mww,,78,0.403,1.14,us,us7000bqi2,2025-12-22T18:42:27.943Z,"13 km ENE of Tanlad, Philippines",earthquake,9,1.1,0.073,18,reviewed,us,us
2020-10-03T03:25:12.728Z,6.0762,126.1396,126.76,4.9,mb,,82,1.133,1.27,us,us6000c53b,2020-12-12T22:28:36.040Z,"31 km S of Pondaguitan, Philippines",earthquake,7.5,5.7,0.059,90,reviewed,us,us
2020-10-06T03:10:36.697Z,5.5166,125.5981,10,4,mb,,160,1.543,0.27,us,us6000c72v,2020-12-12T22:28:50.040Z,"Mindanao, Philippines",earthquake,9.5,2,0.231,5,reviewed,us,us
2020-10-06T11:46:23.225Z,6.3427,125.8656,122.78,4.3,mb,,130,0.776,0.7,us,us6000c731,2020-12-12T22:28:50.040Z,"Mindanao, Philippines",earthquake,14.6,7.3,0.143,14,reviewed,us,us
2020-10-09T17:46:59.731Z,6.5411,126.2216,146.23,4.3,mb,,95,0.826,0.77,us,us6000c74x,2020-12-19T17:22:42.040Z,"13 km NE of Nangan, Philippines",earthquake,6.8,6.3,0.102,30,reviewed,us,us
2020-10-14T03:43:31.791Z,6.5107,125.9115,127.04,4.3,mb,,101,0.646,0.85,us,us6000c85z,2020-12-29T23:07:19.040Z,"20 km W of Luzon, Philippines",earthquake,9.1,6.5,0.111,23,reviewed,us,us
2020-10-14T20:44:13.283Z,6.6469,123.5443,609.66,4.1,mb,,101,7.309,0.62,us,us6000c9yl,2020-12-29T23:07:21.040Z,"54 km W of Taguisa, Philippines",earthquake,11.9,9.1,0.114,21,reviewed,us,us
2020-10-15T08:51:35.627Z,7.2362,126.3157,10,4.6,mb,,37,0.749,0.6,us,us6000c8h6,2020-12-29T23:07:23.040Z,"22 km NNE of Limot, Philippines",earthquake,5.8,1.8,0.071,60,reviewed,us,us
2020-10-17T14:58:15.871Z,4.5845,125.8235,171.6,4.6,mb,,116,2.48,0.5,us,us6000c8zz,2020-12-29T23:07:32.040Z,"98 km SSE of Sarangani, Philippines",earthquake,8.8,7.5,0.116,22,reviewed,us,us
2020-10-22T20:10:24.447Z,5.9384,126.016,145.96,4.5,mb,,69,1.204,1.18,us,us6000cbnp,2021-01-09T20:05:19.040Z,"37 km E of Mangili, Philippines",earthquake,8.8,5.2,0.072,56,reviewed,us,us
2020-11-09T03:24:10.874Z,5.7298,125.5465,131.89,4,mb,,133,5.249,0.66,us,us7000ce8w,2021-01-23T22:25:45.040Z,"5 km E of Kalbay, Philippines",earthquake,13.9,9.2,0.134,15,reviewed,us,us
2020-11-11T15:40:43.217Z,5.3981,126.4416,39.65,4.9,mww,,54,1.869,1.03,us,us7000cdez,2025-12-22T18:45:07.363Z,"105 km ESE of Caburan, Philippines",earthquake,7.1,5.6,0.098,10,reviewed,us,us
2020-11-12T01:34:56.350Z,5.2413,125.2688,196.43,4.2,mb,,93,1.842,0.59,us,us7000cg4d,2021-01-27T17:30:09.040Z,"28 km SW of Sarangani, Philippines",earthquake,7.8,6.9,0.124,18,reviewed,us,us
2020-11-15T11:06:17.072Z,5.3635,126.3088,45.92,4.3,mb,,100,1.843,0.75,us,us6000cpxx,2021-01-27T17:28:18.040Z,"93 km E of Sarangani, Philippines",earthquake,5.1,8.8,0.107,25,reviewed,us,us
2020-11-16T21:40:00.328Z,5.3084,126.1609,40.81,4.2,mb,,131,1.842,1.19,us,us6000cqf6,2021-01-27T17:28:24.040Z,"77 km E of Sarangani, Philippines",earthquake,10.1,11.1,0.166,10,reviewed,us,us
2020-11-17T11:21:40.757Z,5.4387,126.1767,43.4,4.2,mb,,132,1.725,0.76,us,us6000cqs2,2021-01-27T17:28:27.040Z,"79 km E of Sarangani, Philippines",earthquake,6.4,8.8,0.146,13,reviewed,us,us
2020-11-19T12:14:09.404Z,7.9454,123.2439,10,4.5,mb,,85,2.473,1.3,us,us6000cqcd,2021-02-03T17:51:10.040Z,"6 km SSW of Midsalip, Philippines",earthquake,7.6,1.9,0.093,34,reviewed,us,us
2020-11-21T11:12:59.490Z,7.7198,126.0833,10,4.2,mb,,144,0.816,0.49,us,us6000cseu,2021-02-03T17:49:17.040Z,"1 km SE of Babag, Philippines",earthquake,7.9,1.8,0.153,12,reviewed,us,us
2020-11-21T13:11:05.937Z,5.326,125.4895,178.41,4.7,mb,,131,1.734,1.1,us,us6000cr88,2021-02-03T17:49:54.040Z,"9 km SSE of Sarangani, Philippines",earthquake,9.6,7.2,0.104,28,reviewed,us,us
2020-12-03T02:32:24.182Z,5.1454,124.2899,445.19,4.1,mb,,90,8.086,0.69,us,us7000cnv7,2021-02-12T22:40:04.040Z,"99 km SSW of Tambilil, Philippines",earthquake,10.4,12.1,0.158,11,reviewed,us,us
2020-12-10T18:40:26.809Z,5.6963,124.1113,505.27,4.3,mb,,85,1.997,0.68,us,us7000cpui,2021-02-20T16:11:10.040Z,"54 km SSW of Malisbeng, Philippines",earthquake,9.1,8.8,0.097,30,reviewed,us,us
2020-12-15T23:21:57.807Z,5.1789,125.4212,14,6.1,mww,,27,1.884,1.08,us,us7000crdx,2025-12-22T18:47:01.558Z,"25 km S of Sarangani, Philippines",earthquake,7.1,1.7,0.054,33,reviewed,us,us
2020-12-16T00:16:33.434Z,5.025,125.2608,35,4.2,mb,,149,2.055,1.05,us,us7000cs76,2021-02-27T23:25:49.040Z,"47 km SSW of Sarangani, Philippines",earthquake,7.9,2,0.167,10,reviewed,us,us
2020-12-16T06:06:49.049Z,5.622,124.8874,65.97,4.5,mb,,110,1.594,0.57,us,us7000crgl,2021-02-27T23:24:52.040Z,"27 km SSW of Daliao, Philippines",earthquake,8.6,7.2,0.102,28,reviewed,us,us
2020-12-16T10:30:54.894Z,5.2167,125.2755,26.14,5,mb,,89,1.865,0.58,us,us7000crj1,2021-02-27T23:24:55.040Z,"29 km SW of Sarangani, Philippines",earthquake,5.2,4.6,0.063,79,reviewed,us,us
2020-12-16T19:07:58.533Z,5.0402,125.2011,42.48,4.4,mb,,99,2.05,0.28,us,us7000cs7x,2021-02-27T23:25:55.040Z,"49 km SW of Sarangani, Philippines",earthquake,8.6,5.3,0.179,9,reviewed,us,us
2020-12-16T20:51:27.283Z,5.1358,125.4547,65.34,4.5,mb,,96,1.925,0.94,us,us7000cs7n,2021-02-27T23:25:53.040Z,"29 km S of Sarangani, Philippines",earthquake,5.1,8.2,0.132,17,reviewed,us,us
2020-12-17T12:38:55.235Z,5.1239,125.3912,62.35,4.9,mb,,87,1.942,0.77,us,us7000crsf,2021-02-27T23:25:10.040Z,"31 km SSW of Sarangani, Philippines",earthquake,7.2,7,0.068,68,reviewed,us,us
2020-12-22T01:19:58.532Z,5.2168,125.2675,53.32,4.9,mb,,65,1.866,0.78,us,us6000d1sk,2021-02-27T23:23:22.040Z,"29 km SW of Sarangani, Philippines",earthquake,8,5.9,0.094,35,reviewed,us,us
2020-12-24T22:03:54.386Z,5.3071,124.6823,10,3.9,mb,,131,1.965,0.41,us,us6000d5t5,2021-03-06T23:18:33.040Z,"66 km SSW of Katubao, Philippines",earthquake,6.1,2,0.194,7,reviewed,us,us
2020-12-25T02:00:33.427Z,5.0517,125.9067,100.59,5.1,mb,,65,2.031,1.2,us,us6000d2sq,2025-12-22T18:47:21.355Z,"62 km SE of Sarangani, Philippines",earthquake,6.7,4.1,0.051,127,reviewed,us,us
2020-12-26T00:08:25.505Z,6.6326,126.0676,123.04,4.5,mb,,101,0.651,0.79,us,us6000d32k,2021-03-06T23:18:57.040Z,"2 km SSW of Sigaboy, Philippines",earthquake,9.1,5.2,0.102,28,reviewed,us,us
2020-12-28T02:37:43.061Z,4.5923,123.6836,497.03,4.4,mb,,75,3.1,0.87,us,us6000d3k4,2021-03-06T23:19:42.040Z,"183 km SSW of Maitum, Philippines",earthquake,10.5,7.4,0.063,72,reviewed,us,us
2020-12-29T16:21:48.131Z,5.2608,125.2951,35,5.3,mww,,36,1.819,1.07,us,us6000d40v,2025-12-22T18:47:33.713Z,"24 km SW of Sarangani, Philippines",earthquake,5.7,1.9,0.078,16,reviewed,us,us
2020-12-29T16:45:13.409Z,5.1557,125.3588,45.84,4.5,mb,,79,1.914,0.78,us,us6000d40z,2021-03-06T23:20:21.040Z,"29 km SSW of Sarangani, Philippines",earthquake,7.6,7.3,0.099,32,reviewed,us,us
2020-12-29T17:05:22.263Z,5.1959,125.2661,48.21,4.8,mb,,104,1.887,0.82,us,us6000d416,2021-03-06T23:20:22.040Z,"31 km SW of Sarangani, Philippines",earthquake,7.4,7.1,0.066,82,reviewed,us,us
2020-12-29T17:18:17.976Z,5.1315,125.388,54.16,4.2,mb,,120,1.934,0.48,us,us6000d6qc,2021-03-06T23:20:22.040Z,"31 km SSW of Sarangani, Philippines",earthquake,9.8,11,0.176,11,reviewed,us,us
2020-12-29T19:08:50.806Z,5.1394,125.2415,55.68,4.4,mb,,89,1.946,0.98,us,us6000d42p,2021-03-06T23:20:25.040Z,"38 km SW of Sarangani, Philippines",earthquake,4,7.2,0.089,44,reviewed,us,us
2020-12-29T23:20:13.312Z,5.0896,125.1577,44.3,4.3,mb,,114,2.011,0.64,us,us6000d6qi,2021-03-06T23:20:28.040Z,"48 km SW of Sarangani, Philippines",earthquake,6.8,8.7,0.111,23,reviewed,us,us
2020-12-30T00:58:06.392Z,4.5266,125.7779,163.75,4.6,mb,,45,2.534,0.89,us,us6000d45x,2021-03-06T23:20:30.040Z,"103 km SSE of Sarangani, Philippines",earthquake,7.7,4.2,0.072,58,reviewed,us,us
2020-12-30T23:03:00.251Z,5.1231,125.2581,54.13,4.6,mb,,108,1.96,0.45,us,us6000d4fn,2021-03-06T23:20:48.040Z,"38 km SW of Sarangani, Philippines",earthquake,5.3,9.1,0.133,17,reviewed,us,us
2021-01-05T17:43:49.892Z,6.3482,126.422,134.98,4.4,mb,,74,1.102,0.72,us,us6000d5u8,2021-03-13T22:59:23.040Z,"27 km E of Pondaguitan, Philippines",earthquake,8.7,6.3,0.06,89,reviewed,us,us
2021-01-09T06:25:36.732Z,6.0913,126.2038,122.92,4.2,mb,,135,1.153,0.46,us,us6000d6z4,2021-03-20T21:23:08.040Z,"29 km S of Pondaguitan, Philippines",earthquake,9.8,9.4,0.152,12,reviewed,us,us
2021-01-21T21:45:18.913Z,5.2744,125.4336,10,4.3,mb,,133,1.789,0.74,us,us6000dcvt,2021-05-11T03:27:25.192Z,"14 km SSW of Sarangani, Philippines",earthquake,8.1,1.9,0.153,12,reviewed,us,us
2021-01-25T02:06:26.952Z,6.1485,124.7945,376.77,4,mb,,127,5.925,0.67,us,us6000ddw2,2021-04-13T17:06:24.040Z,"10 km SSW of Sinolon, Philippines",earthquake,9.4,10.8,0.119,19,reviewed,us,us
2021-01-30T07:29:21.327Z,5.1483,125.2738,10,4.4,mb,,129,1.932,0.68,us,us6000dert,2021-04-16T19:03:38.040Z,"35 km SW of Sarangani, Philippines",earthquake,7,1.9,0.169,10,reviewed,us,us
2021-02-06T23:28:52.821Z,6.7385,125.0751,17.65,4.9,mb,,69,0.598,0.51,us,us6000df87,2021-05-11T03:20:14.918Z,"12 km WSW of Magsaysay, Philippines",earthquake,2.9,4.7,0.067,70,reviewed,us,us
2021-02-07T04:22:56.667Z,6.7693,125.1011,16,6,mww,,37,0.56,1.39,us,us6000df9r,2025-12-22T18:49:31.742Z,"9 km W of Magsaysay, Philippines",earthquake,7.1,1.7,0.048,41,reviewed,us,us
2021-02-07T11:19:04.607Z,5.5318,126.366,95.51,4.4,mb,,117,1.716,0.55,us,us6000dfc2,2021-04-22T21:51:02.040Z,"90 km ESE of Caburan, Philippines",earthquake,9.4,8.2,0.096,31,reviewed,us,us
2021-02-08T01:30:25.517Z,5.6627,125.1314,45.26,4.4,mb,,120,1.466,1.08,us,us6000dh2z,2021-04-22T21:51:18.040Z,"14 km SW of Baliton, Philippines",earthquake,6.2,7.7,0.169,10,reviewed,us,us
2021-02-08T21:46:56.772Z,6.1556,126.069,140.04,4.4,mb,,116,1.03,1.29,us,us6000dh3t,2021-04-22T21:51:40.040Z,"25 km SSW of Pondaguitan, Philippines",earthquake,3.6,7.8,0.114,22,reviewed,us,us
2021-02-14T10:12:30.406Z,4.537,124.5023,345.07,4.1,mb,,111,2.734,0.52,us,us6000dhku,2021-04-23T21:04:34.040Z,"143 km SW of Sarangani, Philippines",earthquake,7.9,7,0.109,23,reviewed,us,us
2021-02-17T13:03:41.204Z,6.6021,125.1566,10,4.8,mb,,69,0.626,0.72,us,us6000didz,2021-04-23T21:04:51.040Z,"8 km W of Kiblawan, Philippines",earthquake,4.7,1.8,0.061,84,reviewed,us,us
2021-02-23T16:19:17.389Z,4.5569,125.7348,182.27,4.5,mb,,105,2.501,0.69,us,us6000dkfu,2021-05-04T14:16:37.040Z,"98 km SSE of Sarangani, Philippines",earthquake,7.3,7,0.094,33,reviewed,us,us
2021-02-24T22:57:23.753Z,6.3068,123.9929,10,4.1,mb,,94,1.748,1.04,us,us7000demj,2021-05-04T14:17:03.040Z,"16 km SSW of Sangay, Philippines",earthquake,7.4,1.9,0.213,6,reviewed,us,us
2021-02-25T17:45:19.558Z,5.6625,125.375,60.44,4.3,mb,,133,1.412,0.79,us,us7000dewt,2021-05-04T14:17:20.040Z,"7 km WNW of Nuing, Philippines",earthquake,9.3,6,0.142,14,reviewed,us,us
2021-02-27T02:32:53.405Z,4.7198,126.2062,94.18,4.5,mb,,115,2.416,1.11,us,us7000de1z,2021-05-13T22:36:00.040Z,"111 km SE of Sarangani, Philippines",earthquake,8.9,8,0.1,29,reviewed,us,us
2021-02-28T22:51:23.190Z,6.653,124.9969,11.37,4.5,mb,,88,0.711,0.5,us,us7000defc,2021-05-13T22:38:26.040Z,"3 km NE of Telafas, Philippines",earthquake,4.2,5.9,0.135,16,reviewed,us,us
2021-03-07T02:55:51.210Z,7.4027,125.4989,49.2,4.2,mb,,195,0.34,0.16,us,us7000djs8,2021-05-21T19:51:36.040Z,"9 km NW of Mabuhay, Philippines",earthquake,10,8.7,0.215,6,reviewed,us,us
2021-03-07T04:43:25.580Z,4.6616,125.7506,131.68,4.7,mb,,112,2.398,1,us,us7000dgr5,2021-05-21T19:47:57.040Z,"87 km SSE of Sarangani, Philippines",earthquake,8.3,7.7,0.064,73,reviewed,us,us
2021-03-09T00:35:12.488Z,6.3203,124.0014,552.19,4,mb,,111,6.09,0.7,us,us7000dki5,2021-05-21T19:52:30.040Z,"14 km SSW of Sangay, Philippines",earthquake,14.4,11.3,0.119,19,reviewed,us,us
2021-03-12T20:14:04.639Z,4.9082,126.4194,67.36,5.1,mb,,81,2.304,0.93,us,us7000dixl,2021-05-26T22:06:23.040Z,"119 km ESE of Sarangani, Philippines",earthquake,7.9,6.2,0.05,137,reviewed,us,us
2021-03-13T12:32:40.654Z,6.0025,123.9955,536.73,4.1,mb,,114,5.532,0.58,us,us7000dj2u,2021-05-26T22:06:40.040Z,"31 km SW of Palimbang, Philippines",earthquake,9.3,9,0.106,24,reviewed,us,us
2021-03-13T15:34:33.044Z,5.2768,126.2222,73.08,4.2,mb,,144,4.618,1.08,us,us6000dvr8,2021-05-26T22:06:45.040Z,"85 km E of Sarangani, Philippines",earthquake,11.8,10.2,0.159,11,reviewed,us,us
2021-03-14T06:07:28.526Z,5.3798,126.1447,87.84,4.6,mb,,79,1.77,0.58,us,us7000dj85,2021-05-26T22:07:01.040Z,"75 km E of Sarangani, Philippines",earthquake,8.6,8.1,0.095,33,reviewed,us,us
2021-03-22T10:16:04.765Z,6.3785,125.7821,154.7,4.4,mb,,118,0.715,0.81,us,us6000dxmf,2021-06-02T15:23:19.040Z,"15 km ENE of Lais, Philippines",earthquake,9.4,6.7,0.143,14,reviewed,us,us
2021-03-26T22:45:51.253Z,7.9883,126.2967,71.21,4.4,mb,,137,1.157,0.58,us,us6000dwws,2021-06-08T17:58:41.040Z,"13 km WSW of Lingig, Philippines",earthquake,13.3,10.2,0.13,17,reviewed,us,us
2021-03-31T11:06:22.643Z,6.1594,125.2098,10,4.2,mb,,142,0.976,0.55,us,us6000e014,2021-06-08T18:00:14.040Z,"1 km SW of Katangawan, Philippines",earthquake,11.5,2,0.216,6,reviewed,us,us
2021-03-31T11:47:30.293Z,6.7658,125.537,60.47,4.2,mb,,121,0.304,0.42,us,us6000e00w,2021-06-08T18:00:13.040Z,"15 km SE of Coronon, Philippines",earthquake,10.8,5.1,0.128,17,reviewed,us,us
2021-04-09T04:58:56.230Z,5.3316,126.1191,126.71,4.1,mb,,160,1.808,0.68,us,us6000e1ux,2021-06-19T21:25:48.040Z,"73 km E of Sarangani, Philippines",earthquake,8.7,12.6,0.213,6,reviewed,us,us
2021-04-09T13:39:45.159Z,6.6411,125.5505,137.09,4.8,mb,,108,0.426,0.36,us,us6000e1v3,2021-06-19T21:25:49.040Z,"12 km ENE of Tanlad, Philippines",earthquake,13.4,6.3,0.154,13,reviewed,us,us
2021-04-16T12:17:53.814Z,4.8044,125.4662,163.69,4.5,mb,,74,2.253,0.64,us,us6000e21i,2021-07-03T16:47:40.040Z,"66 km S of Sarangani, Philippines",earthquake,7.6,5.6,0.068,66,reviewed,us,us
2021-04-19T23:49:42.409Z,6.892,123.5914,616.53,4.8,mb,,45,1.981,0.91,us,us6000e30s,2021-07-03T16:48:33.040Z,"48 km WNW of Gadung, Philippines",earthquake,9,6.3,0.058,90,reviewed,us,us
2021-04-22T16:43:48.152Z,6.4697,125.429,194.77,4,mb,,113,0.614,0.48,us,us7000dy9q,2021-07-03T16:50:06.040Z,"4 km SW of Pung-Pang, Philippines",earthquake,13,6.7,0.134,18,reviewed,us,us
2021-04-23T09:56:48.203Z,7.6818,125.6339,87.28,4.5,mb,,95,0.61,0.53,us,us7000dykc,2021-07-07T18:33:55.040Z,"2 km NNW of Suz-on, Philippines",earthquake,10.8,8.3,0.191,8,reviewed,us,us
2021-04-23T12:09:11.560Z,6.6501,125.6219,219.86,4.3,mb,,80,0.419,0.67,us,us6000e3y9,2021-07-07T18:33:57.040Z,"18 km NNE of Tubalan, Philippines",earthquake,7.9,6,0.091,37,reviewed,us,us
2021-04-23T18:45:29.018Z,5.2189,126.4843,27.58,5,mww,,74,2.047,0.66,us,us6000e43x,2025-12-22T18:56:59.468Z,"114 km E of Sarangani, Philippines",earthquake,6,3.7,0.08,15,reviewed,us,us
2021-04-23T23:09:24.499Z,5.2182,126.4028,55.55,4.5,mb,,113,2.013,0.66,us,us6000e46q,2021-07-07T18:34:06.040Z,"106 km E of Sarangani, Philippines",earthquake,7.5,6.7,0.061,79,reviewed,us,us
2021-04-25T21:21:16.300Z,7.8276,126.2242,109.62,4.1,mb,,122,0.988,0.75,us,us6000e4r9,2021-07-07T18:35:08.040Z,"16 km WSW of Boston, Philippines",earthquake,10.7,5.9,0.131,16,reviewed,us,us
2021-04-27T16:58:09.389Z,5.2683,126.4644,51.83,4.5,mb,,77,1.994,0.85,us,us7000dxy6,2021-07-07T18:36:29.040Z,"111 km E of Sarangani, Philippines",earthquake,6.9,7,0.076,51,reviewed,us,us
2021-05-01T14:26:45.983Z,4.9715,125.3665,177.14,4.8,mb,,42,2.095,1.11,us,us7000dz9t,2021-07-10T20:14:51.040Z,"48 km SSW of Sarangani, Philippines",earthquake,7.7,6.1,0.046,144,reviewed,us,us
2021-05-06T06:21:22.867Z,6.7679,125.1731,21.82,5,mww,,63,0.502,0.54,us,us7000e0jz,2025-12-22T18:58:32.630Z,"1 km W of Magsaysay, Philippines",earthquake,7.9,5.2,0.098,10,reviewed,us,us
2021-05-06T13:17:08.622Z,5.3631,126.2808,41.93,4.6,mb,,116,1.833,1.04,us,us7000e0mr,2021-07-10T20:15:41.040Z,"90 km E of Sarangani, Philippines",earthquake,8.8,7.6,0.107,27,reviewed,us,us
2021-05-06T20:07:37.252Z,6.0693,124.0747,533.2,4.2,mb,,60,1.794,0.73,us,us7000e0t2,2021-07-10T20:15:47.040Z,"20 km SW of Palimbang, Philippines",earthquake,11.9,7.6,0.073,52,reviewed,us,us
2021-05-07T07:10:43.219Z,6.05,126.0421,137.48,4.5,mb,,110,1.112,0.55,us,us7000e0xq,2021-07-23T18:08:16.040Z,"37 km SSW of Pondaguitan, Philippines",earthquake,9.7,7.5,0.075,52,reviewed,us,us
2021-05-10T04:18:49.278Z,5.8428,125.9969,143.86,4.4,mb,,77,1.287,1.21,us,us7000e3su,2021-07-23T18:08:45.040Z,"38 km ESE of Mangili, Philippines",earthquake,10.3,5.2,0.114,22,reviewed,us,us
2021-05-10T17:25:58.755Z,5.7071,126.2283,89.11,5.1,mww,,45,1.499,1.07,us,us7000e1uv,2025-12-22T18:00:47.703Z,"68 km ESE of Mangili, Philippines",earthquake,5.8,4.4,0.058,29,reviewed,us,us
2021-05-20T09:18:09.221Z,5.8895,126.2085,97.73,4.6,mb,,103,1.328,0.85,us,us7000e4qj,2021-07-24T21:08:32.040Z,"52 km S of Pondaguitan, Philippines",earthquake,7.7,6,0.125,19,reviewed,us,us
2021-05-22T23:23:19.773Z,6.1913,124.0927,488.73,3.9,mb,,101,6.297,0.49,us,us6000ef7d,2021-07-31T22:08:40.040Z,"10 km W of Palimbang, Philippines",earthquake,12.6,10.2,0.163,10,reviewed,us,us
2021-05-23T19:00:51.692Z,5.2022,125.1044,248.25,4.2,mb,,129,1.914,1.35,us,us6000efgi,2021-07-31T22:08:59.040Z,"45 km WSW of Sarangani, Philippines",earthquake,8,6,0.121,21,reviewed,us,us
2021-05-24T19:46:06.102Z,5.7767,125.0384,67.61,4.8,mb,,73,1.392,1.02,us,us7000e5ws,2021-07-31T22:09:22.040Z,"8 km S of Malbang, Philippines",earthquake,6.8,6.6,0.055,101,reviewed,us,us
2021-05-31T05:45:18.694Z,6.2555,126.4001,162.13,4.7,mb,,90,1.148,0.49,us,us7000e9gn,2021-08-07T22:06:31.040Z,"27 km ESE of Pondaguitan, Philippines",earthquake,11.2,8,0.143,15,reviewed,us,us
2021-06-03T02:31:34.719Z,4.8267,125.9732,76.85,4.9,mb,,66,2.262,0.88,us,us7000e98t,2021-08-07T22:07:23.040Z,"85 km SE of Sarangani, Philippines",earthquake,6.6,4.5,0.043,174,reviewed,us,us
2021-06-09T18:49:36.060Z,5.8057,126.221,111.39,4.5,mb,,89,1.408,1.16,us,us7000ebjk,2021-08-24T21:33:50.040Z,"61 km S of Pondaguitan, Philippines",earthquake,7.3,6,0.081,45,reviewed,us,us
2021-06-10T02:42:25.419Z,5.8647,126.2193,67.08,4.9,mb,,54,1.355,0.68,us,us7000ebly,2025-12-22T19:02:25.152Z,"55 km S of Pondaguitan, Philippines",earthquake,6.3,5.1,0.049,130,reviewed,us,us
2021-06-11T21:37:56.209Z,6.067,126.1689,102.46,4.3,mb,,92,1.155,0.81,us,us7000ec8b,2021-08-26T21:59:06.040Z,"32 km S of Pondaguitan, Philippines",earthquake,8.5,6.5,0.062,74,reviewed,us,us
2021-06-14T14:38:41.447Z,7.7102,124.967,5.86,5.7,mww,,41,0.879,0.61,us,us7000ecyk,2025-12-22T19:02:36.072Z,"5 km NW of Don Carlos, Philippines",earthquake,3.9,3.3,0.044,50,reviewed,us,us
2021-06-14T14:49:44.579Z,7.8263,125.005,10,4.7,mb,,116,0.943,0.66,us,us7000ee4n,2021-08-26T21:59:19.040Z,"4 km WSW of Dologon, Philippines",earthquake,9.8,1.9,0.317,6,reviewed,us,us
2021-06-14T14:49:54.793Z,7.5814,124.9042,10,5.3,mww,,50,0.84,0.91,us,us7000ecyn,2025-12-22T19:03:03.273Z,"2 km SSW of Kadingilan, Philippines",earthquake,6.6,1.9,0.08,15,reviewed,us,us
2021-06-14T14:56:14.457Z,7.7121,124.9707,10,4.3,mb,,146,0.878,0.52,us,us7000ee4g,2021-08-26T21:59:19.040Z,"5 km NW of Don Carlos, Philippines",earthquake,15.7,1.9,0.168,10,reviewed,us,us
2021-06-14T14:59:44.957Z,7.7497,124.9362,10,4.5,mb,,106,0.929,0.63,us,us7000ee4h,2021-08-26T21:59:19.040Z,"7 km W of Maramag, Philippines",earthquake,3.7,1.9,0.088,38,reviewed,us,us
2021-06-14T15:44:24.892Z,7.6354,124.7796,10,4.3,mb,,136,0.972,0.79,us,us7000ee4q,2021-08-26T21:59:19.040Z,"5 km NW of Osias, Philippines",earthquake,11.2,1.9,0.189,11,reviewed,us,us
2021-06-14T18:06:48.184Z,4.7832,125.8752,61.11,4.2,mb,,112,2.29,0.55,us,us7000ee4k,2021-08-26T21:59:19.040Z,"82 km SSE of Sarangani, Philippines",earthquake,9.4,8.8,0.153,12,reviewed,us,us
2021-06-15T06:15:44.541Z,7.0689,123.6684,10,4.5,mb,,63,1.896,0.26,us,us7000ee58,2021-08-26T21:59:21.040Z,"47 km W of Rimpeso, Philippines",earthquake,6.9,1.9,0.205,7,reviewed,us,us
2021-06-15T13:40:11.795Z,5.0793,125.8756,149.96,4.5,mb,,84,1.999,0.84,us,us7000ed7t,2021-08-26T21:59:22.040Z,"58 km SE of Sarangani, Philippines",earthquake,9.1,5.9,0.124,19,reviewed,us,us
2021-06-18T01:13:40.990Z,7.6462,124.7356,10,4.3,mb,,157,1.014,0.5,us,us6000ep3j,2021-08-27T18:57:06.040Z,"8 km ESE of Wao, Philippines",earthquake,11.6,2,0.266,4,reviewed,us,us
2021-06-18T18:40:57.781Z,6.9375,124.8181,10,4.3,mb,,101,0.766,0.67,us,us7000ee8b,2021-08-27T18:57:24.040Z,"4 km WSW of Dunguan, Philippines",earthquake,8.7,1.9,0.169,12,reviewed,us,us
2021-06-18T21:15:28.167Z,7.5677,124.8496,10,4.5,mb,,80,0.876,0.91,us,us7000ee9t,2021-08-27T18:57:27.040Z,"5 km SE of Osias, Philippines",earthquake,7.6,1.9,0.104,27,reviewed,us,us
2021-06-20T01:37:02.703Z,6.07,126.1648,124.12,4.5,mb,,115,1.151,1.04,us,us7000eejg,2021-08-27T18:57:42.040Z,"32 km S of Pondaguitan, Philippines",earthquake,7.2,7.7,0.156,12,reviewed,us,us
2021-06-20T03:20:54.127Z,5.0525,126.0801,88.83,4.6,mb,,104,2.065,1.11,us,us7000eejr,2021-08-27T18:57:44.040Z,"78 km ESE of Sarangani, Philippines",earthquake,8.4,1.4,0.117,24,reviewed,us,us
2021-06-21T04:30:34.543Z,5.5368,123.9986,477.28,4.1,mb,,53,2.188,0.68,us,us7000eeuv,2021-08-27T18:58:00.040Z,"75 km SSW of Malisbeng, Philippines",earthquake,11.7,7.9,0.09,34,reviewed,us,us
2021-06-25T09:06:05.700Z,5.8796,125.7529,67.83,4.5,mb,,119,1.194,0.55,us,us6000epm9,2021-09-09T22:04:50.040Z,"13 km ESE of Caburan, Philippines",earthquake,8.3,7.7,0.118,24,reviewed,us,us
2021-06-30T18:53:43.024Z,5.6658,126.0994,122.29,4,mb,,115,1.487,0.42,us,us7000eivu,2021-09-09T22:06:51.040Z,"57 km ESE of Caburan, Philippines",earthquake,6.6,8.2,0.144,13,reviewed,us,us
2021-07-02T13:39:40.518Z,7.102,123.2024,10,4.2,mb,,105,2.359,0.44,us,us7000ejcm,2021-09-10T20:07:45.040Z,"39 km SSW of Panubigan, Philippines",earthquake,7.2,1.7,0.2,7,reviewed,us,us
2021-07-06T14:38:16.369Z,6.9681,125.1636,11.49,4.5,mb,,94,0.424,0.53,us,us6000etrs,2021-09-10T20:07:50.040Z,"4 km NE of Malasila, Philippines",earthquake,5.4,6.1,0.124,19,reviewed,us,us
2021-07-07T20:58:51.969Z,6.0093,125.3602,173.08,4.4,mb,,92,1.075,0.8,us,us7000eljv,2021-09-10T20:08:16.040Z,"6 km SSW of Suyan, Philippines",earthquake,10.9,6.9,0.139,15,reviewed,us,us
2021-07-08T10:09:17.725Z,5.3333,126.4682,24.06,5.2,mww,,68,1.938,1.27,us,us6000et4t,2025-12-22T18:01:13.966Z,"111 km E of Sarangani, Philippines",earthquake,5.4,3.9,0.059,28,reviewed,us,us
2021-07-09T00:24:44.965Z,5.4378,125.8074,150.79,4.3,mb,,147,1.637,0.44,us,us7000elxk,2021-09-17T22:50:31.040Z,"38 km E of Sarangani, Philippines",earthquake,11.1,9.9,0.168,10,reviewed,us,us
2021-07-10T18:45:19.834Z,6.3799,124.0361,77.49,4.9,mb,,46,1.678,0.53,us,us6000eu6g,2021-09-17T22:49:26.040Z,"7 km S of Sangay, Philippines",earthquake,6.9,6.7,0.044,173,reviewed,us,us
2021-07-11T04:24:43.123Z,4.8984,126.1638,91.29,4.4,mb,,110,2.234,0.73,us,us7000em92,2021-09-17T22:50:50.040Z,"95 km SE of Sarangani, Philippines",earthquake,9.8,8.9,0.17,11,reviewed,us,us
2021-07-14T13:51:01.020Z,6.0099,123.9427,513.63,4.2,mb,,68,1.937,0.65,us,us7000enge,2021-09-17T22:51:10.040Z,"35 km SW of Palimbang, Philippines",earthquake,13.4,10.1,0.112,22,reviewed,us,us
2021-07-15T19:10:50.823Z,6.5763,126.0947,82.55,4.2,mb,,156,0.708,0.95,us,us6000exp1,2021-09-17T22:49:56.040Z,"3 km N of Magdug, Philippines",earthquake,9.7,8.2,0.186,8,reviewed,us,us
2021-07-18T00:09:35.666Z,6.4617,126.2332,70.91,5.1,mww,,44,0.887,0.95,us,us7000en16,2025-12-22T19:04:33.156Z,"12 km E of Nangan, Philippines",earthquake,6.8,4.5,0.083,14,reviewed,us,us
2021-07-18T03:08:33.908Z,6.2303,124.4073,408.45,4.4,mb,,63,1.431,1.09,us,us7000en26,2021-09-25T21:08:02.040Z,"13 km NNE of Malisbeng, Philippines",earthquake,10.3,6.7,0.095,35,reviewed,us,us
2021-07-18T12:09:43.101Z,6.234,125.7788,118.57,4.4,mb,,114,0.853,0.83,us,us6000eyaw,2021-09-25T21:08:05.040Z,"12 km ESE of Talagutong, Philippines",earthquake,8.2,4.7,0.123,19,reviewed,us,us
2021-07-18T17:31:15.537Z,6.4744,126.0567,84,4.4,mb,,142,0.758,0.62,us,us6000eyb6,2021-09-25T21:08:07.040Z,"5 km W of Tiblawan, Philippines",earthquake,13.3,8.7,0.143,14,reviewed,us,us
2021-07-19T07:28:08.193Z,7.6783,126.4905,99.92,4.4,mb,,132,1.087,0.36,us,us7000end2,2021-09-25T21:08:10.040Z,"6 km SSW of Taytayan, Philippines",earthquake,7.8,9,0.155,12,reviewed,us,us
2021-07-19T22:19:13.591Z,5.6524,126.493,82.76,4.3,mb,,117,1.675,0.98,us,us6000eyca,2021-09-25T21:08:15.040Z,"85 km SSE of Pondaguitan, Philippines",earthquake,9.9,3.6,0.109,24,reviewed,us,us
2021-07-25T22:27:31.911Z,6.5024,126.4284,73.08,4.9,mb,,97,1.014,1,us,us6000f0mr,2021-10-03T05:24:02.040Z,"31 km ENE of Pondaguitan, Philippines",earthquake,9.8,9.8,0.17,11,reviewed,us,us
2021-08-03T02:40:52.766Z,5.9946,126.4301,99.96,4.7,mb,,73,1.362,0.53,us,us6000f46p,2021-10-14T01:09:05.040Z,"49 km SE of Pondaguitan, Philippines",earthquake,9.8,6.7,0.13,18,reviewed,us,us
2021-08-04T16:56:45.334Z,5.0473,125.2793,38.99,4.9,mb,,42,2.031,1.1,us,us6000f27q,2021-10-14T01:07:11.040Z,"44 km SSW of Sarangani, Philippines",earthquake,6.8,5.7,0.058,93,reviewed,us,us
2021-08-11T19:25:24.568Z,6.8038,125.8825,48.02,4.3,mb,,178,0.4,0.72,us,us6000f8us,2021-10-23T15:46:55.040Z,"17 km SW of Lupon, Philippines",earthquake,6.3,10.4,0.168,10,reviewed,us,us
2021-08-12T18:30:00.405Z,4.6259,125.3999,10,4.2,mb,,155,2.434,0.13,us,us6000f8yc,2021-10-23T15:46:59.040Z,"86 km S of Sarangani, Philippines",earthquake,8.8,1.9,0.264,4,reviewed,us,us
2021-08-12T21:14:20.019Z,5.2457,124.8092,18.01,4.7,mb,,79,1.967,0.9,us,us6000f8zy,2021-10-23T15:47:02.040Z,"69 km SSW of Daliao, Philippines",earthquake,6.9,4.7,0.065,72,reviewed,us,us
2021-08-13T06:26:15.839Z,6.5313,126.472,38.95,4.5,mb,,132,5.79,0.69,us,us7000f373,2021-10-29T14:46:42.040Z,"37 km ENE of Pondaguitan, Philippines",earthquake,7,10.2,0.172,10,reviewed,us,us
2021-08-20T00:20:26.899Z,5.3162,126.494,21.51,4.1,mb,,170,1.965,0.47,us,us7000f6a8,2021-11-02T14:55:34.040Z,"Mindanao, Philippines",earthquake,6.7,8.7,0.261,4,reviewed,us,us
2021-08-21T04:45:25.915Z,5.2765,125.7346,160.89,4.2,mb,,143,1.788,0.85,us,us7000f6mr,2021-11-02T14:55:49.040Z,"33 km ESE of Sarangani, Philippines",earthquake,7,10.1,0.167,14,reviewed,us,us
2021-08-26T09:23:14.385Z,5.1995,125.4057,188.59,4.7,mb,,90,1.865,1.01,us,us7000f456,2021-11-02T14:55:27.040Z,"23 km SSW of Sarangani, Philippines",earthquake,8.5,8,0.108,26,reviewed,us,us
2021-08-26T14:30:12.812Z,4.5452,125.2971,65.31,4.9,mb,,102,2.523,0.9,us,us7000f4aw,2021-11-02T14:55:29.040Z,"96 km S of Sarangani, Philippines",earthquake,7.8,8.2,0.056,98,reviewed,us,us
2021-08-26T20:39:42.722Z,5.5505,126.4967,100.52,4.5,mb,,119,1.763,0.91,us,us7000f4ey,2021-11-02T14:55:32.040Z,"96 km SSE of Pondaguitan, Philippines",earthquake,6.7,7.1,0.101,29,reviewed,us,us
2021-08-27T10:22:26.052Z,5.671,125.0293,54.5,5.6,mww,,35,1.493,0.47,us,us7000f4kz,2025-12-22T22:14:27.365Z,"20 km S of Malbang, Philippines",earthquake,6.1,5.9,0.065,23,reviewed,us,us
2021-08-27T11:07:03.068Z,5.6457,125.2687,64.63,4.5,mb,,105,1.448,0.52,us,us7000f4mc,2021-11-06T20:29:01.040Z,"6 km SSW of Pangyan, Philippines",earthquake,8.3,7.8,0.085,41,reviewed,us,us
2021-08-27T11:36:27.062Z,5.5477,125.2078,55.62,4.3,mb,,126,1.556,0.4,us,us7000f8ln,2021-11-06T20:29:00.040Z,"16 km W of Balangonan, Philippines",earthquake,7.5,7.1,0.103,27,reviewed,us,us
2021-08-29T14:53:04.629Z,7.9497,126.2274,35,4.6,mb,,70,1.085,0.7,us,us7000f5ge,2022-08-08T15:39:22.358Z,"11 km SE of Santa Maria, Philippines",earthquake,4.3,2,0.089,38,reviewed,us,us
2021-08-31T22:26:05.831Z,7.1271,125.6224,23.22,4.5,mb,,102,0.071,0.96,us,us7000f6fb,2021-11-06T20:28:35.040Z,"6 km N of Davao, Philippines",earthquake,10.8,4.7,0.101,29,reviewed,us,us
2021-09-05T22:50:15.877Z,5.3532,126.4715,56.27,4.4,mb,,129,1.922,0.9,us,us7000fatq,2021-11-17T17:23:51.040Z,"111 km SE of Caburan, Philippines",earthquake,10.4,8.5,0.179,9,reviewed,us,us
2021-09-06T10:27:24.779Z,5.4654,126.3119,71.67,4.5,mb,,113,1.752,1.1,us,us7000f8jb,2021-11-17T17:25:09.040Z,"89 km SE of Caburan, Philippines",earthquake,8.8,7.5,0.1,29,reviewed,us,us
2021-09-07T04:06:33.856Z,5.4363,126.0877,67.86,4.4,mb,,124,6.819,0.39,us,us7000fb3t,2021-11-17T17:26:36.040Z,"69 km E of Sarangani, Philippines",earthquake,15.8,9.5,0.202,7,reviewed,us,us
2021-09-09T05:19:51.742Z,5.8923,126.2337,96.3,4.5,mb,,63,1.338,0.72,us,us7000f9lc,2021-11-17T17:30:35.040Z,"52 km S of Pondaguitan, Philippines",earthquake,7.6,7.6,0.087,39,reviewed,us,us
2021-09-10T12:17:46.331Z,5.3684,126.3287,55.34,4.1,mb,,146,1.847,0.71,us,us7000fbu9,2021-11-23T15:09:02.040Z,"95 km E of Sarangani, Philippines",earthquake,8.5,7,0.174,11,reviewed,us,us
2021-09-12T12:14:44.837Z,5.4862,126.3454,58.71,4.4,mb,,156,1.747,0.8,us,us7000faiz,2021-11-23T15:10:35.040Z,"91 km ESE of Caburan, Philippines",earthquake,3.8,8.3,0.114,22,reviewed,us,us
2021-09-17T12:43:56.319Z,4.9143,126.2628,93.45,4.8,mb,,107,2.246,0.71,us,us7000fc2k,2021-12-03T15:01:25.040Z,"103 km ESE of Sarangani, Philippines",earthquake,7.2,7.2,0.055,101,reviewed,us,us
2021-09-18T09:37:53.545Z,5.3974,125.6083,9.45,4.3,mb,,121,1.661,0.72,us,us7000fdry,2021-12-03T15:01:53.040Z,"16 km E of Sarangani, Philippines",earthquake,9.4,5,0.133,18,reviewed,us,us
2021-09-29T15:48:54.825Z,5.5515,124.793,35,4.8,mb,,84,1.698,1.26,us,us6000fq54,2021-12-04T14:28:00.040Z,"37 km SSW of Lumatil, Philippines",earthquake,4.4,2,0.077,52,reviewed,us,us
2021-10-03T22:05:50.511Z,5.9709,126.1064,139.27,4.6,mb,,107,1.21,0.85,us,us6000frdy,2021-12-10T21:14:06.040Z,"43 km S of Pondaguitan, Philippines",earthquake,8.2,7,0.096,32,reviewed,us,us
2021-10-11T15:25:54.633Z,5.2029,125.3122,56.96,4.6,mb,,55,1.873,0.59,us,us6000fuwk,2021-12-18T19:58:53.040Z,"27 km SW of Sarangani, Philippines",earthquake,7.8,7.9,0.14,21,reviewed,us,us
2021-10-11T20:15:59.447Z,6.6445,123.6439,590.23,4.2,mb,,92,5.322,0.74,us,us6000fuwx,2021-12-18T19:58:55.040Z,"43 km W of Taguisa, Philippines",earthquake,13.6,8.6,0.112,22,reviewed,us,us
2021-10-12T18:33:29.267Z,5.823,126.4308,141.1,4,mb,,176,1.5,1.2,us,us6000fuxz,2021-12-18T19:58:59.040Z,"65 km SSE of Pondaguitan, Philippines",earthquake,7.1,10.2,0.163,13,reviewed,us,us
2021-10-14T07:14:34.613Z,6.029,126.033,146.86,4.5,mb,,116,1.127,0.88,us,us6000fuhd,2021-12-18T19:59:04.040Z,"37 km E of Lamitan, Philippines",earthquake,9.8,7,0.09,36,reviewed,us,us
2021-10-27T12:44:26.706Z,6.0198,125.9874,122.99,4.4,mb,,83,1.119,0.76,us,us7000fp6a,2022-01-08T17:43:13.040Z,"32 km ESE of Lamitan, Philippines",earthquake,9,7,0.096,31,reviewed,us,us
2021-10-27T13:09:53.317Z,6.7191,124.8692,10,4.1,mb,,76,0.786,0.46,us,us7000fqse,2022-01-08T17:43:51.040Z,"5 km SSE of Datu Paglas, Philippines",earthquake,7.1,1.9,0.151,12,reviewed,us,us
2021-10-29T04:33:31.864Z,5.2665,125.4891,177.31,5.1,mb,,34,1.793,1.16,us,us7000fpmk,2022-01-14T17:58:41.040Z,"15 km S of Sarangani, Philippines",earthquake,7.5,1,0.041,197,reviewed,us,us
2021-10-30T12:10:36.126Z,6.0187,126.1972,106.76,4.4,mb,,122,1.211,0.59,us,us7000fq2z,2022-01-14T17:58:44.040Z,"37 km S of Pondaguitan, Philippines",earthquake,5.1,8.6,0.105,30,reviewed,us,us
2021-11-07T21:39:58.545Z,5.659,124.1296,512.97,4,mb,,102,5.831,0.55,us,us7000ft9b,2022-01-15T20:51:49.040Z,"56 km SSW of Malisbeng, Philippines",earthquake,14.1,6.9,0.126,17,reviewed,us,us
2021-11-08T07:04:49.323Z,6.4451,126.1404,83.03,4.8,mb,,69,0.834,0.56,us,us7000fsce,2022-01-15T20:51:40.040Z,"3 km SSE of Nangan, Philippines",earthquake,7.7,5.6,0.068,68,reviewed,us,us
2021-11-09T22:36:35.996Z,5.6747,126.1207,109.49,4.6,mb,,83,1.486,0.95,us,us7000fsty,2022-01-15T20:51:44.040Z,"59 km ESE of Caburan, Philippines",earthquake,7.4,5.9,0.06,82,reviewed,us,us
2021-11-18T04:30:19.173Z,6.6784,123.6029,599.57,4.4,mb,,90,5.292,0.68,us,us7000fwi0,2022-01-22T20:52:11.040Z,"47 km W of Taguisa, Philippines",earthquake,13,8.1,0.109,24,reviewed,us,us
2021-11-27T06:01:53.355Z,4.6874,126.2666,79.98,5.2,mww,,80,2.463,0.89,us,us7000fxf8,2025-12-22T22:20:59.840Z,"Pulau-Pulau Talaud, Indonesia",earthquake,6.8,6.1,0.075,17,reviewed,us,us
2021-11-30T00:56:07.547Z,6.7382,126.1243,58.22,5.1,mww,,36,0.633,0.83,us,us6000g7s9,2025-12-22T22:21:04.166Z,"3 km NE of Talisay, Philippines",earthquake,6.8,4.7,0.086,13,reviewed,us,us
2021-12-07T18:58:13.789Z,5.3293,126.0094,93.93,4.3,mb,,91,1.781,0.81,us,us6000gb85,2022-02-12T23:07:32.040Z,"61 km E of Sarangani, Philippines",earthquake,7.8,7.4,0.1,34,reviewed,us,us
2021-12-08T22:45:46.724Z,5.1498,125.3791,67.95,4.4,mb,,96,1.917,0.38,us,us6000gbya,2022-02-12T23:07:41.040Z,"29 km SSW of Sarangani, Philippines",earthquake,8,8.4,0.094,33,reviewed,us,us
2021-12-14T02:23:42.709Z,5.19,125.6949,18.9,4.3,mb,,129,1.87,0.84,us,us6000gd42,2022-02-24T21:02:10.040Z,"34 km SE of Sarangani, Philippines",earthquake,10.2,5.1,0.177,9,reviewed,us,us
2021-12-21T02:55:12.180Z,5.381,126.2414,70.33,5,mb,,109,1.802,0.81,us,us7000g8z1,2022-03-01T16:38:44.040Z,"86 km E of Sarangani, Philippines",earthquake,6.2,7.8,0.141,16,reviewed,us,us
2021-12-23T03:01:30.630Z,5.8044,124.0274,517.23,4.3,mb,,86,1.989,0.5,us,us7000g997,2022-03-01T16:39:38.040Z,"48 km SSW of Palimbang, Philippines",earthquake,8.9,7.3,0.142,14,reviewed,us,us
2021-12-28T04:51:34.681Z,6.0912,123.6461,606.66,4.1,mb,,108,5.203,0.68,us,us7000g9y6,2022-03-05T23:11:05.040Z,"58 km SW of Sangay, Philippines",earthquake,15.4,10.9,0.151,12,reviewed,us,us
2021-12-29T08:06:33.638Z,5.9565,126.2888,79.12,4.5,mb,,85,1.311,0.97,us,us6000gg2d,2022-03-05T23:10:51.040Z,"Mindanao, Philippines",earthquake,7.7,6.5,0.084,42,reviewed,us,us
2022-01-03T18:59:36.414Z,4.8066,123.1304,578.25,4.2,mb,,90,4.356,0.65,us,us7000gblh,2022-03-12T22:19:19.040Z,"192 km SE of Tabiauan, Philippines",earthquake,12.1,10.7,0.128,17,reviewed,us,us
2022-01-03T20:38:22.234Z,6.7737,123.5074,17.97,4.5,mb,,107,2.077,0.93,us,us7000gble,2022-03-12T22:19:19.040Z,"56 km W of Gadung, Philippines",earthquake,6.6,4.9,0.131,17,reviewed,us,us
2022-01-12T11:08:07.310Z,5.039,125.4193,75.61,4.4,mb,,115,2.023,0.63,us,us7000gdl3,2022-03-19T22:07:52.040Z,"40 km S of Sarangani, Philippines",earthquake,8.6,8.3,0.1,29,reviewed,us,us
2022-01-15T04:27:06.535Z,6.1779,125.8019,160.42,4.2,mb,,170,0.913,0.73,us,us7000gevg,2022-04-01T17:40:28.040Z,"Mindanao, Philippines",earthquake,8.5,8,0.236,7,reviewed,us,us
2022-01-18T03:20:29.294Z,6.0265,126.3446,103.71,4.6,mb,,119,1.285,0.92,us,us7000gcsb,2022-04-01T17:40:15.040Z,"41 km SSE of Pondaguitan, Philippines",earthquake,9.6,6.9,0.128,18,reviewed,us,us
2022-01-25T23:59:17.439Z,5.3859,126.4274,10,4.5,mb,,115,1.873,1.15,us,us7000gf59,2022-04-09T20:19:04.040Z,"105 km SE of Caburan, Philippines",earthquake,8.2,1.9,0.088,38,reviewed,us,us
2022-01-26T15:59:57.320Z,5.3008,126.3548,60.29,4.3,mb,,130,1.919,0.89,us,us7000ghcd,2022-04-09T20:19:07.040Z,"99 km E of Sarangani, Philippines",earthquake,9.6,6.9,0.109,24,reviewed,us,us
2022-01-31T16:14:36.054Z,6.5574,126.4448,65.36,4.6,mb,,128,0.999,0.42,us,us7000gi0j,2022-04-15T17:57:23.040Z,"35 km SSE of Tamisan, Philippines",earthquake,6.4,7.8,0.164,13,reviewed,us,us
2022-02-02T11:50:27.713Z,4.8819,125.9774,145.17,4.5,mb,,113,2.209,0.64,us,us7000gj40,2022-04-15T17:57:25.040Z,"81 km SE of Sarangani, Philippines",earthquake,9.9,8.7,0.144,14,reviewed,us,us
2022-02-03T09:28:21.966Z,6.8248,123.7716,601.36,4.2,mb,,149,5.494,0.37,us,us7000gjdl,2022-04-15T17:57:26.040Z,"27 km W of Gadung, Philippines",earthquake,14.6,12.7,0.167,12,reviewed,us,us
2022-02-05T17:26:33.710Z,5.4628,126.4964,10,4.2,mb,,140,1.838,0.76,us,us7000gjpk,2022-04-19T17:39:35.040Z,"105 km SSE of Pondaguitan, Philippines",earthquake,5.6,1.9,0.216,7,reviewed,us,us
2022-02-05T17:48:58.412Z,4.7083,126.2468,67.19,4,mb,,106,2.438,1.23,us,us7000gjpm,2022-04-19T17:39:35.040Z,"115 km SE of Sarangani, Philippines",earthquake,5.8,9.1,0.173,12,reviewed,us,us
2022-02-06T14:01:14.764Z,6.3747,126.1471,79.08,4.3,mb,,99,0.891,0.83,us,us7000gjrb,2022-04-19T17:39:41.040Z,"1 km S of Surup, Philippines",earthquake,10.4,8.2,0.142,16,reviewed,us,us
2022-02-11T14:25:19.513Z,5.8987,124.5212,81.46,4.9,mb,,66,1.568,0.86,us,us7000gjzl,2022-04-19T17:39:55.040Z,"14 km SSW of Nalus, Philippines",earthquake,7.4,7,0.047,141,reviewed,us,us
2022-02-13T10:12:18.645Z,5.9977,125.5927,84.83,4.5,mb,,107,1.065,0.64,us,us7000gkhu,2022-04-30T14:18:06.040Z,"8 km WNW of Culaman, Philippines",earthquake,7.6,7.3,0.062,76,reviewed,us,us
2022-02-15T02:12:18.679Z,5.3492,126.0857,81.03,4.2,mb,,134,1.781,0.35,us,us7000gm07,2022-04-30T14:18:14.040Z,"69 km E of Sarangani, Philippines",earthquake,10.3,8,0.199,7,reviewed,us,us
2022-02-18T22:21:11.969Z,4.9845,126.3008,71.28,4,mb,,114,2.192,0.37,us,us7000gn89,2022-04-30T14:18:28.040Z,"103 km ESE of Sarangani, Philippines",earthquake,10.2,9.4,0.15,12,reviewed,us,us
2022-02-20T19:49:42.917Z,5.809,126.453,57.53,4.3,mb,,121,1.524,0.9,us,us6000gztf,2022-05-04T13:39:01.040Z,"68 km SSE of Pondaguitan, Philippines",earthquake,10.9,3.1,0.142,14,reviewed,us,us
2022-02-20T21:08:08.177Z,5.6265,125.2277,46.89,4.6,mb,,96,1.475,0.72,us,us6000gztn,2022-05-04T13:39:03.040Z,"10 km SW of Pangyan, Philippines",earthquake,8.8,9.5,0.165,11,reviewed,us,us
2022-02-21T22:44:12.390Z,6.566,125.1473,10,4.4,mb,,141,0.659,0.42,us,us6000h025,2022-05-04T13:39:30.040Z,"10 km NE of Tampakan, Philippines",earthquake,7.5,1.9,0.19,12,reviewed,us,us
2022-02-24T22:19:37.721Z,5.9549,126.495,69.5,4.6,mb,,39,1.433,0.57,us,us6000gzwe,2022-05-04T13:40:27.040Z,"57 km SE of Pondaguitan, Philippines",earthquake,7.5,5.8,0.061,81,reviewed,us,us
2022-02-26T06:15:53.561Z,5.7048,126.2848,119.18,5.2,mww,,48,1.526,1.09,us,us6000h0au,2022-05-07T21:32:33.040Z,"73 km S of Pondaguitan, Philippines",earthquake,5.8,5.1,0.063,24,reviewed,us,us
2022-03-01T19:04:44.419Z,5.8238,125.9668,136.99,4.2,mb,,115,1.296,1.22,us,us6000h249,2022-05-07T21:32:53.040Z,"37 km ESE of Mangili, Philippines",earthquake,7.8,6.6,0.089,39,reviewed,us,us
2022-03-05T05:11:39.523Z,6.5654,123.9949,514.75,4,mb,,109,5.639,0.96,us,us6000h3j3,2022-05-14T21:52:27.040Z,"5 km NW of Bantogon, Philippines",earthquake,14.9,8.1,0.156,11,reviewed,us,us
2022-03-11T14:14:23.541Z,7.8962,125.9281,24.68,4.9,mww,,81,0.891,0.65,us,us6000h3sn,2022-05-14T21:52:32.040Z,"14 km WNW of Baylo, Philippines",earthquake,7.5,4.2,0.071,19,reviewed,us,us
2022-03-13T08:46:22.900Z,6.7599,123.7084,588.23,4.1,mb,,58,1.882,0.49,us,us6000h45l,2022-05-27T14:55:21.040Z,"34 km W of Gadung, Philippines",earthquake,11.9,8.9,0.085,38,reviewed,us,us
2022-03-17T15:05:00.649Z,5.0276,124.1531,459.24,4,mb,,99,2.475,0.92,us,us6000h6qw,2022-05-27T14:55:43.040Z,"118 km SSW of Tambilil, Philippines",earthquake,8.9,7.8,0.089,36,reviewed,us,us
2022-03-26T18:51:21.304Z,4.7709,125.5675,145.66,4,mb,,125,2.283,0.85,us,us7000gyqm,2022-06-04T20:42:07.040Z,"70 km S of Sarangani, Philippines",earthquake,7.7,8.8,0.212,9,reviewed,us,us
2022-04-06T00:04:15.758Z,6.8457,125.7823,71.67,4.3,mb,,143,0.3,1.01,us,us7000h1re,2022-06-11T20:21:17.040Z,"8 km S of San Remigio, Philippines",earthquake,12,6.5,0.168,10,reviewed,us,us
2022-04-07T08:46:26.638Z,6.8969,124.276,569.37,4,mb,,167,5.994,0.54,us,us7000h1t2,2022-06-11T20:21:19.040Z,"7 km NW of Tapikan, Philippines",earthquake,15.4,11.4,0.183,8,reviewed,us,us
2022-04-07T09:52:55.221Z,6.3211,125.7878,163.74,4.5,mb,,119,0.772,1.15,us,us7000h0c3,2022-08-06T06:57:51.825Z,"14 km ENE of Talagutong, Philippines",earthquake,9.3,5.8,0.113,23,reviewed,us,us
2022-04-08T19:56:57.438Z,5.9256,126.3325,108.98,4.1,mb,,122,1.361,0.81,us,us7000h1um,2022-06-11T20:21:21.040Z,"51 km SSE of Pondaguitan, Philippines",earthquake,9.3,7.6,0.14,17,reviewed,us,us
2022-04-08T21:51:39.594Z,5.3417,126.3534,44.36,4.5,mb,,75,1.881,0.71,us,us7000h0tr,2022-06-11T20:21:17.040Z,"98 km E of Sarangani, Philippines",earthquake,7.7,6.7,0.073,55,reviewed,us,us
2022-04-09T20:23:59.370Z,6.861,126.2922,69.56,4.4,mb,,118,0.737,0.71,us,us7000h0ye,2022-06-20T22:07:36.040Z,"2 km NNW of Tamisan, Philippines",earthquake,7.3,7,0.092,34,reviewed,us,us
2022-04-16T00:41:06.361Z,6.518,123.201,10,4.5,mb,,93,2.424,0.56,us,us7000h2lv,2022-06-26T01:18:17.040Z,"92 km W of Bantogon, Philippines",earthquake,6.6,1.9,0.132,17,reviewed,us,us
2022-04-16T21:01:05.657Z,5.5377,124.458,10,4.2,mb,,121,1.886,0.82,us,us6000hfby,2022-06-26T01:18:34.040Z,"52 km SSW of Tambilil, Philippines",earthquake,4.5,1.9,0.187,8,reviewed,us,us
2022-04-17T12:19:39.793Z,5.3486,126.2807,86.23,4.5,mb,,45,1.846,0.49,us,us7000h2wb,2022-06-26T01:18:52.040Z,"Mindanao, Philippines",earthquake,5.9,7.5,0.083,42,reviewed,us,us
2022-04-26T23:00:49.237Z,5.5748,126.287,55.78,4.4,mb,56,114,1.643,0.66,us,us6000hgkx,2022-07-05T03:41:09.040Z,"80 km ESE of Caburan, Philippines",earthquake,8.3,6.4,0.088,37,reviewed,us,us
2022-05-11T01:39:18.203Z,4.8371,123.1601,585.9,4.4,mb,53,141,4.397,0.8,us,us7000h8i0,2022-07-22T18:31:12.040Z,"189 km SW of Palimbang, Philippines",earthquake,13.4,1.4,0.086,39,reviewed,us,us
2022-05-11T19:12:56.271Z,5.4117,126.0284,138.12,4.6,mb,95,84,1.706,0.82,us,us6000hkf7,2022-07-22T18:30:50.040Z,"62 km E of Sarangani, Philippines",earthquake,8,5.2,0.053,104,reviewed,us,us
2022-05-19T08:03:42.591Z,5.2774,126.4258,64.36,4.1,mb,21,83,1.969,0.62,us,us7000hcff,2022-07-24T02:40:13.040Z,"107 km E of Sarangani, Philippines",earthquake,7.2,9.7,0.144,16,reviewed,us,us
2022-05-20T22:35:05.441Z,5.546,126.1277,106.73,4.3,mb,14,145,1.609,0.3,us,us7000hcpi,2022-07-24T02:40:45.040Z,"67 km SE of Caburan, Philippines",earthquake,14.3,9.1,0.169,10,reviewed,us,us
2022-05-22T23:45:33.717Z,4.7432,125.9182,36.91,4.3,mb,22,115,2.335,0.59,us,us7000hd1s,2022-08-02T19:50:58.040Z,"88 km SE of Sarangani, Philippines",earthquake,8,4.9,0.16,11,reviewed,us,us
2022-05-30T19:29:03.436Z,5.8166,126.3969,102.22,4.3,mb,31,143,1.486,0.65,us,us7000hemn,2022-08-06T22:13:24.040Z,"64 km SSE of Pondaguitan, Philippines",earthquake,10.2,8.4,0.129,17,reviewed,us,us
2022-05-31T03:05:02.615Z,6.2675,123.7369,560.79,4.3,mb,26,105,5.324,0.71,us,us7000hen9,2024-01-18T16:36:49.884Z,"39 km WSW of Sangay, Philippines",earthquake,10.2,8.1,0.129,17,reviewed,us,us
2022-06-05T22:12:02.958Z,6.0336,126.0141,128.97,4.6,mb,80,47,1.116,0.52,us,us7000hf7s,2022-08-13T21:53:16.040Z,"35 km E of Lamitan, Philippines",earthquake,8.6,5.2,0.05,122,reviewed,us,us
2022-06-06T09:59:07.471Z,6.389,126.2279,70.73,4.2,mb,21,165,0.934,1.15,us,us7000hggs,2022-08-13T21:51:52.040Z,"Mindanao, Philippines",earthquake,9.4,9,0.176,13,reviewed,us,us
2022-06-14T18:14:18.623Z,5.1245,123.9627,498.67,4.1,mb,44,47,5.096,0.74,us,us7000hi60,2022-08-21T00:17:17.040Z,"117 km SSW of Maitum, Philippines",earthquake,9.6,8.9,0.109,26,reviewed,us,us
2022-06-21T21:27:36.643Z,6.0099,125.7361,130.1,4.2,mb,17,112,1.064,0.6,us,us7000hjzb,2022-08-28T03:19:52.040Z,"5 km E of Mangili, Philippines",earthquake,7.8,8.6,0.152,12,reviewed,us,us
2022-06-24T13:41:54.970Z,4.6305,125.898,166.76,4.5,mb,74,76,2.443,0.58,us,us7000hjwp,2022-08-28T03:21:06.040Z,"Pulau-Pulau Sangihe, Indonesia",earthquake,8.8,6.8,0.047,131,reviewed,us,us
2022-06-25T20:22:58.110Z,6.0116,125.7,150.52,4.5,mb,54,105,1.058,0.71,us,us7000hk8i,2022-09-03T21:03:39.040Z,"2 km ENE of Mangili, Philippines",earthquake,8.5,6.9,0.083,43,reviewed,us,us
2022-06-28T21:23:16.177Z,7.1932,123.5088,10,4.7,mb,80,64,2.058,0.77,us,us7000hkyr,2022-09-03T21:03:47.040Z,"29 km SSE of Malim, Philippines",earthquake,8.6,1.8,0.063,75,reviewed,us,us
2022-07-05T23:53:22.048Z,6.5725,125.2348,10,4.6,mb,62,91,0.601,0.59,us,us6000i0yb,2022-09-13T06:25:28.040Z,"4 km S of Kiblawan, Philippines",earthquake,5.98,1.867,0.075,54,reviewed,us,us
2022-07-06T17:58:52.846Z,6.1743,126.4891,79.705,4.3,mb,20,100,1.268,0.53,us,us6000i1un,2022-09-13T06:25:58.040Z,"Mindanao, Philippines",earthquake,11.04,8.411,0.154,12,reviewed,us,us
2022-07-10T21:11:42.526Z,6.4071,125.4981,165.25,4.4,mb,19,130,0.663,0.67,us,us6000i3h0,2022-09-24T21:26:00.040Z,"8 km SW of Pangian, Philippines",earthquake,12.1,6.8,0.178,9,reviewed,us,us
2022-07-11T10:18:55.194Z,6.0131,125.8965,117.619,4.3,mb,30,88,1.096,0.59,us,us6000i1jf,2022-09-24T21:25:57.040Z,"23 km ESE of Lamitan, Philippines",earthquake,9.34,6.956,0.137,15,reviewed,us,us
2022-07-12T02:50:55.318Z,5.0863,125.206,10,4.3,mb,22,94,2.005,0.76,us,us7000hs43,2022-09-24T21:25:53.040Z,"45 km SW of Sarangani, Philippines",earthquake,7.3,1.9,0.154,12,reviewed,us,us
2022-07-21T16:38:45.814Z,4.8884,126.4244,96.632,4.6,mb,69,104,2.324,0.69,us,us6000i6ja,2022-09-27T16:57:06.040Z,"120 km ESE of Sarangani, Philippines",earthquake,7.47,6.508,0.08,49,reviewed,us,us
2022-08-02T05:24:27.762Z,6.8333,123.7663,20,5.5,mww,87,56,1.815,0.54,us,us6000i7d8,2024-01-18T16:42:14.936Z,"28 km W of Gadung, Philippines",earthquake,7.54,1.794,0.065,23,reviewed,us,us
2022-08-11T17:43:53.754Z,5.326,126.1383,143.865,4.4,mb,47,114,1.819,0.91,us,us6000i9zg,2022-10-21T23:20:36.040Z,"75 km E of Sarangani, Philippines",earthquake,9.25,6.773,0.1,29,reviewed,us,us
2022-08-11T23:43:41.062Z,4.8947,126.4003,116.689,4.3,mb,22,151,2.31,0.2,us,us6000ic5y,2022-10-21T23:20:43.040Z,"118 km ESE of Sarangani, Philippines",earthquake,9.27,8.709,0.238,5,reviewed,us,us
2022-08-13T06:25:32.230Z,6.9062,123.792,19.913,5.8,mww,140,32,1.781,0.61,us,us6000iag5,2022-10-28T02:25:35.040Z,"Moro Gulf, Mindanao, Philippines",earthquake,7.15,3.265,0.047,44,reviewed,us,us
2022-08-15T08:23:06.941Z,6.616,125.0631,18.273,5.4,mww,155,36,0.682,0.37,us,us6000iayh,2022-10-28T02:26:05.040Z,"10 km E of Telafas, Philippines",earthquake,7.24,3.648,0.061,26,reviewed,us,us
2022-08-19T22:05:24.350Z,4.695,125.8574,187.31,4.3,mb,41,100,2.375,0.71,us,us6000ic90,2022-10-28T02:27:14.040Z,"89 km SSE of Sarangani, Philippines",earthquake,6.3,8.401,0.1,28,reviewed,us,us
2022-08-26T19:37:49.732Z,6.1388,125.9022,153.278,4.4,mb,26,122,0.979,0.49,us,us7000i4p1,2022-11-01T15:14:48.040Z,"22 km E of Lapuan, Philippines",earthquake,7.08,7.556,0.154,14,reviewed,us,us
2022-08-28T04:58:54.283Z,5.2774,125.3273,186.011,4.8,mb,76,70,1.798,0.9,us,us7000i31d,2022-11-06T04:38:58.040Z,"Mindanao, Philippines",earthquake,7.99,5.542,0.04,195,reviewed,us,us
2022-09-04T23:02:32.604Z,5.2054,125.8789,135.422,4.1,mb,26,112,1.876,0.64,us,us7000i7e3,2022-11-15T19:06:15.040Z,"50 km ESE of Sarangani, Philippines",earthquake,7.57,8.488,0.174,9,reviewed,us,us
2022-09-05T12:04:33.771Z,4.9103,125.9657,119.094,4.3,mb,18,123,2.179,0.7,us,us7000i7mu,2022-11-15T19:06:16.040Z,"77 km SE of Sarangani, Philippines",earthquake,10.69,5.753,0.16,11,reviewed,us,us
2022-09-06T15:41:27.553Z,5.94,126.4978,9.69,4.4,mb,32,108,1.447,0.51,us,us7000i7xm,2022-11-15T19:06:17.040Z,"Mindanao, Philippines",earthquake,7.94,3.703,0.123,22,reviewed,us,us
2022-09-17T20:39:35.714Z,5.4699,125.3336,10,4.4,mb,12,131,1.608,0.37,us,us7000iafy,2022-11-26T20:57:57.040Z,"11 km S of Balangonan, Philippines",earthquake,5.63,1.929,0.22,6,reviewed,us,us
2022-09-19T13:06:59.321Z,5.9725,125.8383,154.564,4.5,mb,57,90,1.12,0.47,us,us7000i99d,2022-11-26T20:57:42.040Z,"17 km ESE of Mangili, Philippines",earthquake,7.85,6.743,0.076,53,reviewed,us,us
2022-09-21T17:37:14.924Z,6.3828,126.2195,57.88,4.4,mb,44,117,0.933,0.82,us,us7000i9z0,2022-11-26T20:57:50.040Z,"5 km ENE of Pondaguitan, Philippines",earthquake,8.31,7.152,0.1,29,reviewed,us,us
2022-09-25T02:54:40.794Z,6.0352,125.8823,168.642,4.2,mb,20,116,1.071,0.72,us,us6000ipkc,2022-12-03T22:02:46.040Z,"20 km ESE of Lamitan, Philippines",earthquake,12.92,7.766,0.167,12,reviewed,us,us
2022-09-26T02:53:32.922Z,4.9554,126.3799,10,4.4,mb,18,179,2.246,0.81,us,us6000ipp8,2022-12-03T22:02:49.040Z,"113 km ESE of Sarangani, Philippines",earthquake,12.67,1.77,0.161,11,reviewed,us,us
2022-10-02T21:03:01.038Z,4.6515,126.0376,69.936,4.9,mb,85,82,2.445,0.59,us,us6000iqa2,2022-12-10T22:52:50.040Z,"104 km SE of Sarangani, Philippines",earthquake,8.23,5.099,0.052,116,reviewed,us,us
2022-10-03T08:32:55.353Z,4.5146,123.9825,452.974,4,mb,55,66,2.994,0.66,us,us6000irus,2022-12-10T22:53:49.040Z,"177 km SSW of Tambilil, Philippines",earthquake,9.56,5.287,0.088,35,reviewed,us,us
2022-10-07T15:15:39.519Z,6.2892,126.0406,150.093,4.4,mb,30,100,0.901,0.63,us,us6000itb9,2022-12-10T22:54:10.040Z,"16 km SW of Surup, Philippines",earthquake,8.69,4.987,0.112,23,reviewed,us,us
2022-10-11T05:31:50.018Z,6.0772,126.2783,154.125,4.3,mb,41,129,1.206,0.56,us,us6000ismt,2024-01-18T17:00:01.169Z,"33 km SSE of Pondaguitan, Philippines",earthquake,9.97,3.329,0.109,24,reviewed,us,us
2022-10-12T11:25:22.225Z,6.0134,126.171,66.769,4.1,mb,13,183,1.203,0.55,us,us6000iujk,2022-12-17T22:54:19.040Z,"38 km S of Pondaguitan, Philippines",earthquake,9.77,11.548,0.197,7,reviewed,us,us
2022-10-13T18:16:56.763Z,5.4352,126.4183,40.243,4.6,mb,59,67,1.826,0.92,us,us6000itet,2022-12-17T22:54:03.040Z,"101 km ESE of Caburan, Philippines",earthquake,7.79,4.556,0.068,65,reviewed,us,us
2022-10-14T17:53:46.419Z,6.3534,126.2005,94.788,4.6,mb,89,56,0.942,0.76,us,us6000itpv,2022-12-17T22:54:11.040Z,"2 km ESE of Pondaguitan, Philippines",earthquake,7.66,5.725,0.066,76,reviewed,us,us
2022-10-17T15:36:03.184Z,6.7576,126.1418,219.855,4.5,mb,17,105,0.639,0.37,us,us6000ivi9,2022-12-31T23:03:46.040Z,"6 km NE of Talisay, Philippines",earthquake,13.76,6.899,0.22,8,reviewed,us,us
2022-10-18T21:19:42.213Z,5.1082,124.7121,384.244,4,mb,35,108,2.131,0.41,us,us6000ium4,2022-12-31T23:03:38.040Z,"Mindanao, Philippines",earthquake,12.24,10.568,0.098,28,reviewed,us,us
2022-10-19T08:05:40.546Z,6.7327,125.1351,34,5.5,mww,107,33,0.554,0.97,us,us6000iust,2025-05-05T19:46:03.010Z,"6 km SW of Magsaysay, Philippines",earthquake,6.53,1.818,0.063,24,reviewed,us,us
2022-10-20T07:15:19.207Z,4.978,126.4278,77.164,4.5,mb,50,78,2.243,0.57,us,us6000iv3r,2022-12-31T23:03:40.040Z,"Pulau-Pulau Talaud, Indonesia",earthquake,8.33,7.368,0.095,36,reviewed,us,us
2022-10-24T01:18:32.707Z,4.8039,124.1536,9.717,4.6,mb,27,104,2.66,0.59,us,us6000ivzw,2023-01-03T15:23:35.040Z,"140 km SSW of Tambilil, Philippines",earthquake,10.04,3.499,0.111,24,reviewed,us,us
2022-10-24T02:06:42.416Z,7.0424,125.4231,252.131,5.3,mww,112,46,0.157,0.69,us,us6000ivzy,2023-01-03T15:23:35.040Z,"Mindanao, Philippines",earthquake,9.52,3.761,0.078,16,reviewed,us,us
2022-10-24T15:19:18.359Z,5.7504,125.5479,9.158,4.4,mb,18,124,1.311,0.51,us,us7000ikya,2023-01-03T15:23:45.040Z,"Mindanao, Philippines",earthquake,7.08,5.091,0.162,14,reviewed,us,us
2022-11-03T06:37:18.664Z,6.1754,126.3216,117.051,4.1,mb,19,99,1.155,0.7,us,us7000inb0,2023-01-12T23:11:38.040Z,"25 km SE of Pondaguitan, Philippines",earthquake,12.64,10.643,0.131,18,reviewed,us,us
2022-11-05T01:38:42.538Z,7.5174,126.3986,155.931,4.3,mb,23,130,0.927,0.69,us,us7000inr0,2023-01-21T19:27:18.040Z,"Mindanao, Philippines",earthquake,14.18,7.209,0.148,13,reviewed,us,us
2022-11-08T20:40:48.074Z,6.6626,124.9519,11.104,4.6,mb,39,85,0.743,0.75,us,us7000ip3h,2023-01-21T19:27:23.040Z,"4 km SSE of Columbio, Philippines",earthquake,3.25,4.782,0.101,29,reviewed,us,us
2022-11-15T09:47:28.022Z,5.6909,126.1015,106.739,4.4,mb,45,109,1.465,0.25,us,us7000ipuh,2023-01-28T19:58:16.040Z,"Mindanao, Philippines",earthquake,9.5,7.874,0.098,30,reviewed,us,us
2022-11-23T04:04:52.265Z,5.942,126.1256,93.598,4.8,mb,75,76,1.245,0.47,us,us7000irqs,2023-01-30T06:01:06.040Z,"46 km S of Pondaguitan, Philippines",earthquake,8.79,5.458,0.082,47,reviewed,us,us
2022-11-30T14:59:30.093Z,6.8295,123.7387,590.277,4.2,mb,24,92,1.843,0.37,us,us6000j72u,2023-02-05T23:25:35.040Z,"Moro Gulf, Mindanao, Philippines",earthquake,15.17,10.376,0.141,15,reviewed,us,us
2022-12-02T07:09:25.592Z,5.9112,126.3556,97.162,4,mb,21,126,1.386,0.43,us,us6000j7lk,2023-02-05T23:25:59.040Z,"53 km SSE of Pondaguitan, Philippines",earthquake,7.74,8.216,0.15,12,reviewed,us,us
2022-12-05T23:39:41.363Z,7.7439,124.6387,8.56,4.6,mb,22,98,1.148,0.4,us,us6000j85x,2023-02-11T23:03:20.040Z,"7 km NNW of Wao, Philippines",earthquake,8.27,4.71,0.173,10,reviewed,us,us
2022-12-05T23:55:00.263Z,7.7362,124.7364,10.718,4.8,mb,42,101,1.066,0.61,us,us6000j76d,2023-02-11T23:03:09.040Z,"Mindanao, Philippines",earthquake,6.18,4.025,0.111,25,reviewed,us,us
2022-12-09T05:06:41.754Z,6.4798,123.9805,9.925,4.5,mb,36,68,1.692,0.38,us,us6000j837,2023-02-11T23:03:19.040Z,"8 km WNW of Sangay, Philippines",earthquake,7.4,3.775,0.116,22,reviewed,us,us
2022-12-09T20:01:56.492Z,6.4472,126.1762,72.166,5.6,mww,272,21,0.857,0.78,us,us6000j88f,2023-02-11T23:03:22.040Z,"6 km ESE of Nangan, Philippines",earthquake,8.3,2.734,0.05,38,reviewed,us,us
2022-12-10T05:45:18.306Z,7.9492,125.0222,10,4.4,mb,17,175,1.034,0.77,us,us6000j9g4,2023-02-18T22:04:12.040Z,"5 km S of Lantapan, Philippines",earthquake,5.4,1.969,0.179,9,reviewed,us,us
2022-12-18T14:39:20.066Z,4.9468,124.8947,10.619,4.3,mb,13,117,2.216,0.55,us,us7000j0h0,2023-02-28T23:06:26.040Z,Celebes Sea,earthquake,9.39,4.995,0.239,5,reviewed,us,us
2022-12-19T21:44:25.055Z,7.7019,124.6944,10.015,4.9,mb,111,69,1.079,0.49,us,us6000jaec,2023-02-28T23:06:30.040Z,"3 km NE of Wao, Philippines",earthquake,7.41,3.55,0.06,86,reviewed,us,us
2022-12-29T13:13:36.794Z,6.2316,126.1831,140.887,5.2,mww,115,76,1.026,0.69,us,us7000j0u9,2023-03-07T18:59:57.040Z,"14 km S of Pondaguitan, Philippines",earthquake,6.39,5.246,0.071,19,reviewed,us,us
2022-12-29T15:57:04.230Z,6.2459,126.3208,126.906,4.6,mb,24,121,1.101,0.9,us,us7000j3m5,2023-03-07T19:00:09.040Z,"20 km SE of Pondaguitan, Philippines",earthquake,9.05,7.585,0.164,11,reviewed,us,us
2022-12-31T15:45:51.231Z,4.9172,125.1619,277.283,4.3,mb,22,126,2.178,0.77,us,us7000j3vv,2023-03-07T19:00:11.040Z,"63 km SSW of Sarangani, Philippines",earthquake,10.74,11.282,0.142,14,reviewed,us,us
2023-01-07T23:00:33.839Z,7.5478,126.4686,143.364,4.9,mww,80,63,1.002,0.51,us,us7000j2vd,2023-03-11T22:51:45.040Z,"Davao Oriental, Philippines",earthquake,9.36,4.898,0.086,13,reviewed,us,us
2023-01-11T07:49:17.106Z,6.0665,126.0555,124.073,4.4,mb,16,140,1.103,0.59,us,us7000j5r1,2023-03-20T06:03:55.040Z,"35 km SSW of Pondaguitan, Philippines",earthquake,13.95,9.469,0.154,12,reviewed,us,us
2023-01-17T22:05:11.469Z,6.2672,126.0482,138.405,4.5,mb,99,110,0.923,0.56,us,us7000j509,2023-03-31T19:44:58.040Z,"17 km SW of Surup, Philippines",earthquake,9.32,5.161,0.06,83,reviewed,us,us
2023-01-19T09:14:29.186Z,6.0457,125.68,127.84,4.7,mb,67,110,1.022,0.86,us,us7000j5fu,2023-03-31T19:45:23.040Z,"4 km N of Mangili, Philippines",earthquake,9.02,6.035,0.054,103,reviewed,us,us
2023-01-19T21:45:09.824Z,6.8183,123.6367,601.163,4.2,mb,81,110,7.065,0.61,us,us7000j5md,2023-03-31T19:45:35.040Z,"Moro Gulf, Mindanao, Philippines",earthquake,12.17,9.595,0.066,63,reviewed,us,us
2023-01-21T14:59:14.070Z,5.9755,125.7624,78.819,4.6,mb,36,127,1.102,0.6,us,us7000j631,2023-03-31T19:46:03.040Z,"9 km ESE of Mangili, Philippines",earthquake,9.67,7.941,0.103,28,reviewed,us,us
2023-01-21T23:07:11.666Z,6.4722,124.9072,10,4.2,mb,21,93,0.893,0.63,us,us6000jjr2,2023-03-31T19:43:53.040Z,"Mindanao, Philippines",earthquake,3.72,1.949,0.136,15,reviewed,us,us
2023-01-25T06:57:20.062Z,4.6733,125.4956,10.304,4.3,mb,20,152,2.382,0.84,us,us6000jlwi,2023-04-11T18:51:44.040Z,"80 km S of Sarangani, Philippines",earthquake,9.82,2.632,0.168,12,reviewed,us,us
2023-01-29T04:23:33.367Z,5.5924,125.0567,49.134,4.9,mb,44,93,1.557,0.84,us,us6000jk3r,2023-04-13T21:53:07.040Z,"Mindanao, Philippines",earthquake,8.11,6.475,0.064,77,reviewed,us,us
2023-01-29T20:18:58.481Z,5.4659,126.1501,156.259,4.6,mb,70,58,1.691,0.95,us,us6000jk73,2024-01-18T19:16:54.751Z,"75 km SE of Caburan, Philippines",earthquake,8.53,6.075,0.062,78,reviewed,us,us
2023-01-31T04:34:50.837Z,5.9313,125.9995,88.91,4.6,mb,71,109,1.206,0.56,us,us6000jkgx,2023-04-13T21:53:12.040Z,"35 km ESE of Mangili, Philippines",earthquake,7.45,5.939,0.072,57,reviewed,us,us
2023-02-01T10:44:46.067Z,7.7431,126.0566,19,6,mww,220,35,0.82,0.67,us,us6000jkpr,2025-08-04T14:42:43.446Z,"1 km NW of Babag, Philippines",earthquake,7.94,1.827,0.047,44,reviewed,us,us
2023-02-01T11:07:37.549Z,7.7079,126.2252,10,4.6,mb,38,115,0.901,0.45,us,us6000jkqq,2023-04-13T21:53:16.040Z,"15 km ENE of Compostela, Philippines",earthquake,8.12,1.894,0.105,27,reviewed,us,us
2023-02-02T01:41:43.255Z,4.8691,126.4196,72.31,4.5,mb,30,127,2.341,0.31,us,us6000jmrp,2023-04-13T21:53:28.040Z,"121 km ESE of Sarangani, Philippines",earthquake,13.3,8.551,0.15,17,reviewed,us,us
2023-02-03T10:49:44.434Z,5.827,126.1074,54.106,4.5,mb,54,112,1.342,0.75,us,us6000jmsz,2023-04-13T21:53:30.040Z,"50 km ESE of Mangili, Philippines",earthquake,8.17,7.34,0.088,40,reviewed,us,us
2023-02-05T09:59:20.529Z,7.7496,126.0653,12.107,4.6,mb,63,87,0.83,0.43,us,us6000jlje,2023-04-15T21:39:32.040Z,"1 km NNW of Babag, Philippines",earthquake,4.64,4.397,0.065,71,reviewed,us,us
2023-02-15T21:00:42.174Z,6.7146,125.5523,38.851,4.4,mb,34,115,0.354,0.72,us,us6000jp86,2023-04-22T21:33:11.040Z,"17 km NE of Tanlad, Philippines",earthquake,9.28,6.294,0.106,26,reviewed,us,us
2023-02-26T03:53:08.361Z,5.6459,126.2682,66.83,4.6,mb,31,113,1.572,0.66,us,us6000jrn6,2023-05-08T01:59:28.040Z,"Mindanao, Philippines",earthquake,9.59,7.909,0.116,25,reviewed,us,us
2023-02-28T17:09:19.647Z,6.3003,126.286,56.344,4.5,mb,49,115,1.038,0.66,us,us7000jgan,2023-05-08T01:59:57.040Z,"Mindanao, Philippines",earthquake,8.59,7.055,0.092,37,reviewed,us,us
2023-03-05T16:37:27.949Z,5.9794,125.6336,148.974,4.5,mb,34,111,1.085,0.55,us,us7000jhh9,2023-05-15T02:50:37.040Z,"3 km NW of Culaman, Philippines",earthquake,7.91,4.967,0.113,23,reviewed,us,us
2023-03-05T16:49:39.611Z,7.472,126.2112,10,4.7,mb,40,123,0.744,0.59,us,us7000jhhc,2023-05-15T02:50:37.040Z,"Compostela Valley, Philippines",earthquake,7.88,1.894,0.099,31,reviewed,us,us
2023-03-05T16:54:13.437Z,7.5053,126.1941,10,4.3,mb,23,147,0.748,0.53,us,us7000jiut,2023-05-15T02:50:37.040Z,"13 km SSE of Bantacan, Philippines",earthquake,8.27,1.857,0.133,16,reviewed,us,us
2023-03-05T19:30:53.539Z,7.4962,126.1305,9.601,4.4,mb,29,135,0.692,0.5,us,us7000jiv6,2023-05-15T02:50:36.040Z,"11 km S of Bantacan, Philippines",earthquake,8.11,5.211,0.134,16,reviewed,us,us
2023-03-05T20:43:02.682Z,7.5373,126.1657,10,5.4,mww,149,33,0.745,0.69,us,us7000jhi6,2025-07-29T08:10:44.659Z,"10 km SSE of Bantacan, Philippines",earthquake,5.66,1.775,0.069,20,reviewed,us,us
2023-03-06T15:53:02.685Z,5.774,125.911,151.146,4.8,mb,109,64,1.329,0.9,us,us7000jhn7,2023-05-15T02:50:27.040Z,"33 km ESE of Caburan, Philippines",earthquake,8.49,5.441,0.051,117,reviewed,us,us
2023-03-07T06:02:31.481Z,7.4941,126.0567,16.051,5.9,mww,122,41,0.634,0.54,us,us7000jhtd,2025-07-29T08:08:39.209Z,"6 km SE of Manat, Philippines",earthquake,7.84,1.572,0.059,28,reviewed,us,us
2023-03-07T08:47:41.810Z,7.6315,126.2526,10,5.6,mww,124,32,0.871,0.86,us,us7000jhuv,2023-07-20T12:24:52.821Z,"13 km ENE of Bantacan, Philippines",earthquake,6.49,1.736,0.061,26,reviewed,us,us
2023-03-07T11:18:35.725Z,7.5797,126.205,10,4.2,mb,12,188,0.801,0.19,us,us7000jjk1,2023-05-15T02:50:20.040Z,"8 km ESE of Bantacan, Philippines",earthquake,8.38,1.953,0.187,8,reviewed,us,us
2023-03-07T19:16:08.877Z,7.5524,126.25,8.206,4.4,mb,46,53,0.82,0.76,us,us7000jjkb,2023-05-15T02:50:14.040Z,"14 km ESE of Bantacan, Philippines",earthquake,6.44,1.107,0.104,33,reviewed,us,us
2023-03-08T00:52:36.938Z,7.4045,126.0947,10.192,4.2,mb,12,130,0.61,0.31,us,us7000jjur,2023-05-15T02:50:11.040Z,"14 km SE of San Mariano, Philippines",earthquake,9.48,5.463,0.175,9,reviewed,us,us
2023-03-08T10:47:33.218Z,7.4576,126.0872,9.118,4.5,mb,37,116,0.635,0.6,us,us7000ji4k,2023-05-15T02:50:04.040Z,"10 km ESE of San Mariano, Philippines",earthquake,6.96,4.81,0.104,27,reviewed,us,us
2023-03-10T06:32:25.910Z,7.5186,126.1503,13.635,4.3,mb,19,124,0.721,0.91,us,us7000jk5m,2023-05-15T02:49:31.040Z,"9 km SSE of Bantacan, Philippines",earthquake,8.2,4.343,0.161,11,reviewed,us,us
2023-03-11T07:41:43.607Z,4.8221,123.6907,505.318,4.6,mb,81,81,2.918,0.53,us,us7000jj38,2023-05-15T02:49:15.040Z,"161 km SSW of Malisbeng, Philippines",earthquake,10.71,7.463,0.068,65,reviewed,us,us
2023-03-17T03:38:27.155Z,4.9747,125.4894,169.032,4.3,mb,18,116,2.083,0.99,us,us7000jkql,2023-05-20T23:20:31.040Z,"Pulau-Pulau Sangihe, Indonesia",earthquake,11.58,6.776,0.168,10,reviewed,us,us
2023-03-17T19:37:58.861Z,5.9215,125.7693,120.468,4.7,mb,143,38,1.156,0.82,us,us7000jky8,2023-05-20T23:20:35.040Z,"12 km ESE of Culaman, Philippines",earthquake,7.42,4.949,0.042,181,reviewed,us,us
2023-03-20T21:13:27.773Z,7.3306,123.7796,597.933,4.5,mb,97,43,1.804,0.58,us,us7000jliw,2023-05-26T21:54:08.040Z,"28 km W of Litayan, Philippines",earthquake,9.63,6.886,0.059,83,reviewed,us,us
2023-03-21T05:21:14.659Z,7.4874,126.1938,10.105,4.4,mb,27,125,0.738,0.33,us,us7000jmhp,2023-05-26T21:54:17.040Z,"14 km SSE of Bantacan, Philippines",earthquake,6.7,5.121,0.127,18,reviewed,us,us
2023-03-22T04:28:14.543Z,6.7301,126.1069,67.755,4.8,mb,69,93,0.623,0.72,us,us7000jlvr,2023-05-26T21:54:11.040Z,"1 km NNE of Talisay, Philippines",earthquake,6.14,5.17,0.051,117,reviewed,us,us
2023-03-25T10:16:26.389Z,5.1141,125.4499,190.143,4.3,mb,29,122,1.947,0.71,us,us7000jmnr,2023-05-26T21:54:20.040Z,"32 km S of Sarangani, Philippines",earthquake,8.71,5.371,0.104,26,reviewed,us,us
2023-03-27T00:44:51.205Z,5.344,125.6996,72.223,4.8,mb,64,93,1.719,0.51,us,us7000jmxq,2023-06-03T22:06:26.040Z,"26 km ESE of Sarangani, Philippines",earthquake,7.74,6.979,0.051,121,reviewed,us,us
2023-03-29T07:41:46.881Z,5.9533,126.3284,11.616,4.9,mb,76,76,1.336,1.08,us,us6000k0i9,2023-06-03T22:06:05.040Z,"Mindanao, Philippines",earthquake,6.51,3.337,0.057,96,reviewed,us,us
2023-03-29T22:37:45.459Z,7.5039,126.1716,7.397,4.3,mb,29,130,0.729,0.37,us,us6000k1rr,2023-06-03T22:06:18.040Z,"Mindanao, Philippines",earthquake,7.18,5.324,0.126,18,reviewed,us,us
2023-04-03T21:48:09.585Z,5.4745,126.3213,108.501,4,mb,25,118,1.748,0.49,us,us6000k2g7,2024-01-18T19:42:32.008Z,"89 km ESE of Caburan, Philippines",earthquake,9.36,8.758,0.143,13,reviewed,us,us
2023-04-04T01:09:27.251Z,5.6627,123.4485,511.534,4.1,mb,18,106,11.997,0.34,us,us6000k3ie,2023-06-13T03:13:09.040Z,Celebes Sea,earthquake,11.76,12.324,0.145,13,reviewed,us,us
2023-04-07T01:43:52.166Z,5.044,125.3203,123.063,4.4,mb,18,128,2.029,1.25,us,us6000k432,2023-06-13T03:12:36.040Z,"42 km SSW of Sarangani, Philippines",earthquake,11.38,8.783,0.179,9,reviewed,us,us
2023-04-13T17:23:34.309Z,6.0174,124.0295,529.193,4.2,mb,31,107,5.853,0.63,us,us6000k448,2023-06-17T21:36:51.040Z,"Mindanao, Philippines",earthquake,15.2,9.588,0.131,16,reviewed,us,us
2023-04-14T18:18:40.082Z,5.8734,125.7475,193.701,4.6,mb,149,67,1.2,0.81,us,us6000k4ix,2023-06-17T21:36:55.040Z,"12 km ESE of Caburan, Philippines",earthquake,8.43,3.902,0.041,191,reviewed,us,us
2023-04-22T12:35:50.944Z,6.279,125.9678,156.388,4,mb,17,123,0.875,0.66,us,us7000jwm6,2023-07-03T02:46:39.040Z,"23 km WSW of Surup, Philippines",earthquake,12.9,3.617,0.139,16,reviewed,us,us
2023-04-27T11:36:05.867Z,5.9304,126.0474,151.881,4.2,mb,19,116,1.224,0.6,us,us7000jxtr,2023-07-11T01:45:38.040Z,"41 km ESE of Mangili, Philippines",earthquake,9.59,7.66,0.186,8,reviewed,us,us
2023-05-05T16:59:40.409Z,6.6152,126.2762,75.064,4.5,mb,29,128,0.826,0.81,us,us6000k9u8,2023-07-15T22:15:59.040Z,"18 km E of Tibanbang, Philippines",earthquake,10.89,7.527,0.121,20,reviewed,us,us
2023-05-07T22:48:11.739Z,6.8666,124.6218,10,4.3,mb,10,155,0.972,0.48,us,us6000kb5t,2023-07-22T19:16:50.040Z,"Mindanao, Philippines",earthquake,8.46,1.95,0.238,5,reviewed,us,us
2023-05-12T02:43:14.658Z,6.9511,125.0343,17.507,4.5,mb,19,108,0.554,1.22,us,us6000kbam,2023-07-22T19:16:56.040Z,"5 km WSW of Saguing, Philippines",earthquake,6.5,3.634,0.156,14,reviewed,us,us
2023-05-13T19:16:46.120Z,5.8776,125.3675,90.915,4.9,mb,101,86,1.203,0.87,us,us6000kbqf,2023-07-22T19:17:19.040Z,"6 km NE of Kiupo, Philippines",earthquake,7.23,5.973,0.056,102,reviewed,us,us
2023-05-14T12:44:31.775Z,7.4664,123.5627,27.349,5,mww,72,73,2.039,0.4,us,us6000kbun,2023-07-24T01:17:00.040Z,"14 km E of Malim, Philippines",earthquake,8.66,2.666,0.098,10,reviewed,us,us
2023-05-23T17:04:01.252Z,5.7587,124.5398,71.423,4.9,mb,168,64,1.662,0.66,us,us7000k3an,2023-07-29T22:00:31.040Z,"26 km SSW of Tambilil, Philippines",earthquake,7.49,5.746,0.047,154,reviewed,us,us
2023-05-23T17:11:56.060Z,5.8038,124.5777,72.525,4.5,mb,100,43,1.604,0.61,us,us7000k3aq,2023-07-29T22:00:31.040Z,"20 km SSW of Tambilil, Philippines",earthquake,6.39,5.834,0.065,81,reviewed,us,us
2023-05-23T18:23:04.019Z,5.7164,124.5005,62.174,4.7,mb,92,76,1.719,0.73,us,us7000k3b3,2023-07-29T22:00:31.040Z,"33 km SW of Tambilil, Philippines",earthquake,3.41,6.943,0.061,87,reviewed,us,us
2023-05-23T18:30:17.472Z,5.7023,124.2519,11.592,4.3,mb,32,71,1.893,0.83,us,us7000k506,2023-07-29T22:00:46.040Z,"45 km SSW of Mabay, Philippines",earthquake,6.49,4.831,0.119,24,reviewed,us,us
2023-05-24T00:44:07.040Z,5.6719,124.2704,17.872,5.2,mww,162,56,1.903,1.05,us,us7000k3d7,2023-07-29T22:00:32.040Z,"47 km SSW of Maitum, Philippines",earthquake,7.02,3.896,0.093,11,reviewed,us,us
2023-05-24T03:07:30.023Z,5.6282,124.1739,10.189,4.3,mb,13,97,2,0.47,us,us7000k57b,2023-07-29T22:00:47.040Z,"57 km SW of Mabay, Philippines",earthquake,9.71,5.201,0.188,8,reviewed,us,us
2023-05-24T08:14:53.572Z,5.5386,124.2323,12.294,4.3,mb,17,105,2.026,1.25,us,us7000k57f,2023-07-29T22:00:47.040Z,"62 km SSW of Maitum, Philippines",earthquake,7.75,5.241,0.217,8,reviewed,us,us
2023-05-24T08:55:57.380Z,6.0648,126.3325,98.339,4.5,mb,88,92,1.248,0.78,us,us7000k3f2,2023-07-29T22:00:34.040Z,"36 km SSE of Pondaguitan, Philippines",earthquake,8.22,5.568,0.053,104,reviewed,us,us
2023-05-24T14:45:50.538Z,5.5494,124.2203,10,4.1,mb,16,110,2.026,0.42,us,us7000k584,2023-07-29T22:00:47.040Z,"62 km SSW of Maitum, Philippines",earthquake,10.19,1.937,0.184,8,reviewed,us,us
2023-06-01T21:38:56.071Z,5.2849,125.979,138.988,4.5,mb,69,66,1.817,0.52,us,us7000k5ly,2023-08-05T22:07:45.040Z,"58 km ESE of Sarangani, Philippines",earthquake,8.86,5.778,0.074,54,reviewed,us,us
2023-06-02T21:40:14.029Z,4.809,125.4626,10,4.6,mb,52,87,2.249,0.5,us,us7000k5x7,2023-08-05T22:07:49.040Z,"65 km S of Sarangani, Philippines",earthquake,7.04,1.901,0.071,59,reviewed,us,us
2023-06-03T08:39:51.082Z,6.421,124.7491,10.533,4.6,mb,48,94,1.046,0.48,us,us7000k61z,2023-08-05T22:07:52.040Z,"3 km W of Bañga, Philippines",earthquake,6.71,4.749,0.091,36,reviewed,us,us
2023-06-09T00:30:42.285Z,7.4716,126.0338,89.105,4.6,mb,33,169,6.787,0.55,us,us7000k79m,2023-08-12T17:15:11.040Z,"4 km SE of San Mariano, Philippines",earthquake,13.63,8.689,0.101,29,reviewed,us,us
2023-06-18T01:00:38.086Z,6.8263,126.3669,63.494,4.4,mb,23,122,0.819,0.59,us,us6000kn8a,2023-08-26T20:54:16.040Z,"6 km SE of Bobon, Philippines",earthquake,9.26,4.885,0.144,14,reviewed,us,us
2023-06-20T01:45:41.630Z,5.8912,126.3995,92.963,4.5,mb,49,110,1.427,0.74,us,us7000k9s2,2023-08-26T20:54:24.040Z,"57 km SSE of Pondaguitan, Philippines",earthquake,9.82,6.367,0.097,31,reviewed,us,us
2023-06-24T23:49:54.241Z,5.6878,124.1148,511.838,4.4,mb,15,109,5.633,0.34,us,us6000kpwb,2023-08-26T20:54:21.040Z,"Mindanao, Philippines",earthquake,12.92,12.602,0.162,11,reviewed,us,us
2023-06-29T13:52:38.833Z,5.6935,125.8156,120.851,4.6,mb,50,106,1.387,0.75,us,us6000knvp,2023-09-08T14:18:27.040Z,"31 km SE of Caburan, Philippines",earthquake,7.45,6.139,0.056,96,reviewed,us,us
2023-07-03T05:46:26.206Z,6.4721,126.426,76.253,4.3,mb,25,131,1.029,0.58,us,us7000kf30,2023-09-09T21:55:09.040Z,"30 km ENE of Pondaguitan, Philippines",earthquake,6.76,8.426,0.153,13,reviewed,us,us
2023-07-03T06:30:15.615Z,4.5967,126.0017,136.122,4.4,mb,25,131,2.493,0.74,us,us6000kpss,2023-09-09T21:54:40.040Z,"107 km SE of Sarangani, Philippines",earthquake,5.01,8.57,0.135,16,reviewed,us,us
2023-07-03T10:20:25.701Z,5.8358,124.3778,35,4.8,mb,63,66,1.711,0.75,us,us6000kpt9,2023-09-09T21:54:40.040Z,"26 km SSW of Maitum, Philippines",earthquake,6.65,1.88,0.056,98,reviewed,us,us
2023-07-10T08:45:19.590Z,5.9075,126.4984,71.824,4.2,mb,19,139,1.472,0.34,us,us6000krae,2023-09-16T19:16:07.040Z,"61 km SE of Pondaguitan, Philippines",earthquake,7.61,8.942,0.186,11,reviewed,us,us
2023-07-12T07:39:46.663Z,6.5085,125.7913,158.225,4.4,mb,39,94,0.596,0.59,us,us7000kh1v,2023-09-16T19:16:22.040Z,"22 km ENE of Malita, Philippines",earthquake,9.05,5.19,0.103,30,reviewed,us,us
2023-07-13T00:14:44.232Z,6.037,124.2117,483.281,4.2,mb,46,117,5.971,0.45,us,us7000kh43,2023-09-16T19:16:23.040Z,"18 km WSW of Malisbeng, Philippines",earthquake,14.34,9.577,0.09,34,reviewed,us,us
2023-07-14T14:04:04.900Z,6.3072,126.0262,78.1,4.3,mb,26,150,0.878,0.4,us,us7000kfrj,2023-09-16T19:16:15.040Z,"16 km SW of Surup, Philippines",earthquake,11.72,6.192,0.133,16,reviewed,us,us
2023-07-15T05:45:14.573Z,5.2285,123.9699,496.137,4.1,mb,24,99,5.182,0.4,us,us7000khet,2023-09-16T19:16:25.040Z,"106 km SSW of Mabay, Philippines",earthquake,16.73,10.575,0.131,16,reviewed,us,us
2023-07-17T09:57:12.688Z,5.155,125.0917,85.797,4.4,mb,33,125,1.963,1.3,us,us7000ki8i,2023-09-28T21:34:18.040Z,"49 km WSW of Sarangani, Philippines",earthquake,9.77,2.432,0.102,28,reviewed,us,us
2023-07-17T15:35:24.450Z,5.7772,124.0668,9,5.4,mww,89,86,1.977,0.55,us,us7000kgd7,2023-09-28T21:33:39.040Z,"49 km SW of Malisbeng, Philippines",earthquake,5.99,1.814,0.075,17,reviewed,us,us
2023-07-24T17:26:35.243Z,5.2341,124.0175,481.237,4.4,mb,45,63,2.395,0.78,us,us7000ki0m,2023-09-30T21:36:39.040Z,"103 km SSW of Maitum, Philippines",earthquake,11.83,10.17,0.104,27,reviewed,us,us
2023-07-26T17:47:57.448Z,4.775,124.963,11.677,5.1,mb,91,63,2.361,0.57,us,us6000kvqq,2023-09-30T21:36:31.040Z,"88 km SW of Sarangani, Philippines",earthquake,7.47,3.796,0.045,158,reviewed,us,us
2023-08-07T04:38:32.044Z,4.6543,124.7343,286.702,4,mb,12,121,5.288,0.71,us,us7000knml,2023-10-17T22:01:26.040Z,Celebes Sea,earthquake,15.43,9.031,0.173,9,reviewed,us,us
2023-08-08T10:04:02.569Z,7.4646,123.8751,595.945,4.1,mb,39,68,7.024,0.58,us,us7000knp5,2023-10-17T22:01:27.040Z,"22 km NW of Litayan, Philippines",earthquake,11.8,7.62,0.093,35,reviewed,us,us
2023-08-09T00:57:18.049Z,6.5014,126.3305,62.03,5.3,mww,154,52,0.936,0.9,us,us6000kys0,2023-10-17T22:01:28.040Z,"22 km NE of Pondaguitan, Philippines",earthquake,9.06,1.642,0.089,12,reviewed,us,us
2023-08-10T06:48:51.781Z,6.5022,126.3047,71.051,4.9,mb,52,118,0.915,0.62,us,us6000kz0s,2023-10-17T22:01:29.040Z,"20 km E of Nangan, Philippines",earthquake,5.69,7.114,0.082,47,reviewed,us,us
2023-08-10T11:19:59.237Z,6.2704,125.6734,134.398,4.4,mb,35,114,0.8,0.82,us,us6000kz1p,2023-10-17T22:01:29.040Z,"0 km NE of Talagutong, Philippines",earthquake,8.47,6.481,0.105,26,reviewed,us,us
2023-08-13T19:05:16.232Z,4.8265,123.5558,512.723,4.3,mb,73,70,3.003,0.47,us,us6000kzqw,2024-01-18T20:41:39.603Z,"168 km SSW of Malisbeng, Philippines",earthquake,11.5,7.031,0.078,48,reviewed,us,us
2023-08-25T19:13:41.882Z,6.2438,124.7479,13.286,5,mww,180,53,1.164,0.59,us,us7000kr0t,2023-10-28T19:15:37.040Z,"4 km ENE of Lake Sebu, Philippines",earthquake,5.93,1.696,0.059,28,reviewed,us,us
2023-08-26T07:28:50.277Z,6.1649,124.7253,12.717,4.4,mb,21,97,1.236,0.47,us,us7000ksey,2023-10-28T19:15:38.040Z,"6 km SSE of Lake Sebu, Philippines",earthquake,7.94,4.166,0.162,11,reviewed,us,us
2023-08-29T13:57:38.803Z,5.8834,126.056,109.903,4.4,mb,31,114,1.27,0.54,us,us7000krvh,2023-11-04T21:35:47.040Z,"43 km ESE of Mangili, Philippines",earthquake,8.72,7.614,0.117,21,reviewed,us,us
2023-08-29T20:00:28.978Z,5.9227,125.7224,185.071,4.3,mb,50,112,1.148,0.72,us,us7000kt72,2024-01-18T20:48:07.464Z,"8 km ESE of Culaman, Philippines",earthquake,8.9,6.405,0.088,41,reviewed,us,us
2023-09-02T18:58:53.738Z,5.2007,123.4199,572.256,4.3,mb,66,63,2.838,0.59,us,us7000ktyr,2023-11-04T21:36:33.040Z,"140 km SW of Palimbang, Philippines",earthquake,10.6,8.414,0.082,48,reviewed,us,us
2023-09-03T18:15:09.249Z,4.924,125.6615,109.192,4.7,mb,85,51,2.133,0.92,us,us7000kt1v,2023-11-17T19:47:49.040Z,"57 km SSE of Sarangani, Philippines",earthquake,7.87,6.029,0.064,75,reviewed,us,us
2023-09-06T07:51:57.948Z,7.0227,125.5087,13.273,4.9,mb,61,83,0.084,0.86,us,us7000ktln,2023-11-17T19:47:50.040Z,"4 km ESE of Bato, Philippines",earthquake,9.52,4.426,0.081,47,reviewed,us,us
2023-09-06T15:12:06.954Z,5.4647,123.8077,545.728,4.3,mb,36,84,5.275,0.72,us,us7000kv2z,2023-11-17T19:47:52.040Z,"92 km SSW of Palimbang, Philippines",earthquake,12.49,9.881,0.111,23,reviewed,us,us
2023-09-10T19:44:27.716Z,4.8223,126.1393,10,4.3,mb,21,106,2.301,0.96,us,us7000kvrz,2023-11-18T22:29:34.040Z,"98 km SE of Sarangani, Philippines",earthquake,6.02,1.912,0.147,14,reviewed,us,us
2023-09-20T10:05:27.904Z,5.9006,125.682,11.1,4.2,mb,21,125,1.166,0.56,us,us7000ky5u,2023-12-02T23:01:12.040Z,"4 km ESE of Caburan, Philippines",earthquake,9.96,4.868,0.141,14,reviewed,us,us
2023-09-22T03:18:12.961Z,6.2175,123.7635,582.801,4.4,mb,66,51,1.992,0.72,us,us7000kxac,2023-12-02T23:01:09.040Z,"39 km SW of Sangay, Philippines",earthquake,10.75,7.808,0.058,88,reviewed,us,us
2023-09-29T23:55:00.302Z,4.8524,125.1348,10,4.5,mb,32,85,2.247,0.53,us,us6000ld33,2023-12-09T22:00:43.040Z,"70 km SSW of Sarangani, Philippines",earthquake,5.08,1.894,0.118,21,reviewed,us,us
2023-10-02T04:15:02.442Z,4.8241,124.9659,290.986,4.2,mb,28,130,2.313,0.75,us,us6000ldgp,2023-12-14T21:26:54.040Z,"84 km SW of Sarangani, Philippines",earthquake,15.84,8.882,0.112,22,reviewed,us,us
2023-10-04T11:21:47.730Z,5.3171,126.0438,113,6.4,mww,257,23,1.801,0.88,us,us6000lcri,2025-07-02T16:27:29.907Z,"65 km E of Sarangani, Philippines",earthquake,6.22,1.901,0.037,71,reviewed,us,us
2023-10-07T23:18:02.354Z,6.0897,126.0327,145.473,4.2,mb,28,146,1.073,0.39,us,us6000leuz,2023-12-14T21:26:57.040Z,"34 km SSW of Pondaguitan, Philippines",earthquake,11.22,5.498,0.136,15,reviewed,us,us
2023-10-19T18:58:51.126Z,7.4623,126.3516,8.494,5.9,mww,190,22,0.86,0.69,us,us6000lgpg,2023-12-26T21:24:39.040Z,"18 km WSW of Batiano, Philippines",earthquake,6.26,3.099,0.052,35,reviewed,us,us
2023-10-28T18:52:37.478Z,7.3558,126.3605,8.57,4.4,mb,33,142,0.826,0.53,us,us7000l8cg,2024-01-04T04:22:40.040Z,"17 km W of San Pedro, Philippines",earthquake,6.64,4.744,0.13,20,reviewed,us,us
2023-10-30T11:55:54.234Z,4.8117,125.6197,171.78,4.4,mb,38,129,2.244,0.78,us,us7000l7iy,2024-01-10T06:01:16.040Z,"67 km SSE of Sarangani, Philippines",earthquake,8.71,7.248,0.098,30,reviewed,us,us
2023-10-30T17:11:21.504Z,5.1126,125.9602,71.024,4.2,mb,31,112,1.981,0.96,us,us7000l8lp,2024-01-10T06:01:18.040Z,"63 km ESE of Sarangani, Philippines",earthquake,8.74,8.215,0.121,19,reviewed,us,us
2023-11-14T00:10:14.942Z,5.8937,124.3413,35,4.9,mb,98,70,1.696,0.61,us,us7000latm,2024-01-26T16:37:59.040Z,"22 km SW of Mabay, Philippines",earthquake,7.17,1.893,0.061,85,reviewed,us,us
2023-11-14T17:15:31.960Z,5.6567,125.2921,229,4.3,mb,104,81,1.432,0.81,us,us6000lne4,2024-01-26T16:37:41.040Z,"5 km SSE of Pangyan, Philippines",earthquake,8.34,5.855,0.062,84,reviewed,us,us
2023-11-14T18:21:47.382Z,4.9181,126.4698,75.656,4.6,mb,80,44,2.314,0.82,us,us6000lnei,2024-01-26T16:37:41.040Z,"123 km ESE of Sarangani, Philippines",earthquake,7.16,6.706,0.069,70,reviewed,us,us
2023-11-17T08:14:10.513Z,5.5627,125.0013,52,6.7,mww,244,21,1.604,1.02,us,us6000lp12,2025-09-26T19:00:00.673Z,"32 km SW of Kablalan, Philippines",earthquake,6.69,1.896,0.038,66,reviewed,us,us
2023-11-17T21:15:09.207Z,5.5221,125.0746,78.002,4.2,mb,31,106,1.617,0.51,us,us6000lq49,2024-01-26T16:37:54.040Z,"29 km SW of Burias, Philippines",earthquake,8.23,7.005,0.115,21,reviewed,us,us
2023-11-18T04:18:18.721Z,5.533,124.9855,74.942,4.5,mb,34,93,1.637,0.61,us,us6000lqaj,2024-01-26T16:37:55.040Z,"35 km S of Maasim, Philippines",earthquake,9.5,2.998,0.128,20,reviewed,us,us
2023-11-18T11:20:03.011Z,5.9807,125.9702,157.795,4.2,mb,31,114,1.15,0.91,us,us6000lqau,2024-01-26T16:37:55.040Z,"31 km E of Mangili, Philippines",earthquake,9.67,5.858,0.116,21,reviewed,us,us
2023-11-19T22:04:17.739Z,5.2884,125.8385,101.655,4.2,mb,22,113,1.788,0.65,us,us6000lqbw,2024-02-01T15:13:43.040Z,"43 km ESE of Sarangani, Philippines",earthquake,10.25,8.239,0.152,12,reviewed,us,us
2023-11-20T19:28:25.747Z,5.677,125.2156,84.367,5,mb,122,52,1.43,0.8,us,us6000lpna,2025-07-28T19:19:25.923Z,"6 km SW of Burias, Philippines",earthquake,8.26,5.064,0.041,187,reviewed,us,us
2023-11-20T22:20:36.629Z,5.7813,125.3774,224.932,4.3,mb,44,132,1.296,0.52,us,us6000lppx,2024-02-01T15:13:41.040Z,"9 km SE of Kiupo, Philippines",earthquake,8.81,7.349,0.099,29,reviewed,us,us
2023-11-23T03:24:33.295Z,5.5742,125.1139,88.745,4.7,mb,58,70,1.556,0.79,us,us6000lq7k,2024-02-01T15:13:42.040Z,"22 km SW of Burias, Philippines",earthquake,9.09,7.434,0.077,51,reviewed,us,us
2023-11-23T13:36:02.650Z,6.4901,125.9908,142.498,4.4,mb,28,122,0.706,0.73,us,us6000lq9h,2024-02-01T15:13:43.040Z,"11 km WSW of Luzon, Philippines",earthquake,11.28,5.31,0.115,22,reviewed,us,us
2023-11-30T16:48:20.483Z,6.0112,126.0773,137.312,4.3,mb,40,69,1.162,1.14,us,us7000lggh,2024-02-06T21:53:59.040Z,"40 km SSW of Pondaguitan, Philippines",earthquake,8.26,4.353,0.111,28,reviewed,us,us
2023-11-30T22:18:05.042Z,6.9228,123.9963,547.456,4.1,mb,26,122,6.603,0.54,us,us7000lggq,2024-02-06T21:53:59.040Z,"13 km N of Gadung, Philippines",earthquake,13.44,10.526,0.144,13,reviewed,us,us
2023-12-02T17:05:43.397Z,7.9637,126.406,35,4.7,mb,32,111,1.209,1.02,us,us7000lgzj,2024-02-06T21:54:00.040Z,"5 km SW of Santa Maria, Philippines",earthquake,11.67,1.943,0.115,23,reviewed,us,us
2023-12-02T17:52:47.087Z,6.6163,126.3206,2.716,4.6,mb,13,141,0.863,0.89,us,us7000lh3w,2024-02-06T21:54:02.040Z,"23 km E of Tibanbang, Philippines",earthquake,6.1,4.787,0.172,10,reviewed,us,us
2023-12-06T02:38:43.089Z,7.4501,126.1088,10,4.3,mb,18,182,0.647,0.89,us,us7000lidc,2024-02-10T23:47:37.040Z,"13 km ESE of San Mariano, Philippines",earthquake,5.79,1.947,0.16,11,reviewed,us,us
2023-12-07T13:09:46.026Z,5.7478,125.3216,78.721,4.8,mb,36,106,1.338,0.54,us,us7000linm,2024-02-10T23:47:40.040Z,"6 km NE of Pangyan, Philippines",earthquake,6.14,7.629,0.103,32,reviewed,us,us
2023-12-09T15:07:04.027Z,6.2107,126.3149,62.446,4.9,mb,50,110,1.124,0.82,us,us7000lhrh,2024-02-10T23:47:46.040Z,"22 km SE of Pondaguitan, Philippines",earthquake,8.14,5.334,0.059,89,reviewed,us,us
2023-12-23T21:54:30.198Z,6.5565,126.2938,134.173,4.4,mb,32,108,7.713,0.89,us,us6000m1pj,2024-02-27T22:56:58.040Z,"20 km ENE of Nangan, Philippines",earthquake,11.91,7.758,0.105,26,reviewed,us,us
2023-12-24T20:31:54.297Z,5.0747,126.0217,109.751,4.9,mb,81,90,2.03,0.83,us,us7000llag,2024-03-02T21:39:39.040Z,"71 km ESE of Sarangani, Philippines",earthquake,7.7,6.398,0.07,64,reviewed,us,us
2023-12-28T01:35:11.401Z,6.121,125.4786,35,5.2,mb,145,54,0.948,0.82,us,us6000m040,2026-03-31T09:51:02.944Z,"12 km ENE of Suyan, Philippines",earthquake,8.63,1.816,0.051,124,reviewed,us,us
2024-01-03T12:59:19.567Z,5.5484,125.0908,79.453,4.4,mb,40,110,1.587,0.66,us,us6000m3bn,2024-03-09T21:40:25.040Z,"26 km SW of Burias, Philippines",earthquake,3.3,7.939,0.102,28,reviewed,us,us
2024-01-08T20:48:42.361Z,4.9225,126.1575,62.574,6.7,mww,138,22,2.209,0.76,us,us6000m2jp,2024-03-16T19:00:03.040Z,"93 km SE of Sarangani, Philippines",earthquake,7.15,3.404,0.06,27,reviewed,us,us
2024-01-08T21:04:39.509Z,4.7288,126.0407,88.58,4.2,mb,25,110,2.37,0.66,us,us6000m478,2024-03-16T19:00:44.040Z,"98 km SE of Sarangani, Philippines",earthquake,9.77,8.2,0.131,16,reviewed,us,us
2024-01-08T21:06:16.101Z,4.8164,126.0506,82.702,4.5,mb,50,81,2.287,0.49,us,us6000m479,2024-03-16T19:00:45.040Z,"91 km SE of Sarangani, Philippines",earthquake,9.46,7.922,0.088,38,reviewed,us,us
2024-01-08T22:30:35.744Z,4.6686,126.299,92.212,4.1,mb,13,134,2.49,0.62,us,us6000m47g,2024-03-16T19:00:46.040Z,"123 km SE of Sarangani, Philippines",earthquake,12,9.419,0.198,7,reviewed,us,us
2024-01-08T22:49:59.374Z,4.9569,126.4601,62.882,4.2,mb,22,151,2.274,0.46,us,us6000m47b,2024-03-16T19:00:45.040Z,"121 km ESE of Sarangani, Philippines",earthquake,4.66,8.363,0.152,12,reviewed,us,us
2024-01-09T01:08:41.354Z,4.7116,126.3124,97.409,4.5,mb,52,106,2.453,0.67,us,us6000m2mj,2024-03-16T19:00:05.040Z,"121 km SE of Sarangani, Philippines",earthquake,8.33,3.313,0.094,33,reviewed,us,us
2024-01-09T03:10:38.970Z,4.6255,126.205,96.647,4.1,mb,19,129,6.443,0.55,us,us6000m48y,2024-03-16T19:00:47.040Z,"118 km SE of Sarangani, Philippines",earthquake,12.61,4.636,0.157,11,reviewed,us,us
2024-01-09T11:14:27.650Z,5.1326,125.3566,10,4.1,mb,14,148,1.937,0.5,us,us6000m49b,2024-03-16T19:00:49.040Z,"32 km SSW of Sarangani, Philippines",earthquake,9.16,1.691,0.185,8,reviewed,us,us
2024-01-12T02:05:04.693Z,4.8837,126.43,44.076,5,mb,57,112,2.331,0.78,us,us6000m387,2024-03-16T19:00:23.040Z,"121 km ESE of Sarangani, Philippines",earthquake,8.08,5.817,0.081,52,reviewed,us,us
2024-01-12T18:02:34.156Z,4.9202,126.4269,66.758,4.2,mb,31,84,2.296,0.7,us,us6000m4p6,2024-03-16T19:01:05.040Z,"119 km ESE of Sarangani, Philippines",earthquake,7.01,7.672,0.121,23,reviewed,us,us
2024-01-12T19:52:14.391Z,5.5013,125.1256,80.959,4.6,mb,67,66,1.622,0.59,us,us6000m4pc,2024-03-16T19:01:06.040Z,"26 km WSW of Balangonan, Philippines",earthquake,5.64,5.82,0.081,52,reviewed,us,us
2024-01-14T10:56:20.744Z,4.8037,126.1553,92.124,4.5,mb,45,84,2.323,0.68,us,us6000m3lj,2024-03-16T19:00:38.040Z,"101 km SE of Sarangani, Philippines",earthquake,7.26,5.162,0.096,32,reviewed,us,us
2024-01-18T12:47:37.381Z,6.0394,125.9644,73.685,4.6,mb,41,115,1.093,0.79,us,us6000m4ew,2024-03-29T17:37:53.040Z,"29 km E of Lamitan, Philippines",earthquake,8.03,6.736,0.105,27,reviewed,us,us
2024-01-19T09:30:24.776Z,6.7737,126.477,59.111,4.3,mb,20,136,0.939,0.5,us,us7000ltyl,2024-03-29T17:37:56.040Z,"19 km ESE of Bobon, Philippines",earthquake,7.86,9.704,0.168,10,reviewed,us,us
2024-01-22T12:02:20.287Z,5.3214,125.3615,191.376,4.6,mb,66,65,1.75,0.93,us,us6000m5e8,2024-03-30T22:32:20.040Z,"14 km SW of Sarangani, Philippines",earthquake,8.02,6.083,0.076,51,reviewed,us,us
2024-01-23T14:30:17.986Z,6.1179,125.9406,148.334,4.5,mb,43,65,1.011,0.63,us,us7000lu50,2024-03-30T22:34:13.040Z,"26 km E of Lamitan, Philippines",earthquake,6.66,6.31,0.096,37,reviewed,us,us
2024-01-24T16:35:53.551Z,6.0303,126.0437,152.676,4.3,mb,25,148,1.131,0.7,us,us7000lurf,2024-03-30T22:34:58.040Z,"38 km E of Lamitan, Philippines",earthquake,11.69,7.718,0.16,11,reviewed,us,us
2024-01-27T18:29:49.816Z,4.5353,125.7835,163.893,5,mb,112,56,2.526,0.72,us,us7000ludp,2024-03-30T22:34:31.040Z,"102 km SSE of Sarangani, Philippines",earthquake,7.25,5.04,0.057,105,reviewed,us,us
2024-01-27T18:45:25.411Z,5.0869,125.5611,181.731,4.5,mb,39,85,1.97,0.57,us,us7000lvuq,2024-03-30T22:35:19.040Z,"36 km SSE of Sarangani, Philippines",earthquake,7.92,7.02,0.103,29,reviewed,us,us
2024-01-29T12:06:49.068Z,6.4106,123.9539,543.409,4.2,mb,25,148,6.142,0.55,us,us7000lwfa,2024-04-13T19:26:25.040Z,"10 km WSW of Sangay, Philippines",earthquake,15.27,12.56,0.127,17,reviewed,us,us
2024-02-01T13:24:39.891Z,4.8476,126.0421,79.771,4.4,mb,29,118,4.259,0.64,us,us7000lvvi,2024-04-13T19:32:41.040Z,"88 km SE of Sarangani, Philippines",earthquake,9.92,7.225,0.12,21,reviewed,us,us
2024-02-03T18:43:53.008Z,6.6033,126.0614,71.748,4.5,mb,54,57,0.666,0.58,us,us7000lwss,2024-04-13T19:36:52.040Z,"5 km SSW of Sigaboy, Philippines",earthquake,9.26,6.696,0.084,44,reviewed,us,us
2024-02-04T01:33:29.926Z,6.4897,126.2608,88.15,4.4,mb,26,123,0.889,1.03,us,us7000lxt9,2024-04-13T19:37:10.040Z,"15 km E of Nangan, Philippines",earthquake,9.21,8.47,0.149,18,reviewed,us,us
2024-02-06T13:17:25.762Z,5.6861,125.7994,99.036,4.3,mb,60,106,1.392,0.85,us,us7000ly1b,2024-04-20T19:33:25.040Z,"31 km SE of Caburan, Philippines",earthquake,7.43,6.784,0.08,48,reviewed,us,us
2024-02-06T15:09:55.514Z,4.5151,125.3336,185.57,4.3,mb,30,64,4.237,0.4,us,us7000ly1m,2024-04-20T19:33:29.040Z,"99 km S of Sarangani, Philippines",earthquake,9.36,7.464,0.114,25,reviewed,us,us
2024-02-07T19:49:38.050Z,6.5541,125.8869,76.5,4.6,mb,75,93,0.596,0.6,us,us7000lxls,2024-04-20T19:33:56.040Z,"23 km W of Magdug, Philippines",earthquake,9.38,5.563,0.058,89,reviewed,us,us
2024-02-09T08:54:23.155Z,5.8944,123.9888,530.677,4.3,mb,25,107,6.104,0.65,us,us7000lz6q,2024-04-20T19:34:33.040Z,"41 km SSW of Palimbang, Philippines",earthquake,11.55,8.69,0.122,19,reviewed,us,us
2024-02-10T17:03:30.752Z,5.7765,125.796,92.374,4.6,mb,89,102,1.303,0.74,us,us7000lybv,2024-04-20T19:35:15.040Z,"23 km SE of Caburan, Philippines",earthquake,7.06,6.03,0.061,88,reviewed,us,us
2024-02-12T15:04:45.298Z,6.5779,125.9575,75.426,4.4,mb,56,97,0.616,0.69,us,us7000lypr,2024-04-24T14:42:01.040Z,"15 km WSW of Sigaboy, Philippines",earthquake,10.92,6.321,0.087,38,reviewed,us,us
2024-02-13T00:34:07.134Z,5.0873,125.3865,10.431,4.9,mb,95,101,1.979,0.54,us,us7000lyu3,2024-04-24T14:42:01.040Z,"35 km SSW of Sarangani, Philippines",earthquake,6.96,3.675,0.062,82,reviewed,us,us
2024-02-15T22:45:22.227Z,6.9967,125.7293,535.905,4.1,mb,21,159,0.166,0.62,us,us7000m0e0,2024-04-24T14:42:06.040Z,"8 km SSE of Samal, Philippines",earthquake,14.27,11.562,0.139,14,reviewed,us,us
2024-03-02T09:06:55.720Z,7.3398,124.7203,12.919,4.3,mb,19,103,0.893,0.5,us,us7000m3wy,2024-05-10T21:26:02.040Z,"8 km WSW of Liliongan, Philippines",earthquake,5.41,4.74,0.217,9,reviewed,us,us
2024-03-04T13:59:07.173Z,7.0711,123.6493,34.812,4.6,mb,78,62,1.915,0.74,us,us6000mgn5,2024-05-15T17:35:06.040Z,"48 km SSE of Malim, Philippines",earthquake,7.02,4.721,0.071,59,reviewed,us,us
2024-03-04T21:15:20.817Z,5.9286,125.6375,188.887,4.7,mb,131,74,1.135,0.84,us,us6000mgrc,2024-05-15T17:35:06.040Z,"1 km NNW of Caburan, Philippines",earthquake,8.22,4.45,0.051,115,reviewed,us,us
2024-03-07T03:30:13.827Z,5.1726,125.9703,111.162,4.7,mb,95,91,1.924,0.98,us,us7000m3tr,2024-05-15T17:35:04.040Z,"61 km ESE of Sarangani, Philippines",earthquake,6.62,6.652,0.063,76,reviewed,us,us
2024-03-07T10:14:58.381Z,6.362,125.9614,77.804,4.5,mb,42,76,0.799,0.68,us,us7000m3us,2024-05-15T17:35:03.040Z,"20 km W of Surup, Philippines",earthquake,9.66,4.251,0.113,27,reviewed,us,us
2024-03-12T04:21:38.254Z,5.3658,126.1959,122.374,4.4,mb,40,127,1.8,0.58,us,us6000mjll,2024-05-18T21:23:44.040Z,"81 km E of Sarangani, Philippines",earthquake,10.47,7.471,0.115,22,reviewed,us,us
2024-03-13T15:25:51.506Z,6.4958,125.7493,151.622,4.6,mb,33,101,0.595,0.76,us,us6000mjt0,2024-05-18T21:23:56.040Z,"17 km ENE of Malita, Philippines",earthquake,12.31,7.973,0.112,24,reviewed,us,us
2024-03-17T06:15:34.251Z,6.4888,126.0652,35,4.4,mb,16,187,0.752,0.57,us,us6000mka7,2024-05-18T21:24:20.040Z,"4 km SW of Luzon, Philippines",earthquake,6.89,1.982,0.17,10,reviewed,us,us
2024-03-17T19:31:13.908Z,4.8928,126.0525,95.074,4.5,mb,76,122,2.213,0.85,us,us6000mjh7,2024-05-18T21:23:39.040Z,"86 km SE of Sarangani, Philippines",earthquake,8.92,7.054,0.054,101,reviewed,us,us
2024-03-23T01:53:49.604Z,6.0647,123.8885,553.226,4,mb,40,119,5.815,0.77,us,us6000mkmv,2024-05-27T14:19:22.040Z,"36 km WSW of Palimbang, Philippines",earthquake,15.1,11.439,0.104,27,reviewed,us,us
2024-04-04T15:10:48.324Z,5.6722,125.4013,77.408,4.6,mb,31,112,1.4,0.68,us,us7000mbp4,2024-06-12T21:51:59.040Z,"5 km NW of Nuing, Philippines",earthquake,9.27,4.953,0.114,23,reviewed,us,us
2024-04-06T09:32:53.318Z,5.4354,126.3625,109.123,4.5,mb,56,115,1.801,0.47,us,us7000maf6,2024-06-12T21:51:55.040Z,"96 km SE of Caburan, Philippines",earthquake,7.26,6.699,0.084,43,reviewed,us,us
2024-04-11T03:33:57.207Z,7.6449,126.1637,10,5.2,mww,95,78,0.814,1.09,us,us7000mbbc,2024-06-17T02:15:08.040Z,"5 km NE of Bantacan, Philippines",earthquake,6.65,1.537,0.069,20,reviewed,us,us
2024-04-12T18:38:45.738Z,4.8148,125.7359,152.613,4.1,mb,15,136,4.334,0.9,us,us7000md6r,2024-06-17T02:15:17.040Z,"71 km SSE of Sarangani, Philippines",earthquake,14.34,11.221,0.197,9,reviewed,us,us
2024-04-14T12:37:24.032Z,7.4806,126.4516,8.147,4.3,mb,16,128,0.957,0.53,us,us7000mdvq,2024-06-17T02:15:34.040Z,"9 km SSW of Batiano, Philippines",earthquake,6.48,4.049,0.129,17,reviewed,us,us
2024-04-15T11:11:40.956Z,5.4929,123.8981,506.363,4.2,mb,45,88,2.29,0.58,us,us7000mc62,2024-06-25T21:02:43.040Z,"85 km SSW of Palimbang, Philippines",earthquake,11.81,7.987,0.094,31,reviewed,us,us
2024-04-24T21:17:46.665Z,5.3675,123.7772,518.086,4.1,mb,87,67,2.463,0.55,us,us6000mtk6,2024-07-02T22:12:52.040Z,"103 km SSW of Palimbang, Philippines",earthquake,11.03,7.453,0.062,71,reviewed,us,us
2024-04-29T22:24:17.950Z,5.1549,125.9794,84.307,4.4,mb,46,104,1.943,0.63,us,us6000mv2a,2024-07-15T03:58:51.040Z,"63 km ESE of Sarangani, Philippines",earthquake,9.49,6.098,0.086,39,reviewed,us,us
2024-05-07T13:12:56.228Z,5.729,124.6392,50.41,5,mww,175,36,1.627,0.73,us,us6000mwy9,2024-07-20T22:20:02.040Z,"25 km SSW of Maan, Philippines",earthquake,3.1,4.684,0.086,13,reviewed,us,us
2024-05-13T18:26:10.528Z,7.5865,126.1583,15.302,4.6,mb,61,96,0.771,0.51,us,us6000mybt,2024-07-26T23:58:08.040Z,"3 km ESE of Bantacan, Philippines",earthquake,6.58,4.918,0.084,42,reviewed,us,us
2024-05-14T13:39:53.079Z,5.9883,126.1987,104.686,4.4,mb,40,110,1.238,0.45,us,us6000n02h,2024-07-26T23:58:08.040Z,"41 km S of Pondaguitan, Philippines",earthquake,9.96,7.307,0.096,33,reviewed,us,us
2024-05-22T17:20:05.159Z,4.8241,126.2396,73.129,4.4,mb,40,75,2.326,0.78,us,us7000mntr,2024-08-06T02:09:47.040Z,"107 km SE of Sarangani, Philippines",earthquake,8.59,6.134,0.105,26,reviewed,us,us
2024-05-26T03:59:18.675Z,6.137,125.8919,147.769,4.7,mb,63,69,0.977,0.76,us,us6000n11e,2024-08-06T02:09:38.040Z,"21 km E of Lapuan, Philippines",earthquake,5.46,5.227,0.078,49,reviewed,us,us
2024-05-27T11:40:12.841Z,7.4463,124.7104,13.577,4.4,mb,21,108,0.94,0.59,us,us7000mq2g,2024-08-06T20:32:51.040Z,"5 km SSW of Banisilan, Philippines",earthquake,7.91,4.652,0.154,12,reviewed,us,us
2024-05-28T13:14:36.659Z,5.4185,126.4129,10.542,4.6,mb,32,114,7.064,0.78,us,us7000mqa5,2024-08-06T20:32:51.040Z,"101 km ESE of Caburan, Philippines",earthquake,4.61,4.525,0.114,25,reviewed,us,us
2024-05-30T15:05:49.267Z,5.2032,126.1199,10,4.6,mb,20,135,1.931,0.68,us,us7000mqne,2024-08-06T20:32:51.040Z,"76 km ESE of Sarangani, Philippines",earthquake,13.29,1.898,0.165,12,reviewed,us,us
2024-05-30T22:54:37.665Z,5.6407,126.0584,105.577,4.8,mww,112,47,1.497,0.64,us,us7000mp3p,2024-08-06T20:32:48.040Z,"55 km ESE of Caburan, Philippines",earthquake,6.86,5.129,0.086,13,reviewed,us,us
2024-06-04T11:57:32.154Z,5.7362,126.2053,100.766,4.2,mb,15,90,1.464,0.56,us,us7000mrr0,2024-08-16T21:59:22.040Z,"64 km ESE of Mangili, Philippines",earthquake,11.66,8.086,0.167,10,reviewed,us,us
2024-06-06T15:11:26.981Z,4.8079,126.1105,78.534,4.5,mb,25,118,6.465,0.72,us,us7000ms6v,2024-08-16T21:59:23.040Z,"97 km SE of Sarangani, Philippines",earthquake,12.12,8.906,0.131,17,reviewed,us,us
2024-06-07T06:17:54.382Z,4.8208,125.3795,9.732,4.2,mb,15,133,2.243,0.43,us,us7000mscb,2024-08-16T21:59:23.040Z,"65 km S of Sarangani, Philippines",earthquake,10.02,4.731,0.176,9,reviewed,us,us
2024-06-08T13:07:19.775Z,6.6732,123.7476,10.703,4.8,mb,108,41,1.861,0.69,us,us7000mr6i,2024-08-16T21:59:22.040Z,"31 km W of Taguisa, Philippines",earthquake,7.52,4.092,0.061,91,reviewed,us,us
2024-06-09T01:04:45.532Z,4.8573,126.0864,96.521,4.7,mb,85,72,2.255,1.13,us,us7000mr98,2024-08-16T21:59:23.040Z,"91 km SE of Sarangani, Philippines",earthquake,8.1,5.534,0.048,132,reviewed,us,us
2024-06-13T19:44:01.649Z,5.5951,125.9799,111.276,4.5,mb,67,110,1.518,0.92,us,us7000ms8p,2024-08-23T18:03:51.040Z,"51 km SE of Caburan, Philippines",earthquake,7.75,7.294,0.063,73,reviewed,us,us
2024-06-14T11:09:14.443Z,5.2248,125.9101,93.94,4.4,mb,45,88,4.656,1.15,us,us7000msdc,2024-08-23T18:03:57.040Z,"53 km ESE of Sarangani, Philippines",earthquake,9.63,7.611,0.092,34,reviewed,us,us
2024-06-16T11:49:04.817Z,4.8219,125.2875,58.813,4.9,mb,65,80,2.252,0.59,us,us7000mssz,2024-08-23T18:04:28.040Z,"67 km SSW of Sarangani, Philippines",earthquake,7.12,5.516,0.051,120,reviewed,us,us
2024-06-22T16:09:23.654Z,5.1831,125.9944,10.544,4.5,mb,23,127,1.919,0.81,us,us6000n8xe,2024-08-30T18:17:06.040Z,"63 km ESE of Sarangani, Philippines",earthquake,8.79,3.639,0.139,15,reviewed,us,us
2024-06-26T07:18:07.171Z,5.6364,125.6322,202.604,4.5,mb,43,83,1.425,0.88,us,us6000n88a,2024-09-04T21:57:41.040Z,"17 km ESE of Kalbay, Philippines",earthquake,9.97,7.16,0.091,35,reviewed,us,us
2024-06-28T10:03:10.713Z,5.8251,125.2739,10,4.3,mb,12,182,1.273,0.63,us,us7000mx82,2024-09-04T21:57:43.040Z,"5 km WSW of Kiupo, Philippines",earthquake,11.68,1.973,0.178,9,reviewed,us,us
2024-06-30T16:06:37.072Z,6.0254,123.8748,530.12,4.4,mb,51,86,1.986,0.8,us,us6000n9ft,2024-09-04T21:57:45.040Z,"40 km WSW of Palimbang, Philippines",earthquake,13,8.85,0.082,43,reviewed,us,us
2024-07-11T02:13:18.585Z,6.0838,123.1503,639.503,7.1,mww,401,17,2.604,0.84,us,us7000myfa,2024-10-08T21:28:11.485Z,"106 km WSW of Sangay, Philippines",earthquake,8.06,4.43,0.055,32,reviewed,us,us
2024-07-13T16:12:51.061Z,4.8663,126.2235,82.893,4.5,mb,115,53,2.281,0.91,us,us7000mz2t,2024-09-20T16:00:55.040Z,"103 km SE of Sarangani, Philippines",earthquake,3.45,5.26,0.057,101,reviewed,us,us
2024-07-19T06:19:31.120Z,6.8522,123.7377,10.194,4.9,mb,54,101,1.841,0.98,us,us7000n077,2024-09-28T22:42:30.040Z,"31 km W of Gadung, Philippines",earthquake,6.79,3.413,0.063,80,reviewed,us,us
2024-07-22T07:43:45.839Z,7.7878,126.0357,10,4.5,mb,18,125,0.845,0.56,us,us6000ni7y,2024-10-08T21:49:14.005Z,"3 km SW of Monkayo, Philippines",earthquake,7.97,1.704,0.163,11,reviewed,us,us
2024-07-29T11:27:55.434Z,4.7254,126.2064,98.487,4.5,mb,33,80,2.411,0.9,us,us6000nk5a,2024-10-11T19:39:11.040Z,"111 km SE of Sarangani, Philippines",earthquake,5.82,7.773,0.115,25,reviewed,us,us
2024-07-30T10:36:20.541Z,6.2936,126.1023,60.782,4.6,mb,42,114,0.93,0.47,us,us6000ngvb,2024-10-11T19:39:06.040Z,"11 km SW of Pondaguitan, Philippines",earthquake,8.9,3.875,0.101,29,reviewed,us,us
2024-08-01T20:47:48.058Z,5.154,125.941,90.502,4.4,mb,43,109,1.937,0.63,us,us6000nhg8,2024-10-11T19:39:08.040Z,"59 km ESE of Sarangani, Philippines",earthquake,6.89,8.343,0.103,27,reviewed,us,us
2024-08-03T02:19:18.554Z,7.908,126.411,88.165,4.4,mb,38,105,1.172,0.56,us,us7000n8mc,2024-10-11T19:39:13.040Z,"6 km NE of Boston, Philippines",earthquake,7.87,7.169,0.117,23,reviewed,us,us
2024-08-03T23:16:58.402Z,4.5826,125.7217,180.366,4.1,mb,23,159,2.475,0.41,us,us7000n8ng,2024-10-11T19:39:13.040Z,"95 km SSE of Sarangani, Philippines",earthquake,11.03,9.54,0.139,14,reviewed,us,us
2024-08-05T14:25:23.055Z,7.2731,126.4696,165.283,4.4,mb,19,158,0.906,0.35,us,us7000n90i,2024-10-24T17:58:56.040Z,"9 km SW of San Pedro, Philippines",earthquake,13.72,8.311,0.19,8,reviewed,us,us
2024-08-10T14:08:49.951Z,5.9784,125.8662,156.374,4.2,mb,27,113,1.121,0.47,us,us6000npba,2024-10-24T17:58:36.040Z,"20 km E of Mangili, Philippines",earthquake,10.13,6.738,0.11,24,reviewed,us,us
2024-08-16T05:48:28.426Z,4.9416,125.6433,186.825,4.5,mb,46,107,2.115,0.82,us,us7000n7d0,2024-10-26T15:48:57.040Z,"54 km SSE of Sarangani, Philippines",earthquake,6.11,7.778,0.085,41,reviewed,us,us
2024-08-20T04:14:08.922Z,4.9642,126.0954,10,4.2,mb,20,147,2.154,0.5,us,us7000ndar,2024-11-02T21:29:14.040Z,"85 km SE of Sarangani, Philippines",earthquake,11.84,1.582,0.159,11,reviewed,us,us
2024-08-21T08:46:31.848Z,5.9434,125.6205,91.89,4.4,mb,28,123,1.12,1.15,us,us7000ndjb,2024-11-02T21:29:24.040Z,"3 km NW of Caburan, Philippines",earthquake,10.47,8.22,0.119,20,reviewed,us,us
2024-08-26T17:22:28.361Z,6.1449,125.8773,141.802,4.6,mb,55,93,0.965,0.97,us,us6000nmwu,2024-11-09T21:18:23.040Z,"19 km E of Lapuan, Philippines",earthquake,9.35,6.537,0.051,116,reviewed,us,us
2024-08-28T15:47:44.635Z,5.4625,124.9552,65.666,4.8,mb,121,68,1.713,0.72,us,us6000nn86,2024-11-09T21:18:34.040Z,"43 km SW of Burias, Philippines",earthquake,7.39,6.176,0.053,110,reviewed,us,us
2024-08-30T06:15:50.083Z,6.0817,125.9601,135.055,4.6,mb,34,90,1.052,0.73,us,us6000nnmk,2024-11-09T21:18:45.040Z,"28 km E of Lamitan, Philippines",earthquake,10.57,6.877,0.061,81,reviewed,us,us
2024-08-31T08:10:30.090Z,7.7758,124.6273,9.032,4.5,mb,20,105,1.176,0.68,us,us7000ngef,2024-11-09T21:19:29.040Z,"10 km W of Kimanuit, Philippines",earthquake,9.41,5.122,0.15,13,reviewed,us,us
2024-09-01T00:49:26.519Z,4.8108,125.3428,10,5,mb,85,106,2.256,0.79,us,us6000nny2,2024-11-09T21:18:58.040Z,"66 km SSW of Sarangani, Philippines",earthquake,8.58,1.897,0.065,76,reviewed,us,us
2024-09-01T07:59:07.956Z,4.7148,125.1867,10,4.4,mb,19,136,2.372,0.92,us,us7000ngey,2024-11-09T21:19:32.040Z,"82 km SSW of Sarangani, Philippines",earthquake,9.57,1.929,0.144,14,reviewed,us,us
2024-09-03T13:36:41.728Z,5.3427,126.3604,11.086,4.8,mb,117,104,1.883,0.67,us,us6000npha,2024-11-15T16:19:51.040Z,"99 km E of Sarangani, Philippines",earthquake,6.8,4.054,0.055,113,reviewed,us,us
2024-09-06T07:39:46.828Z,5.6967,125.0407,80.511,4.7,mb,39,102,1.465,0.75,us,us6000nq0g,2024-11-15T16:19:59.040Z,"17 km S of Malbang, Philippines",earthquake,8.63,7.764,0.068,66,reviewed,us,us
2024-09-08T11:03:20.129Z,5.7845,126.286,113.935,4.6,mb,49,107,1.457,0.9,us,us6000nqgd,2024-11-15T16:20:07.040Z,"64 km S of Pondaguitan, Philippines",earthquake,9.31,7.237,0.057,94,reviewed,us,us
2024-09-10T20:05:31.014Z,5.3282,125.0906,37.891,4.4,mb,51,122,1.797,1.17,us,us7000ncx9,2024-11-21T22:58:55.040Z,"39 km SW of Balangonan, Philippines",earthquake,10.92,6.172,0.086,39,reviewed,us,us
2024-09-23T01:48:36.469Z,5.622,124.4254,35,4.1,mb,14,125,1.839,0.69,us,us7000ngu4,2024-12-06T19:30:17.040Z,"46 km SSW of Kiamba, Philippines",earthquake,15.2,1.966,0.165,10,reviewed,us,us
2024-09-27T15:08:40.721Z,7.8256,126.4834,101.27,4.3,mb,31,128,1.17,0.9,us,us6000nzk7,2024-12-06T19:30:14.040Z,"5 km NE of Cateel, Philippines",earthquake,9.03,8.648,0.113,22,reviewed,us,us
2024-10-02T20:44:00.077Z,5.7471,125.9934,101.321,4.5,mb,49,119,1.377,0.55,us,us6000nw62,2024-12-14T14:50:21.040Z,"43 km ESE of Caburan, Philippines",earthquake,12.29,6.246,0.089,37,reviewed,us,us
2024-10-03T20:05:13.564Z,5.7495,126.1932,114.378,4.7,mb,60,83,1.446,0.72,us,us6000nwde,2024-12-14T14:50:27.040Z,"62 km ESE of Mangili, Philippines",earthquake,8.75,5.824,0.072,59,reviewed,us,us
2024-10-04T21:21:12.003Z,4.8966,126.1748,98.963,4.7,mb,93,96,2.239,0.61,us,us6000nwls,2024-12-14T14:50:33.040Z,"96 km SE of Sarangani, Philippines",earthquake,7.58,5.936,0.063,76,reviewed,us,us
2024-10-05T20:22:56.840Z,6.7884,125.6784,49.329,4.4,mb,21,125,0.296,0.84,us,us7000nmxr,2024-12-14T14:51:32.040Z,"18 km SW of San Remigio, Philippines",earthquake,9.29,5.752,0.144,15,reviewed,us,us
2024-10-07T01:00:07.713Z,6.666,125.8758,10,4.5,mb,18,118,0.497,0.54,us,us6000nwzw,2024-12-23T15:45:42.040Z,"21 km W of Sigaboy, Philippines",earthquake,5.41,1.934,0.136,16,reviewed,us,us
2024-10-07T20:20:26.287Z,7.4416,126.2046,10,4.9,mb,38,107,0.722,1.04,us,us6000nx4s,2024-12-23T15:45:54.040Z,"19 km SSE of Bantacan, Philippines",earthquake,9.36,1.877,0.108,27,reviewed,us,us
2024-10-11T01:38:08.294Z,5.28,125.9454,114.291,4.3,mb,31,115,1.815,1.14,us,us6000ny00,2024-12-23T15:46:41.040Z,"55 km ESE of Sarangani, Philippines",earthquake,10.14,8.536,0.111,26,reviewed,us,us
2024-10-17T09:58:04.340Z,5.9769,125.9122,147.032,4.6,mb,56,98,1.135,1,us,us6000nzar,2024-12-26T23:03:35.040Z,"25 km E of Mangili, Philippines",earthquake,7.27,6.916,0.078,49,reviewed,us,us
2024-10-17T15:33:00.777Z,4.9697,125.1377,222.192,4.3,mb,55,71,2.132,0.81,us,us6000nzcv,2024-12-26T23:03:32.040Z,"60 km SW of Sarangani, Philippines",earthquake,7.75,6.385,0.081,43,reviewed,us,us
2024-10-22T18:14:17.547Z,5.6923,126.344,10,4.5,mb,36,128,1.565,0.71,us,us7000nr6m,2025-01-04T23:08:42.040Z,"76 km SSE of Pondaguitan, Philippines",earthquake,10.59,1.813,0.108,25,reviewed,us,us
2024-11-01T23:00:03.112Z,7.401,126.1641,10,4.6,mb,57,115,0.667,0.74,us,us7000npgq,2025-01-16T18:46:36.040Z,"21 km ESE of San Mariano, Philippines",earthquake,4.71,1.888,0.083,43,reviewed,us,us
2024-11-07T02:47:08.046Z,5.1817,123.4747,563.334,4.2,mb,33,120,4.856,0.46,us,us6000p725,2025-01-24T19:51:10.040Z,"138 km SW of Palimbang, Philippines",earthquake,12.87,10.245,0.108,24,reviewed,us,us
2024-11-11T16:10:23.733Z,5.388,125.9683,143.704,4.4,mb,20,137,1.715,1,us,us7000nuqe,2025-01-26T16:30:48.040Z,"55 km E of Sarangani, Philippines",earthquake,11.65,9.64,0.155,12,reviewed,us,us
2024-11-13T18:11:43.490Z,6.5513,125.7675,168.55,4.3,mb,15,161,0.548,0.51,us,us7000nuwv,2025-01-26T16:30:57.040Z,"22 km NE of Malita, Philippines",earthquake,15.19,6.809,0.168,11,reviewed,us,us
2024-11-15T15:27:42.001Z,4.8002,125.5451,85.781,4.4,mb,26,117,2.255,1.15,us,us7000nrzu,2025-01-26T16:30:06.040Z,"67 km S of Sarangani, Philippines",earthquake,10.1,6.972,0.12,20,reviewed,us,us
2024-11-19T08:34:02.404Z,6.1462,126.1658,105.102,5.1,mww,110,29,1.087,0.96,us,us7000nskr,2025-01-30T17:00:35.040Z,"23 km S of Pondaguitan, Philippines",earthquake,7.26,2.026,0.066,22,reviewed,us,us
2024-11-21T06:15:50.128Z,5.9993,126.0068,139.926,4.1,mb,17,143,1.145,0.44,us,us7000nwis,2025-01-30T17:00:36.040Z,"35 km ESE of Lamitan, Philippines",earthquake,11.37,6.894,0.151,12,reviewed,us,us
2024-11-23T21:47:51.786Z,5.7972,124.3072,437.462,4.4,mb,70,64,1.788,0.87,us,us6000p7bd,2025-01-30T17:00:33.040Z,"33 km SSW of Mabay, Philippines",earthquake,11.28,7.778,0.068,63,reviewed,us,us
2024-11-26T03:33:01.105Z,4.7624,126.1492,111.608,4.4,mb,51,103,2.361,0.73,us,us7000nxui,2025-02-02T00:54:55.040Z,"103 km SE of Sarangani, Philippines",earthquake,8.02,6.863,0.082,43,reviewed,us,us
2024-11-30T16:10:41.929Z,6.2665,123.3551,10,4.5,mb,74,43,2.349,0.53,us,us7000nv5u,2025-02-02T00:54:12.040Z,"78 km WSW of Sangay, Philippines",earthquake,5.32,1.851,0.072,62,reviewed,us,us
2024-12-03T16:09:11.776Z,4.8557,126.4225,14.196,5.1,mww,239,26,0.948,0.64,us,us7000nvnb,2025-02-15T18:29:14.040Z,"122 km ESE of Sarangani, Philippines",earthquake,4.63,3.01,0.062,25,reviewed,us,us
2024-12-05T04:43:26.754Z,5.9941,125.7448,172.797,4.4,mb,22,127,1.081,0.77,us,us7000nzt7,2025-02-15T18:31:32.040Z,"6 km E of Mangili, Philippines",earthquake,12.79,9.783,0.13,17,reviewed,us,us
2024-12-11T03:27:57.933Z,5.6886,126.181,113.273,4.5,mb,26,86,1.497,1.06,us,us7000nxrl,2025-02-18T20:02:54.040Z,"64 km ESE of Caburan, Philippines",earthquake,8.98,9.106,0.116,22,reviewed,us,us
2024-12-26T05:55:25.329Z,6.4386,126.1293,66.978,4.6,mb,33,111,0.832,0.49,us,us6000pfnl,2025-03-08T22:39:10.040Z,"3 km S of Nangan, Philippines",earthquake,9.73,8.356,0.111,24,reviewed,us,us
2025-01-04T05:42:58.606Z,7.3151,123.6156,10,4.1,mb,19,106,1.963,0.94,us,us6000pkew,2025-03-17T21:34:33.040Z,"25 km SE of Malim, Philippines",earthquake,9.26,1.922,0.158,11,reviewed,us,us
2025-01-04T13:57:33.463Z,4.7057,126.4071,87.575,4.4,mb,37,103,2.488,0.87,us,us6000phut,2025-03-17T21:34:36.040Z,"129 km SE of Sarangani, Philippines",earthquake,9.27,8.607,0.105,26,reviewed,us,us
2025-01-09T19:11:11.518Z,5.7029,126.4539,155.3,4.5,mb,54,96,1.612,0.8,us,us6000pj06,2025-03-20T20:54:56.040Z,"78 km SSE of Pondaguitan, Philippines",earthquake,8.4,1.923,0.076,51,reviewed,us,us
2025-01-13T00:19:47.641Z,6.6712,123.8527,541.546,5.4,mww,123,24,1.759,0.63,us,us6000pjlq,2025-03-20T20:55:17.040Z,"20 km W of Taguisa, Philippines",earthquake,9.63,5.69,0.083,14,reviewed,us,us
2025-01-13T00:21:17.635Z,6.6151,123.9218,552.886,4.8,mb,61,88,1.706,0.57,us,us6000pjn1,2025-03-20T20:55:19.040Z,"15 km NW of Bantogon, Philippines",earthquake,12.89,6.514,0.128,19,reviewed,us,us
2025-01-13T00:21:36.122Z,6.7145,123.9153,552.944,4.8,mb,50,109,1.689,0.52,us,us6000plvw,2025-03-20T20:55:46.040Z,"13 km W of Taguisa, Philippines",earthquake,11.99,8.286,0.094,35,reviewed,us,us
2025-01-13T11:41:09.141Z,5.5763,125.0964,37.472,5,mb,84,42,0.92,0.63,us,us6000pjnv,2025-03-20T20:55:20.040Z,"23 km SW of Burias, Philippines",earthquake,6.19,5.33,0.055,107,reviewed,us,us
2025-01-16T09:56:14.176Z,5.3612,126.4061,150.737,4.4,mb,35,88,1.115,0.81,us,us6000pm51,2025-03-29T22:12:46.040Z,"104 km E of Sarangani, Philippines",earthquake,8.26,7.825,0.105,26,reviewed,us,us
2025-01-16T20:42:33.882Z,6.0327,125.373,77.432,4,mb,24,131,1.05,0.51,us,us6000pm57,2025-03-29T22:12:46.040Z,"3 km SSW of Suyan, Philippines",earthquake,6.95,7.541,0.149,12,reviewed,us,us
2025-01-17T10:00:23.818Z,5.9466,126.0225,150.207,4.3,mb,37,93,1.199,0.66,us,us6000pmkt,2025-03-29T22:12:47.040Z,"38 km E of Mangili, Philippines",earthquake,8.42,7.565,0.111,25,reviewed,us,us
2025-01-20T03:46:57.993Z,5.7948,126.3955,82.586,4.5,mb,40,110,1.395,0.66,us,us6000pl5y,2025-03-29T22:12:44.040Z,"67 km SSE of Pondaguitan, Philippines",earthquake,7.02,7.517,0.094,33,reviewed,us,us
2025-01-21T08:51:04.184Z,6.5686,125.9065,76.637,4.2,mb,17,173,0.594,0.97,us,us7000pa4d,2025-03-29T22:12:48.040Z,"20 km WSW of Sigaboy, Philippines",earthquake,11.33,9.335,0.176,11,reviewed,us,us
2025-01-25T05:38:13.356Z,6.6174,123.9823,542.987,4.1,mb,28,144,2.392,0.9,us,us7000pb1k,2025-04-08T22:01:03.040Z,"9 km WNW of Limulan, Philippines",earthquake,15.44,11.626,0.12,21,reviewed,us,us
2025-01-27T06:40:43.420Z,7.3803,124.5001,399.952,4.5,mb,113,44,1.114,0.64,us,us6000pmiv,2025-04-08T22:01:01.040Z,"9 km NW of Alamada, Philippines",earthquake,9.74,3.417,0.051,114,reviewed,us,us
2025-01-29T04:37:29.365Z,7.5518,123.4787,10,4.6,mb,32,119,2.138,1.18,us,us7000pbud,2025-04-15T20:55:32.040Z,"11 km S of San Pablo, Philippines",earthquake,10.16,1.914,0.101,29,reviewed,us,us
2025-01-30T19:48:44.120Z,6.892,126.0956,76.662,4.5,mb,46,56,0.542,0.45,us,us7000pa5e,2025-04-15T20:55:25.040Z,"4 km ENE of Manikling, Philippines",earthquake,8.14,6.72,0.096,32,reviewed,us,us
2025-02-03T23:53:28.566Z,5.673,123.9953,521.781,4.2,mb,39,90,1.748,0.64,us,us7000pcys,2025-04-15T20:55:34.040Z,"63 km SSW of Palimbang, Philippines",earthquake,10.45,7.952,0.098,29,reviewed,us,us
2025-02-05T11:11:31.142Z,4.9771,124.0056,484.054,4.4,mb,37,93,1.488,0.72,us,us7000pdf1,2025-04-26T14:47:08.040Z,"129 km SSW of Maitum, Philippines",earthquake,14.03,9.174,0.101,28,reviewed,us,us
2025-02-14T02:04:10.279Z,6.8607,123.6543,10,4,mb,15,115,1.922,0.61,us,us7000pf8w,2025-05-02T16:26:22.040Z,"40 km W of Gadung, Philippines",earthquake,6.29,1.935,0.26,5,reviewed,us,us
2025-02-15T22:19:02.528Z,7.4928,124.6971,10,4.3,mb,18,137,0.971,0.77,us,us7000pfak,2025-05-02T16:26:23.040Z,"2 km W of Banisilan, Philippines",earthquake,8.49,1.934,0.16,11,reviewed,us,us
2025-02-25T14:23:03.878Z,4.5899,126.2828,74.186,4.1,mb,24,109,0.814,0.58,us,us6000px7r,2025-05-06T21:39:15.040Z,"127 km SE of Sarangani, Philippines",earthquake,7.2,8.414,0.13,17,reviewed,us,us
2025-03-04T01:42:22.745Z,6.7213,125.1352,17.179,5,mww,146,62,0.56,0.65,us,us6000pwqe,2025-05-08T19:24:46.040Z,"7 km SW of Magsaysay, Philippines",earthquake,6.72,3.823,0.083,14,reviewed,us,us
2025-03-06T13:40:25.416Z,7.5657,124.8748,14.142,4.6,mb,51,98,0.855,0.94,us,us6000px74,2025-05-16T17:30:02.040Z,"5 km SW of Kadingilan, Philippines",earthquake,7,4.284,0.081,49,reviewed,us,us
2025-03-07T16:53:59.992Z,7.4935,124.7296,10,4.8,mb,67,85,0.942,0.75,us,us6000pxh8,2025-05-16T17:30:02.040Z,"0 km ENE of Banisilan, Philippines",earthquake,6.94,1.833,0.058,100,reviewed,us,us
2025-03-08T09:13:26.721Z,7.3703,124.7197,11.472,4.3,mb,25,82,0.903,0.87,us,us6000pzcv,2025-05-16T17:30:06.040Z,"8 km W of Liliongan, Philippines",earthquake,4.76,4.987,0.133,16,reviewed,us,us
2025-03-17T23:04:35.490Z,5.5494,126.0931,129.301,4.5,mb,55,108,1.016,0.82,us,us6000pzg1,2025-05-17T19:20:00.040Z,"64 km SE of Caburan, Philippines",earthquake,7.63,6.988,0.087,39,reviewed,us,us
2025-03-19T02:13:55.553Z,6.5869,126.2713,38.048,4.2,mb,17,118,0.838,0.46,us,us7000pn3q,2025-05-29T17:36:33.040Z,"18 km ESE of Tibanbang, Philippines",earthquake,8.08,4.739,0.166,10,reviewed,us,us
2025-03-26T06:53:39.103Z,4.5016,124.5188,10,4.9,mb,77,38,0.984,0.89,us,us7000pmpc,2025-06-06T21:12:24.040Z,"144 km SW of Sarangani, Philippines",earthquake,3.44,1.812,0.058,92,reviewed,us,us
2025-03-28T08:33:16.920Z,6.4042,124.5678,10,4.2,mb,18,139,1.202,0.83,us,us6000q4jq,2025-06-06T21:12:21.040Z,"11 km WSW of Manuel Roxas, Philippines",earthquake,8.22,1.935,0.159,11,reviewed,us,us
2025-03-30T05:58:35.589Z,4.8185,126.3301,82.086,4.2,mb,35,108,0.852,0.95,us,us6000q4xz,2025-06-06T21:12:22.040Z,"115 km SE of Sarangani, Philippines",earthquake,6.53,7.88,0.103,26,reviewed,us,us
2025-03-31T09:47:24.858Z,5.4272,126.1544,101.406,4.4,mb,69,103,0.964,1.21,us,us6000q562,2025-06-06T21:12:22.040Z,"76 km E of Sarangani, Philippines",earthquake,6.65,5.762,0.075,51,reviewed,us,us
2025-04-08T19:25:55.660Z,4.6687,125.0956,12.773,5.1,mww,117,33,0.387,0.73,us,us6000q4sw,2025-06-09T13:38:44.040Z,"90 km SSW of Sarangani, Philippines",earthquake,6.14,3.832,0.062,25,reviewed,us,us
2025-04-09T04:05:01.526Z,5.4483,126.1605,78.032,4.4,mb,47,111,0.983,0.98,us,us7000puhj,2025-06-14T18:26:45.040Z,"77 km E of Sarangani, Philippines",earthquake,7.21,6.872,0.099,29,reviewed,us,us
2025-04-15T21:42:42.326Z,5.8038,124.2362,10,5.6,mww,90,38,1.632,0.46,us,us6000q6br,2025-06-14T18:26:44.040Z,"37 km SSW of Maguling, Philippines",earthquake,6,1.81,0.068,21,reviewed,us,us
2025-04-16T05:22:31.665Z,5.5317,126.3395,46.164,4.6,mb,50,111,1.168,0.66,us,us6000q6dq,2025-06-27T00:34:09.040Z,"88 km ESE of Caburan, Philippines",earthquake,6.1,6.16,0.087,40,reviewed,us,us
2025-04-19T07:44:21.540Z,5.6742,126.4816,107.379,4.3,mb,41,123,1.368,0.65,us,us6000q76s,2025-06-27T00:34:30.040Z,"83 km SSE of Pondaguitan, Philippines",earthquake,8.03,3.522,0.094,32,reviewed,us,us
2025-04-19T16:11:14.518Z,5.8328,124.1463,12,5.9,mww,174,15,1.719,0.71,us,us6000q78l,2025-07-02T16:31:38.737Z,"39 km SW of Malisbeng, Philippines",earthquake,5.43,1.713,0.039,63,reviewed,us,us
2025-04-19T16:42:04.212Z,5.8937,123.8755,10,4.2,mb,28,112,2.057,0.8,us,us7000pxa6,2025-06-27T00:35:06.040Z,"49 km SW of Palimbang, Philippines",earthquake,7.77,1.01,0.118,21,reviewed,us,us
2025-04-19T16:50:47.031Z,5.8558,124.2299,10,5.1,mww,182,22,1.671,1.17,us,us6000q78m,2025-06-27T00:34:33.040Z,"32 km SSW of Malisbeng, Philippines",earthquake,5.23,1.629,0.063,24,reviewed,us,us
2025-04-19T17:10:15.869Z,5.7443,124.0477,10,4.3,mb,36,100,1.744,1.18,us,us7000pxai,2025-06-27T00:35:06.040Z,"53 km SW of Malisbeng, Philippines",earthquake,5.59,1.899,0.1,28,reviewed,us,us
2025-04-19T17:37:11.031Z,5.8269,124.1032,14.473,5.3,mww,219,15,1.749,1.06,us,us6000q78s,2025-06-27T00:34:34.040Z,"42 km SW of Malisbeng, Philippines",earthquake,5.55,2.877,0.048,42,reviewed,us,us
2025-04-19T23:20:14.353Z,5.7423,124.0765,10,4.2,mb,26,120,1.719,1.28,us,us7000pxaj,2025-06-27T00:35:06.040Z,"51 km SW of Malisbeng, Philippines",earthquake,6.64,1.855,0.113,22,reviewed,us,us
2025-04-20T01:09:54.060Z,5.8601,124.1991,10,4.5,mb,30,131,1.696,0.73,us,us7000pxii,2025-06-27T00:35:08.040Z,"33 km SSW of Malisbeng, Philippines",earthquake,4.91,1.708,0.118,23,reviewed,us,us
2025-04-25T20:47:47.311Z,6.6843,123.8153,38.635,4.6,mb,127,38,1.793,0.57,us,us7000pv4c,2025-07-11T15:46:20.040Z,"24 km W of Taguisa, Philippines",earthquake,7.73,5.776,0.049,127,reviewed,us,us
2025-04-27T10:06:26.015Z,6.1037,125.1822,158.476,4.2,mb,20,133,1.037,0.92,us,us7000pz08,2025-07-11T15:46:25.040Z,"1 km SE of General Santos, Philippines",earthquake,10.08,7.684,0.132,16,reviewed,us,us
2025-04-29T12:54:36.177Z,5.4531,126.1341,123.885,4.2,mb,17,132,0.968,0.43,us,us7000pzdc,2025-07-11T15:46:26.040Z,"74 km E of Sarangani, Philippines",earthquake,7.69,5.589,0.175,9,reviewed,us,us
2025-04-30T15:53:49.164Z,4.8059,126.3043,10,4.4,mb,38,66,0.826,0.91,us,us7000pw3z,2025-07-12T16:30:40.040Z,"114 km SE of Sarangani, Philippines",earthquake,6.09,1.895,0.11,25,reviewed,us,us
2025-05-01T22:26:44.948Z,5.3918,126.029,95.538,4.9,mww,92,38,0.854,1.04,us,us7000pwgn,2025-07-12T16:30:41.040Z,"62 km E of Sarangani, Philippines",earthquake,6.75,5.96,0.089,12,reviewed,us,us
2025-05-03T09:17:51.268Z,4.8377,123.257,579.824,4.2,mb,101,46,2.217,0.9,us,us7000pwv7,2025-07-12T16:30:43.040Z,"183 km SW of Palimbang, Philippines",earthquake,10.85,8.824,0.053,99,reviewed,us,us
2025-05-03T09:17:55.360Z,5.2502,126.2905,74.238,4.3,mb,30,101,0.958,0.91,us,us7000q073,2025-07-12T16:30:49.040Z,"93 km E of Sarangani, Philippines",earthquake,7,8.527,0.107,25,reviewed,us,us
2025-05-13T12:30:23.432Z,5.6799,125.8014,145.957,4.4,mb,76,106,0.994,0.86,us,us7000pyz0,2025-07-24T21:30:16.040Z,"31 km SE of Caburan, Philippines",earthquake,5.75,4.968,0.065,69,reviewed,us,us
2025-05-19T03:41:29.696Z,7.4417,125.6982,66.405,4.9,mb,82,77,0.388,0.61,us,us7000q03f,2025-07-25T17:06:19.040Z,"5 km SSE of San Miguel, Philippines",earthquake,9.48,4.277,0.066,72,reviewed,us,us
2025-05-20T03:29:43.747Z,5.1744,123.7663,10,4.4,mb,24,68,1.762,0.81,us,us6000qhpt,2025-07-25T17:06:14.040Z,"123 km SSW of Malisbeng, Philippines",earthquake,6.63,1.893,0.138,15,reviewed,us,us
2025-05-26T04:13:20.450Z,6.6378,125.059,14.506,4.2,mb,11,135,0.671,0.71,us,us6000qjk7,2025-08-13T15:14:28.040Z,"9 km E of Telafas, Philippines",earthquake,5.81,5.884,0.2,7,reviewed,us,us
2025-05-26T10:48:08.647Z,5.7863,126.1918,102.636,4.9,mb,77,46,1.265,1.14,us,us7000q1iq,2025-08-13T15:14:33.040Z,"61 km ESE of Mangili, Philippines",earthquake,6.7,6.638,0.047,140,reviewed,us,us
2025-05-26T17:07:13.944Z,6.4718,126.1976,73.23,4.4,mb,44,61,0.854,0.78,us,us7000q1m5,2025-08-13T15:14:33.040Z,"8 km E of Nangan, Philippines",earthquake,5.76,7.611,0.087,38,reviewed,us,us
2025-05-28T21:36:51.061Z,5.2649,126,92.709,4.2,mb,31,110,0.741,0.51,us,us6000qjux,2025-08-16T21:54:17.040Z,"61 km ESE of Sarangani, Philippines",earthquake,5.57,6.851,0.11,23,reviewed,us,us
2025-06-05T03:39:04.379Z,6.3252,125.8064,130.338,4.2,mb,19,102,0.773,1.04,us,us6000qlfu,2025-08-20T16:09:01.040Z,"16 km ENE of Talagutong, Philippines",earthquake,10.74,6.994,0.152,12,reviewed,us,us
2025-06-09T18:12:47.450Z,4.9046,126.1883,89.617,4.4,mb,55,109,0.727,0.75,us,us6000qj7b,2025-08-20T16:08:59.040Z,"97 km SE of Sarangani, Philippines",earthquake,7.6,6.736,0.086,39,reviewed,us,us
2025-06-11T04:59:25.116Z,7.7792,126.2481,10,4.3,mb,14,197,0.968,0.94,us,us7000q8rh,2025-08-22T20:26:04.040Z,"16 km SW of Boston, Philippines",earthquake,8.42,1.931,0.188,8,reviewed,us,us
2025-06-12T10:17:13.142Z,5.7139,123.9966,520.692,4.4,mb,78,35,1.769,0.65,us,us6000qjsl,2025-08-22T20:25:59.040Z,"58 km SSW of Palimbang, Philippines",earthquake,10.94,7.338,0.072,56,reviewed,us,us
2025-06-12T14:38:25.628Z,5.2363,125.3653,30.268,5,mb,67,48,0.513,0.83,us,us6000qjtq,2025-08-22T20:25:59.040Z,"21 km SSW of Sarangani, Philippines",earthquake,6.4,4.43,0.046,150,reviewed,us,us
2025-06-12T18:55:07.310Z,5.0719,125.6202,43.832,4.4,mb,39,60,0.365,0.71,us,us6000qjwn,2025-08-22T20:25:59.040Z,"40 km SSE of Sarangani, Philippines",earthquake,7.08,5.891,0.102,28,reviewed,us,us
2025-06-12T19:23:09.238Z,5.096,125.2731,40.915,4.3,mb,36,116,0.415,0.68,us,us6000qjww,2025-08-22T20:25:59.040Z,"40 km SSW of Sarangani, Philippines",earthquake,7.11,4.22,0.109,24,reviewed,us,us
2025-06-13T08:13:18.068Z,5.2501,125.1041,10,4.9,mb,63,60,0.635,0.98,us,us6000qk1p,2025-08-22T20:26:00.040Z,"43 km WSW of Sarangani, Philippines",earthquake,5.33,1.846,0.048,137,reviewed,us,us
2025-06-15T12:31:28.393Z,6.2537,126.4654,87.411,4.4,mb,52,112,1.197,0.59,us,us6000qkfi,2025-08-22T20:26:01.040Z,"33 km ESE of Pondaguitan, Philippines",earthquake,7.62,7.415,0.086,39,reviewed,us,us
2025-06-17T19:49:06.629Z,5.8112,125.5447,67.379,4.6,mb,78,86,1.073,0.69,us,us6000qkw6,2025-08-22T20:26:03.040Z,"10 km NNE of Kalbay, Philippines",earthquake,8.45,5.791,0.067,67,reviewed,us,us
2025-06-20T18:21:51.365Z,5.74,126.1967,132.625,4.4,mb,33,107,1.23,0.7,us,us7000qagk,2025-09-02T21:23:45.040Z,"63 km ESE of Mangili, Philippines",earthquake,7.62,7.193,0.094,35,reviewed,us,us
2025-06-22T23:34:27.533Z,6.2483,126.4764,83.347,4.6,mb,70,105,1.208,0.73,us,us6000qlva,2025-09-02T21:23:41.040Z,"35 km ESE of Pondaguitan, Philippines",earthquake,7.84,5.844,0.056,96,reviewed,us,us
2025-06-26T12:50:15.838Z,4.9874,124.3648,10,4.8,mb,55,72,1.139,0.69,us,us7000q8x0,2025-09-04T20:39:59.040Z,"112 km SSW of Katubao, Philippines",earthquake,4.43,1.879,0.086,42,reviewed,us,us
2025-06-26T19:24:09.404Z,6.3683,126.3743,95.618,4.5,mb,50,112,1.053,0.94,us,us7000q8z4,2025-09-04T20:39:59.040Z,"21 km E of Pondaguitan, Philippines",earthquake,6.28,6.793,0.081,44,reviewed,us,us
2025-06-27T23:07:10.371Z,5.2888,126.0425,99.77,6,mww,131,19,0.787,0.99,us,us7000q97d,2025-09-04T20:40:00.040Z,"65 km E of Sarangani, Philippines",earthquake,6.55,4.615,0.038,68,reviewed,us,us
2025-06-27T23:41:43.694Z,5.4211,126.0271,83.491,4.9,mb,85,41,0.875,1.02,us,us7000q98g,2025-09-04T20:40:00.040Z,"62 km E of Sarangani, Philippines",earthquake,6.72,6.576,0.045,159,reviewed,us,us
2025-06-28T01:00:40.931Z,5.2202,125.7988,106.609,4.3,mb,14,165,0.58,0.83,us,us7000qbku,2025-09-04T20:40:06.040Z,"42 km ESE of Sarangani, Philippines",earthquake,11.71,8.559,0.188,9,reviewed,us,us
2025-06-28T09:29:26.220Z,5.2421,125.8164,109.727,4.1,mb,25,112,0.607,0.75,us,us7000qbl6,2025-09-04T20:40:06.040Z,"42 km ESE of Sarangani, Philippines",earthquake,10.26,6.711,0.117,20,reviewed,us,us
2025-07-01T17:22:41.448Z,4.5463,125.8157,165.912,4.3,mb,22,128,0.383,0.83,us,us7000qc21,2025-09-04T20:40:07.040Z,"102 km SSE of Sarangani, Philippines",earthquake,7.83,6.115,0.154,12,reviewed,us,us
2025-07-04T02:33:57.625Z,5.2524,126.2661,87.126,4.3,mb,37,88,0.939,0.62,us,us7000qakg,2025-09-12T16:23:07.040Z,"90 km E of Sarangani, Philippines",earthquake,6.65,6.07,0.122,24,reviewed,us,us
2025-07-04T14:24:26.448Z,5.8593,126.4704,118.35,4.8,mb,105,49,1.492,0.7,us,us7000qamn,2025-09-12T16:23:07.040Z,"64 km SSE of Pondaguitan, Philippines",earthquake,7.18,6.368,0.037,227,reviewed,us,us
2025-07-06T00:52:54.739Z,5.3262,125.9846,100.462,4.3,mb,15,151,0.775,0.7,us,us7000qd8c,2025-09-12T16:23:09.040Z,"58 km E of Sarangani, Philippines",earthquake,9.15,6.49,0.177,9,reviewed,us,us
2025-07-07T01:14:35.426Z,6.0971,126.1802,145.952,4.4,mb,24,115,1.136,0.51,us,us7000qdfk,2025-09-12T16:23:10.040Z,"29 km S of Pondaguitan, Philippines",earthquake,9.36,4.408,0.139,15,reviewed,us,us
2025-07-08T16:10:07.968Z,6.0067,126.146,150.653,4.4,mb,61,45,1.197,1.07,us,us7000qdhq,2025-09-12T16:23:12.040Z,"39 km S of Pondaguitan, Philippines",earthquake,4.67,6.262,0.073,54,reviewed,us,us
2025-07-14T23:23:56.875Z,5.1156,125.3731,181.628,4.3,mb,41,85,0.395,0.49,us,us6000qv5x,2025-11-28T21:16:38.149Z,"33 km SSW of Sarangani, Philippines",earthquake,8.41,5.33,0.097,30,reviewed,us,us
2025-07-18T03:43:15.066Z,4.5776,125.015,10,4.5,mb,20,86,0.487,0.65,us,us6000qwlq,2025-10-03T18:41:41.040Z,"103 km SSW of Sarangani, Philippines",earthquake,6.3,1.916,0.163,13,reviewed,us,us
2025-07-23T10:21:33.412Z,6.4428,126.0354,135.093,4.5,mb,53,112,0.77,0.65,us,us6000quc2,2025-10-11T20:57:02.040Z,"8 km WSW of Tiblawan, Philippines",earthquake,9.27,6.883,0.078,48,reviewed,us,us
2025-07-25T04:23:54.331Z,5.7949,126.383,104.85,4.4,mb,37,61,1.387,1,us,us6000quzh,2025-10-11T20:57:11.040Z,"66 km SSE of Pondaguitan, Philippines",earthquake,8.74,7.479,0.107,26,reviewed,us,us
2025-08-09T21:18:01.142Z,5.3735,125.2204,59.025,4.4,mb,47,100,0.686,0.92,us,us6000qziv,2025-10-25T13:40:36.040Z,"26 km SW of Balangonan, Philippines",earthquake,6.35,7.146,0.107,28,reviewed,us,us
2025-08-12T01:23:28.952Z,7.1702,124.7791,10,4.1,mb,9,142,0.8,0.82,us,us7000qu5j,2025-10-25T13:40:41.040Z,"4 km SSW of Carmen, Philippines",earthquake,9.78,1.953,0.213,6,reviewed,us,us
2025-08-12T05:08:31.126Z,5.5785,126.1455,137.859,5.3,mww,153,26,1.071,0.92,us,us6000r00x,2025-10-25T13:40:42.040Z,"67 km SE of Caburan, Philippines",earthquake,8.1,5.99,0.061,26,reviewed,us,us
2025-08-13T15:09:25.174Z,5.1535,126.3407,87.097,4.1,mb,20,141,0.955,1.04,us,us7000qu7w,2025-11-04T16:44:11.040Z,"101 km ESE of Sarangani, Philippines",earthquake,10.54,8.711,0.145,13,reviewed,us,us
2025-08-13T17:05:46.190Z,5.7732,125.7873,106.324,4.4,mb,25,115,1.078,0.65,us,us7000qu80,2025-11-04T16:44:12.040Z,"22 km SE of Caburan, Philippines",earthquake,5.91,6.102,0.126,18,reviewed,us,us
2025-08-20T21:32:01.737Z,5.9983,125.9874,152.424,4.2,mb,23,183,1.139,0.53,us,us7000qwc7,2025-11-12T16:25:46.040Z,"33 km ESE of Lamitan, Philippines",earthquake,9.87,7.5,0.147,13,reviewed,us,us
2025-08-29T13:30:01.377Z,6.5568,126.4848,77.178,4.4,mb,33,116,1.034,0.61,us,us6000rcc3,2025-11-19T21:59:35.040Z,"37 km SSE of Tamisan, Philippines",earthquake,7.05,9.087,0.117,21,reviewed,us,us
2025-08-31T07:49:53.171Z,7.3003,123.4816,10,4.9,mb,55,65,2.094,0.45,us,us7000qsr1,2025-11-19T21:59:46.040Z,"17 km SSE of Malim, Philippines",earthquake,8.88,1.858,0.062,82,reviewed,us,us
2025-09-08T12:51:26.407Z,5.747,125.9377,162.82,4.6,mb,90,64,1.106,0.93,us,us7000quqx,2025-11-30T23:40:48.040Z,"37 km ESE of Caburan, Philippines",earthquake,7.08,6.149,0.047,134,reviewed,us,us
2025-09-08T18:22:58.267Z,4.8929,123.0324,573.765,4.2,mb,48,56,2.443,0.72,us,us7000quul,2025-11-30T23:40:49.040Z,"178 km SE of Tabiauan, Philippines",earthquake,12.41,8.778,0.087,37,reviewed,us,us
2025-09-13T16:08:26.844Z,5.1756,123.1806,561.143,4.8,mb,146,20,2.332,0.66,us,us7000qw0a,2025-12-03T03:58:23.040Z,"159 km SW of Palimbang, Philippines",earthquake,9.05,8.014,0.046,158,reviewed,us,us
2025-09-17T22:51:38.523Z,5.1722,126.3259,26.556,4,mb,14,152,0.95,0.65,us,us6000rg6n,2025-12-06T16:00:10.040Z,"98 km ESE of Sarangani, Philippines",earthquake,6.17,5.611,0.183,8,reviewed,us,us
2025-09-18T12:41:03.966Z,6.2524,124.2698,500.392,4.3,mb,41,112,1.931,0.85,us,us6000rg7d,2025-12-06T16:00:10.040Z,"10 km ENE of Palimbang, Philippines",earthquake,15.2,9.973,0.088,37,reviewed,us,us
2025-09-20T18:54:34.948Z,4.8731,124.1091,452.335,4.3,mb,48,62,1.372,0.66,us,us7000qxl8,2025-12-06T16:00:25.040Z,"135 km SSW of Tambilil, Philippines",earthquake,12.04,9.072,0.097,32,reviewed,us,us
2025-09-26T21:56:37.928Z,6.7129,123.6853,605.561,4.1,mb,42,102,2.656,0.65,us,us6000rhvz,2025-12-11T21:40:45.040Z,"38 km WSW of Gadung, Philippines",earthquake,12.37,9.388,0.1,28,reviewed,us,us
2025-09-29T03:00:14.931Z,5.936,125.905,120.417,4.6,mb,81,51,1.172,0.99,us,us6000rdit,2025-12-11T21:40:38.040Z,"25 km ESE of Mangili, Philippines",earthquake,6.01,6.229,0.076,52,reviewed,us,us
2025-10-05T17:23:38.742Z,4.6048,125.008,10,4.9,mb,69,45,0.486,0.63,us,us6000rez7,2025-12-19T22:50:08.040Z,"101 km SSW of Sarangani, Philippines",earthquake,3.43,1.85,0.07,65,reviewed,us,us
2025-10-06T05:56:01.651Z,6.0445,123.6804,556.761,4.3,mb,71,54,2.144,0.82,us,us6000rf15,2025-12-19T22:50:11.040Z,"59 km WSW of Palimbang, Philippines",earthquake,11.09,8.542,0.073,54,reviewed,us,us
2025-10-07T04:14:03.511Z,5.5018,126.3808,94.639,4.9,mb,95,106,1.179,0.63,us,us6000rf98,2025-12-19T22:50:19.040Z,"93 km ESE of Caburan, Philippines",earthquake,6.96,6.739,0.062,81,reviewed,us,us
2025-10-08T06:39:03.209Z,5.0984,123.5765,569.866,4.3,mb,60,39,1.93,0.65,us,us6000rfk0,2026-01-01T23:11:04.040Z,"140 km SSW of Palimbang, Philippines",earthquake,11.76,8.87,0.083,41,reviewed,us,us
2025-10-12T11:54:32.988Z,5.6924,124.2808,35,4.3,mb,30,94,1.527,0.85,us,us6000rks4,2026-01-01T23:11:18.040Z,"45 km SSW of Maitum, Philippines",earthquake,6.97,1.926,0.125,18,reviewed,us,us
2025-10-15T21:32:53.457Z,6.2464,125.6335,156.375,4.2,mb,20,147,0.82,0.97,us,us6000rlqr,2026-01-09T15:38:44.040Z,"4 km WSW of Talagutong, Philippines",earthquake,9.18,7.896,0.146,13,reviewed,us,us
2025-10-15T23:32:47.615Z,5.1172,125.3592,46.561,4.8,mb,102,101,0.4,0.73,us,us6000rhe7,2026-01-09T15:38:37.040Z,"33 km SSW of Sarangani, Philippines",earthquake,6.75,5.42,0.059,88,reviewed,us,us
2025-10-16T09:31:04.331Z,5.4538,126.0067,93.582,4.7,mb,72,50,0.888,1.07,us,us6000rhhq,2026-01-09T15:38:37.040Z,"60 km E of Sarangani, Philippines",earthquake,6.62,6.883,0.064,74,reviewed,us,us
2025-10-29T00:09:49.141Z,5.764,123.9188,529.228,4.2,mb,51,63,1.861,0.67,us,us6000rk33,2026-01-27T17:58:59.040Z,"57 km SSW of Palimbang, Philippines",earthquake,13.18,9.337,0.076,49,reviewed,us,us
2025-10-31T04:06:28.380Z,4.9352,126.1089,97.282,4.3,mb,23,115,0.659,0.81,us,us6000rkig,2026-01-27T17:59:03.040Z,"88 km SE of Sarangani, Philippines",earthquake,8.85,7.784,0.148,15,reviewed,us,us
2025-11-02T12:04:38.174Z,4.5081,125.5362,146.401,4.2,mb,29,83,0.23,0.91,us,us6000rpk9,2026-01-27T17:59:10.040Z,"99 km S of Sarangani, Philippines",earthquake,10.92,4.359,0.11,23,reviewed,us,us
2025-11-03T04:14:12.537Z,4.9609,125.3608,25.018,4.8,mb,73,95,0.255,0.55,us,us6000rl4d,2026-01-27T17:59:06.040Z,"50 km SSW of Sarangani, Philippines",earthquake,4.3,4.81,0.072,60,reviewed,us,us
2025-11-03T04:21:25.957Z,4.8116,125.3874,26.7,5.3,mww,162,35,0.12,0.84,us,us6000rl4e,2026-01-27T17:59:06.040Z,"65 km S of Sarangani, Philippines",earthquake,8.08,4.072,0.103,9,reviewed,us,us
2025-11-03T04:22:50.570Z,5.11,125.2351,10,5.1,mb,55,48,0.446,1.06,us,us6000rpls,2026-01-27T17:59:11.040Z,"41 km SW of Sarangani, Philippines",earthquake,5.14,1.878,0.089,41,reviewed,us,us
2025-11-03T06:20:57.627Z,4.7746,125.0585,10,4.6,mb,33,98,0.421,1.39,us,us6000rplb,2026-01-27T17:59:11.040Z,"82 km SSW of Sarangani, Philippines",earthquake,5.92,1.876,0.111,24,reviewed,us,us
2025-11-03T06:21:38.990Z,5.0679,125.1958,10,4.8,mb,59,70,0.436,0.6,us,us6000rpn2,2026-01-27T17:59:11.040Z,"47 km SW of Sarangani, Philippines",earthquake,4.41,1.86,0.083,45,reviewed,us,us
2025-11-04T09:53:59.123Z,5.1217,125.5639,10,4.3,mb,21,131,0.395,1.14,us,us7000rdhd,2026-01-27T17:59:12.040Z,"33 km SSE of Sarangani, Philippines",earthquake,7.16,1.906,0.137,15,reviewed,us,us
2025-11-05T16:38:45.120Z,5.0021,125.1803,10,4.7,mb,50,91,0.4,0.71,us,us6000rlpe,2026-01-29T22:05:31.040Z,"54 km SW of Sarangani, Philippines",earthquake,5,1.537,0.083,44,reviewed,us,us
2025-11-07T02:27:45.186Z,6.0141,126.0262,150.76,4.2,mb,24,112,1.139,1.16,us,us7000rdy7,2026-01-29T22:05:26.040Z,"36 km ESE of Lamitan, Philippines",earthquake,9.06,6.266,0.132,16,reviewed,us,us
2025-11-14T07:57:27.677Z,5.3311,124.7375,15.643,4.3,mb,24,98,0.948,1.08,us,us6000rs63,2026-02-10T15:55:15.040Z,"62 km SSW of Lumatil, Philippines",earthquake,6.73,2.979,0.137,15,reviewed,us,us
2025-11-16T06:35:39.880Z,6.4774,126.1084,84.568,4.5,mb,39,112,0.789,0.58,us,us6000rnk2,2026-02-10T15:55:11.040Z,"0 km S of Tiblawan, Philippines",earthquake,9.73,6.592,0.09,36,reviewed,us,us
2025-11-22T00:00:27.966Z,6.5559,125.4557,213.272,4.6,mb,57,57,0.525,1.12,us,us6000rpr2,2026-02-20T16:07:33.040Z,"1 km W of Santa Maria, Philippines",earthquake,8.45,3.441,0.06,84,reviewed,us,us
2025-11-22T11:00:10.744Z,4.8375,126.4906,58.92,4.7,mb,46,126,1.014,0.92,us,us6000rptf,2026-02-20T16:07:33.040Z,"129 km ESE of Sarangani, Philippines",earthquake,8.66,8.089,0.086,41,reviewed,us,us
2025-11-22T11:57:10.409Z,5.7142,125.8067,95.208,4.4,mb,33,113,1.028,0.87,us,us6000rpth,2026-02-20T16:07:33.040Z,"29 km SE of Caburan, Philippines",earthquake,10.07,6.304,0.098,30,reviewed,us,us
2025-11-23T08:43:45.668Z,4.5925,125.929,87.44,4.3,mb,23,106,0.47,1.11,us,us6000ru5g,2026-02-20T16:07:38.040Z,"103 km SSE of Sarangani, Philippines",earthquake,12.8,8.333,0.129,17,reviewed,us,us
2025-11-23T22:18:27.021Z,4.9341,126.4562,51.353,4.4,mb,34,103,0.994,0.53,us,us6000ru61,2026-02-20T16:07:38.040Z,"121 km ESE of Sarangani, Philippines",earthquake,7.76,1.688,0.108,25,reviewed,us,us
2025-11-25T10:45:18.212Z,6.3406,126.1995,71.508,5.4,mww,159,38,0.951,0.8,us,us7000rdmx,2026-02-20T16:07:41.040Z,"3 km SE of Pondaguitan, Philippines",earthquake,6.96,6.089,0.065,23,reviewed,us,us
2025-11-27T04:41:34.746Z,5.257,125.8825,106.753,4.5,mb,38,76,0.658,0.72,us,us7000re2f,2026-02-25T16:18:34.040Z,"49 km ESE of Sarangani, Philippines",earthquake,6.5,6.616,0.099,30,reviewed,us,us
2025-11-28T15:28:50.367Z,5.7796,126.2159,151.062,4.4,mb,36,113,1.273,0.78,us,us7000reec,2026-02-25T16:18:36.040Z,"63 km ESE of Mangili, Philippines",earthquake,10.03,7.49,0.091,35,reviewed,us,us
2025-12-12T11:45:10.288Z,4.9649,126.051,76.493,4.3,mb,41,107,0.615,0.74,us,us7000rmyx,2026-03-10T22:18:48.040Z,"81 km SE of Sarangani, Philippines",earthquake,8.03,7.579,0.088,36,reviewed,us,us
2025-12-13T16:34:08.704Z,5.6678,126.4752,99.491,4.5,mb,86,45,1.359,0.82,us,us6000rup3,2026-03-10T22:18:39.040Z,"83 km SSE of Pondaguitan, Philippines",earthquake,5.04,6.114,0.066,74,reviewed,us,us
2025-12-15T04:30:48.273Z,6.2254,125.8788,125.466,4.4,mb,44,55,0.89,0.44,us,us6000ruxf,2026-03-10T22:18:42.040Z,"21 km ENE of Lapuan, Philippines",earthquake,7.7,6.669,0.098,30,reviewed,us,us
2025-12-24T21:05:15.692Z,6.3659,123.9582,529.927,4,mb,57,50,1.755,0.71,us,us7000rklx,2026-04-01T22:48:04.040Z,"12 km SW of Sangay, Philippines",earthquake,12.36,7.89,0.078,45,reviewed,us,us
2025-12-27T02:29:23.592Z,5.5943,126.3364,57.556,4.3,mb,19,178,1.209,0.49,us,us7000rqld,2026-04-01T22:48:59.040Z,"84 km ESE of Caburan, Philippines",earthquake,11.02,10.491,0.16,12,reviewed,us,us
2025-12-27T12:00:26.143Z,5.3874,126.3197,56.09,4.2,mb,30,173,1.06,0.47,us,us7000rqll,2026-04-01T22:49:00.040Z,"94 km E of Sarangani, Philippines",earthquake,7.2,8.619,0.104,26,reviewed,us,us
2026-01-07T10:49:17.940Z,5.762,125.4567,151.699,4.1,mb,26,132,1.022,0.67,us,us6000s4sc,2026-04-07T22:11:47.040Z,"6 km NW of Kalbay, Philippines",earthquake,11.77,7.482,0.123,18,reviewed,us,us
2026-01-11T17:28:00.239Z,7.2818,126.3,10,4.7,mb,40,65,0.746,0.66,us,us7000rp2b,2026-04-10T15:20:44.040Z,"24 km WSW of San Pedro, Philippines",earthquake,7.58,1.904,0.099,31,reviewed,us,us
2026-01-13T17:23:01.870Z,4.8172,124.7389,60.43,4.8,mb,55,42,2.388,0.66,us,us7000rpgg,2026-04-10T15:20:47.040Z,"103 km SW of Sarangani, Philippines",earthquake,8.87,1.701,0.097,33,reviewed,us,us
2026-01-18T03:55:54.021Z,6.4703,123.6854,10,4.4,mb,26,123,1.973,0.86,us,us6000s6ed,2026-04-18T14:46:32.040Z,"39 km W of Bantogon, Philippines",earthquake,9.93,1.923,0.156,15,reviewed,us,us
2026-01-19T18:53:35.612Z,6.3872,123.6623,10,4.9,mb,60,39,2.021,0.96,us,us7000rqmc,2026-04-18T14:47:20.040Z,"42 km W of Sangay, Philippines",earthquake,7,1.873,0.061,86,reviewed,us,us
2026-01-19T19:00:21.982Z,6.3557,123.7166,10,5.4,mww,85,37,1.981,0.55,us,us7000rqmd,2026-04-18T14:47:20.040Z,"37 km WSW of Sangay, Philippines",earthquake,7.73,1.844,0.068,21,reviewed,us,us
2026-01-19T19:38:52.205Z,6.2874,123.8607,10,4.2,mb,26,136,1.875,0.64,us,us6000s6gq,2026-04-18T14:46:35.040Z,"26 km SW of Sangay, Philippines",earthquake,10.52,1.934,0.125,18,reviewed,us,us
2026-01-19T19:49:14.951Z,6.2728,123.6669,10,4.4,mb,34,115,2.058,1.02,us,us6000s6gp,2026-04-18T14:46:34.040Z,"45 km WSW of Sangay, Philippines",earthquake,12.26,1.937,0.112,24,reviewed,us,us
2026-01-19T19:54:01.798Z,6.3365,123.7878,10,4.7,mb,70,66,1.922,0.68,us,us7000rqmu,2026-04-18T14:47:21.040Z,"30 km WSW of Sangay, Philippines",earthquake,9.81,1.905,0.065,73,reviewed,us,us
2026-01-19T21:50:33.235Z,6.509,126.0773,89.017,4.5,mb,25,107,0.745,0.69,us,us6000s6gw,2026-04-18T14:46:35.040Z,"2 km WSW of Luzon, Philippines",earthquake,13.17,8.223,0.128,18,reviewed,us,us
2026-01-19T22:23:31.480Z,6.3936,123.7371,10,4.6,mb,24,87,1.949,0.34,us,us6000s6h1,2026-04-18T14:46:35.040Z,"34 km W of Sangay, Philippines",earthquake,11.86,1.911,0.133,17,reviewed,us,us
2026-01-20T03:46:22.397Z,6.2755,123.6715,9.66,4.3,mb,19,152,2.052,0.34,us,us6000s6lx,2026-04-18T14:46:36.040Z,"45 km WSW of Sangay, Philippines",earthquake,9.2,4.502,0.154,12,reviewed,us,us
2026-01-20T04:38:18.947Z,6.3903,123.8364,10,4.5,mb,32,67,1.858,0.47,us,us7000rqqp,2026-04-18T14:47:24.040Z,"23 km WSW of Sangay, Philippines",earthquake,9.23,1.905,0.119,21,reviewed,us,us
2026-01-20T10:29:55.144Z,6.3987,123.7327,10,4.7,mb,74,50,1.951,0.78,us,us7000rqt5,2026-04-18T14:47:29.040Z,"34 km W of Sangay, Philippines",earthquake,8.01,1.826,0.069,64,reviewed,us,us
2026-01-20T15:25:59.379Z,6.319,123.7375,9.709,4.2,mb,24,84,1.975,0.55,us,us6000s6mb,2026-04-18T14:46:37.040Z,"36 km WSW of Sangay, Philippines",earthquake,11.18,5.392,0.141,15,reviewed,us,us
2026-01-20T23:25:17.102Z,6.374,123.7923,10,4.8,mb,68,45,1.904,0.62,us,us7000rqzk,2026-04-18T14:47:35.040Z,"28 km WSW of Sangay, Philippines",earthquake,5.79,1.841,0.076,54,reviewed,us,us
2026-01-20T23:30:58.963Z,6.3691,123.7064,10,4.5,mb,27,82,1.986,0.7,us,us7000rqzs,2026-04-18T14:47:36.040Z,"38 km WSW of Sangay, Philippines",earthquake,10.58,1.933,0.124,19,reviewed,us,us
2026-01-20T23:40:27.773Z,6.2644,123.8507,46.173,4.3,mb,11,98,1.894,0.35,us,us6000s6mj,2026-04-18T14:46:38.040Z,"29 km SW of Sangay, Philippines",earthquake,10.98,7.602,0.177,9,reviewed,us,us
2026-01-21T00:38:54.316Z,6.3765,123.7404,10,4.4,mb,26,74,1.952,0.64,us,us6000s6n7,2026-04-18T14:46:39.040Z,"34 km WSW of Sangay, Philippines",earthquake,11.42,1.927,0.131,17,reviewed,us,us
2026-01-21T01:09:38.563Z,6.3196,123.7292,10,4.2,mb,11,90,1.983,0.19,us,us6000s6n8,2026-04-18T14:46:40.040Z,"37 km WSW of Sangay, Philippines",earthquake,6.46,1.792,0.236,5,reviewed,us,us
2026-01-21T01:12:24.575Z,6.4193,123.7773,10,4.5,mb,16,153,1.902,0.74,us,us6000s6pj,2026-04-18T14:46:43.040Z,"29 km W of Sangay, Philippines",earthquake,8.98,1.937,0.157,12,reviewed,us,us
2026-01-21T01:26:05.586Z,6.4167,123.7634,10,4.7,mb,44,54,1.916,0.94,us,us7000rr0k,2026-04-18T14:47:37.040Z,"31 km W of Sangay, Philippines",earthquake,8.29,1.889,0.095,34,reviewed,us,us
2026-01-21T01:33:04.854Z,6.2931,123.7256,10,5.4,mww,87,45,1.996,0.7,us,us7000rr0l,2026-04-18T14:47:37.040Z,"39 km WSW of Sangay, Philippines",earthquake,7.21,1.838,0.089,12,reviewed,us,us
2026-01-21T02:30:29.548Z,6.1989,123.6481,10,4.4,mb,14,97,2.104,0.68,us,us6000s6nb,2026-04-18T14:46:40.040Z,"51 km WSW of Sangay, Philippines",earthquake,5.67,1.924,0.19,8,reviewed,us,us
2026-01-21T02:37:52.410Z,6.303,123.6599,10,4.3,mb,16,90,2.053,0.73,us,us6000s6nc,2026-04-18T14:46:40.040Z,"45 km WSW of Sangay, Philippines",earthquake,9.08,1.874,0.161,11,reviewed,us,us
2026-01-21T05:14:27.962Z,6.3491,123.7428,13.013,4.7,mb,52,40,1.959,0.82,us,us7000rr1j,2026-04-18T14:47:38.040Z,"35 km WSW of Sangay, Philippines",earthquake,8.54,4.542,0.081,46,reviewed,us,us
2026-01-21T05:39:23.898Z,6.4248,123.8143,9.959,4.3,mb,11,144,1.866,0.56,us,us6000s6pl,2026-04-18T14:46:43.040Z,"25 km W of Sangay, Philippines",earthquake,10.24,5.997,0.239,5,reviewed,us,us
2026-01-21T08:49:01.924Z,6.3189,123.8223,10,4.5,mb,33,68,1.898,0.57,us,us6000s6nj,2026-04-18T14:46:41.040Z,"28 km WSW of Sangay, Philippines",earthquake,9.58,1.905,0.118,24,reviewed,us,us
2026-01-21T11:55:58.473Z,6.4134,123.7766,10,4.7,mb,47,47,1.905,0.5,us,us7000rr37,2026-04-18T14:47:39.040Z,"29 km W of Sangay, Philippines",earthquake,5.55,1.873,0.09,38,reviewed,us,us
2026-01-21T12:59:21.127Z,6.5191,123.6137,10,4.7,mb,50,94,2.027,0.56,us,us7000rr3q,2026-04-18T14:47:40.040Z,"46 km W of Bantogon, Philippines",earthquake,11.85,1.896,0.08,47,reviewed,us,us
2026-01-22T01:50:45.890Z,6.3797,123.6921,10,4.4,mb,13,110,1.996,0.54,us,us6000s6y4,2026-04-21T16:27:55.040Z,"39 km W of Sangay, Philippines",earthquake,10.03,1.922,0.203,8,reviewed,us,us
2026-01-22T20:06:25.617Z,6.327,123.6822,10,4.3,mb,20,123,2.023,0.59,us,us6000s6z2,2026-04-21T16:27:55.040Z,"42 km WSW of Sangay, Philippines",earthquake,8.39,1.944,0.148,13,reviewed,us,us
2026-01-23T23:30:16.958Z,5.4462,125.5011,198.726,4.5,mb,46,86,1.615,0.96,us,us7000rrqm,2026-04-21T16:28:02.040Z,"6 km NE of Sarangani, Philippines",earthquake,10.56,7.42,0.093,34,reviewed,us,us
2026-01-24T00:52:31.191Z,5.4252,126.0624,10,4.6,mb,32,111,1.703,0.75,us,us7000rrqw,2026-04-21T16:28:02.040Z,"66 km E of Sarangani, Philippines",earthquake,11.95,1.764,0.116,24,reviewed,us,us
2026-01-24T10:45:54.116Z,5.0658,125.4337,177.088,4.5,mb,71,77,1.996,0.87,us,us7000rrsh,2026-04-21T16:28:02.040Z,"37 km S of Sarangani, Philippines",earthquake,8.58,7.194,0.058,88,reviewed,us,us
2026-01-24T18:26:22.319Z,6.4229,123.6458,17.308,4.1,mb,27,123,2.025,0.54,us,us6000s7gx,2026-04-21T16:27:56.040Z,"44 km W of Sangay, Philippines",earthquake,9.34,4.638,0.131,18,reviewed,us,us
2026-01-25T22:48:21.054Z,6.2944,123.6679,10,4.6,mb,31,98,2.049,0.38,us,us6000s7w9,2026-04-21T16:27:56.040Z,"44 km WSW of Sangay, Philippines",earthquake,8.77,1.899,0.122,20,reviewed,us,us
2026-01-26T00:33:44.355Z,6.3994,123.7247,15.644,4.3,mb,30,123,1.958,0.52,us,us7000rs17,2026-04-21T16:28:04.040Z,"35 km W of Sangay, Philippines",earthquake,9.99,5.072,0.119,20,reviewed,us,us
2026-01-26T10:06:09.938Z,6.3461,123.5895,10,4.4,mb,30,126,2.103,0.69,us,us6000s826,2026-04-21T16:27:56.040Z,"51 km WSW of Sangay, Philippines",earthquake,9.88,1.905,0.126,21,reviewed,us,us
2026-01-26T10:25:03.863Z,6.3145,123.865,10,4.3,mb,19,111,1.86,0.85,us,us6000s829,2026-04-21T16:27:56.040Z,"24 km SW of Sangay, Philippines",earthquake,8.35,1.788,0.177,14,reviewed,us,us
2026-01-27T14:47:38.519Z,6.5909,123.6065,11.799,4.7,mb,74,49,2.016,0.66,us,us6000s4qg,2026-04-21T16:27:51.040Z,"47 km W of Bantogon, Philippines",earthquake,4.22,4.093,0.061,82,reviewed,us,us
2026-01-27T15:26:55.036Z,6.8697,123.4546,10,4.3,mb,17,101,2.118,0.7,us,us6000s8il,2026-04-21T16:27:57.040Z,"62 km S of Panubigan, Philippines",earthquake,9.39,1.92,0.142,16,reviewed,us,us
2026-01-27T15:48:24.487Z,6.438,123.6959,9.944,4.6,mb,20,123,1.973,0.99,us,us6000s8im,2026-04-21T16:27:57.040Z,"38 km W of Sangay, Philippines",earthquake,7.69,10.988,0.146,14,reviewed,us,us
2026-01-27T15:50:37.554Z,6.4883,123.7403,10,5.1,mww,154,36,1.915,0.69,us,us6000s4qp,2026-04-21T16:27:51.040Z,"32 km W of Bantogon, Philippines",earthquake,7.49,1.815,0.103,9,reviewed,us,us
2026-01-27T17:05:09.429Z,6.4232,123.801,10,5.2,mww,126,37,1.879,0.58,us,us6000s4rf,2026-04-21T16:27:51.040Z,"27 km W of Sangay, Philippines",earthquake,7.12,1.77,0.071,19,reviewed,us,us
2026-01-27T17:07:38.918Z,6.4551,123.7855,10,5,mb,48,84,1.883,0.83,us,us6000s8in,2026-04-21T16:27:57.040Z,"28 km W of Sangay, Philippines",earthquake,9.76,1.46,0.097,34,reviewed,us,us
2026-01-27T17:41:03.310Z,6.3572,123.6729,10,4.2,mb,20,98,2.021,0.66,us,us6000s8iq,2026-04-21T16:27:57.040Z,"42 km WSW of Sangay, Philippines",earthquake,11.44,0.823,0.137,15,reviewed,us,us
2026-01-27T17:43:59.859Z,6.3997,123.8091,13.188,4.7,mb,63,50,1.88,0.7,us,us6000s4tu,2026-04-21T16:27:51.040Z,"26 km W of Sangay, Philippines",earthquake,8.55,4.587,0.079,48,reviewed,us,us
2026-01-27T19:46:23.218Z,6.4388,123.7924,10,4.8,mb,62,46,1.882,0.5,us,us6000s4ud,2026-04-21T16:27:51.040Z,"27 km W of Sangay, Philippines",earthquake,10.59,1.885,0.078,51,reviewed,us,us
2026-01-27T19:54:12.979Z,6.5222,123.8098,10,5.1,mww,120,36,1.839,0.49,us,us6000s4uf,2026-04-21T16:27:51.040Z,"24 km W of Bantogon, Philippines",earthquake,7.1,1.722,0.069,20,reviewed,us,us
2026-01-27T23:19:58.461Z,6.5003,123.8567,10,4.6,mb,53,86,1.802,0.69,us,us6000s4w5,2026-04-21T16:27:52.040Z,"19 km W of Bantogon, Philippines",earthquake,11.05,1.913,0.084,43,reviewed,us,us
2026-01-27T23:21:02.275Z,6.3567,123.6353,10,4.4,mb,27,150,2.056,0.53,us,us6000s8j7,2026-04-21T16:27:58.040Z,"46 km WSW of Sangay, Philippines",earthquake,11.58,1.93,0.126,18,reviewed,us,us
2026-01-28T01:41:49.103Z,6.511,123.8484,10,5.4,mb,84,45,1.806,0.77,us,us6000s4ws,2026-04-21T16:27:52.040Z,"20 km W of Bantogon, Philippines",earthquake,9.07,1.874,0.068,73,reviewed,us,us
2026-01-28T02:23:10.078Z,6.2426,123.6868,10,4.4,mb,17,90,2.051,1.04,us,us6000s8wt,2026-04-21T16:27:58.040Z,"45 km WSW of Sangay, Philippines",earthquake,9.01,1.882,0.143,14,reviewed,us,us
2026-01-28T03:23:01.649Z,6.3967,123.7538,10,4.5,mb,24,67,1.932,0.88,us,us6000s8wv,2026-04-21T16:27:58.040Z,"32 km W of Sangay, Philippines",earthquake,6.87,1.706,0.136,16,reviewed,us,us
2026-01-28T03:24:27.814Z,6.5648,123.8961,10,5.1,mb,55,62,1.745,1.12,us,us6000s4x4,2026-04-21T16:27:52.040Z,"15 km WNW of Bantogon, Philippines",earthquake,8.45,1.876,0.084,46,reviewed,us,us
2026-01-28T03:25:20.628Z,6.2357,123.5536,10,4.7,mb,19,90,2.176,0.67,us,us6000s8yf,2026-04-21T16:27:58.040Z,"59 km WSW of Sangay, Philippines",earthquake,7.45,1.879,0.166,11,reviewed,us,us
2026-01-28T03:33:46.755Z,6.2875,123.7948,10,4.9,mb,30,64,1.935,1.03,us,us6000s4x7,2026-04-21T16:27:52.040Z,"32 km WSW of Sangay, Philippines",earthquake,9.54,1.91,0.117,23,reviewed,us,us
2026-01-28T05:08:21.366Z,6.2044,123.8363,10,4.7,mb,34,108,1.933,0.79,us,us6000s4xk,2026-04-21T16:27:52.040Z,"35 km SW of Sangay, Philippines",earthquake,8.91,1.89,0.104,30,reviewed,us,us
2026-01-28T05:38:54.376Z,6.2705,123.7605,10,4.4,mb,21,83,1.973,1.28,us,us6000s4yw,2026-04-21T16:27:53.040Z,"36 km WSW of Sangay, Philippines",earthquake,7.79,1.796,0.156,17,reviewed,us,us
2026-01-28T06:31:19.816Z,6.3936,123.7702,10,5.1,mb,70,47,1.918,1.31,us,us6000s4xy,2026-04-21T16:27:53.040Z,"30 km W of Sangay, Philippines",earthquake,5.04,1.579,0.066,73,reviewed,us,us
2026-01-28T06:47:01.506Z,6.4317,123.741,16,5.9,mww,129,27,1.932,1.09,us,us6000s4xz,2026-04-21T16:27:53.040Z,"33 km W of Sangay, Philippines",earthquake,7.16,1.765,0.048,42,reviewed,us,us
2026-01-28T06:52:04.173Z,6.3774,123.6279,10,4.5,mb,25,87,2.056,0.9,us,us6000s8xp,2026-04-21T16:27:58.040Z,"46 km W of Sangay, Philippines",earthquake,10.35,1.931,0.136,19,reviewed,us,us
2026-01-28T06:52:33.522Z,6.5523,123.5458,10,5,mb,52,41,2.083,0.97,us,us6000s4y2,2026-04-21T16:27:53.040Z,"53 km W of Bantogon, Philippines",earthquake,6.75,1.85,0.089,43,reviewed,us,us
2026-01-28T07:11:15.039Z,6.3413,123.6363,10,4.4,mb,24,124,2.061,0.79,us,us6000s8xi,2026-04-21T16:27:58.040Z,"46 km WSW of Sangay, Philippines",earthquake,10.3,1.91,0.162,15,reviewed,us,us
2026-01-28T07:24:11.665Z,6.2155,123.5824,10,4.3,mb,14,90,2.157,0.27,us,us6000s8x7,2026-04-21T16:27:58.040Z,"57 km WSW of Sangay, Philippines",earthquake,10.59,2.189,0.177,9,reviewed,us,us
2026-01-28T07:43:30.474Z,6.4433,123.6537,10,4.6,mb,40,61,2.011,0.67,us,us6000s4yf,2026-04-21T16:27:53.040Z,"43 km WSW of Bantogon, Philippines",earthquake,9.79,1.893,0.107,31,reviewed,us,us
2026-01-28T07:47:43.934Z,6.3697,123.5329,10,4.4,mb,23,92,2.148,0.59,us,us6000s8x9,2026-04-21T16:27:58.040Z,"57 km W of Sangay, Philippines",earthquake,8.4,1.689,0.144,18,reviewed,us,us
2026-01-28T08:01:04.479Z,6.3195,123.7143,10,4.4,mb,23,68,1.996,0.55,us,us6000s8xa,2026-04-21T16:27:58.040Z,"39 km WSW of Sangay, Philippines",earthquake,5.43,1.881,0.155,16,reviewed,us,us
2026-01-28T08:34:31.956Z,6.5076,123.7366,10,5.4,mww,120,35,1.913,0.99,us,us6000s4yl,2026-04-21T16:27:53.040Z,"32 km W of Bantogon, Philippines",earthquake,7.03,1.728,0.063,24,reviewed,us,us
2026-01-28T08:35:21.867Z,6.3923,123.6213,10,5.3,mb,43,107,2.058,0.65,us,us6000s8yj,2026-04-21T16:27:59.040Z,"47 km W of Sangay, Philippines",earthquake,6.66,1.682,0.132,27,reviewed,us,us
2026-01-28T08:38:47.432Z,6.5064,123.6429,10,5.6,mb,131,35,2.003,1.16,us,us6000s4yn,2026-04-21T16:27:53.040Z,"43 km W of Bantogon, Philippines",earthquake,6.82,1.728,0.042,203,reviewed,us,us
2026-01-28T08:43:45.744Z,6.5456,123.8911,10,5.1,mb,53,50,1.755,0.68,us,us6000s4yq,2026-04-21T16:27:53.040Z,"15 km W of Bantogon, Philippines",earthquake,8.46,1.9,0.088,42,reviewed,us,us
2026-01-28T08:51:51.632Z,6.3102,123.7423,10,4.3,mb,23,123,1.974,0.78,us,us6000s8xw,2026-04-21T16:27:58.040Z,"36 km WSW of Sangay, Philippines",earthquake,10.2,1.939,0.153,14,reviewed,us,us
2026-01-28T09:24:34.694Z,6.5656,123.711,10,4.9,mb,46,61,1.921,0.63,us,us6000s4yx,2026-04-21T16:27:53.040Z,"35 km W of Bantogon, Philippines",earthquake,9.86,1.913,0.089,39,reviewed,us,us
2026-01-28T09:30:28.570Z,6.405,123.6792,10,4.7,mb,32,66,1.999,0.47,us,us6000s8xf,2026-04-21T16:27:58.040Z,"40 km W of Sangay, Philippines",earthquake,9.52,1.899,0.114,23,reviewed,us,us
2026-01-28T10:28:24.047Z,6.2256,123.6943,10,4.4,mb,27,115,2.051,0.4,us,us6000s4z4,2026-04-21T16:27:53.040Z,"45 km WSW of Sangay, Philippines",earthquake,11.54,1.935,0.117,21,reviewed,us,us
2026-01-28T12:20:29.427Z,6.3079,123.6149,10,4.3,mb,19,82,2.093,0.76,us,us6000s8xr,2026-04-21T16:27:58.040Z,"49 km WSW of Sangay, Philippines",earthquake,11.27,1.946,0.138,15,reviewed,us,us
2026-01-28T12:45:48.561Z,6.4504,123.7165,10,4.5,mb,20,61,1.949,0.4,us,us6000s8y5,2026-04-21T16:27:58.040Z,"36 km WSW of Bantogon, Philippines",earthquake,7.64,1.944,0.15,13,reviewed,us,us
2026-01-28T12:55:28.569Z,6.264,123.795,10,4.6,mb,29,81,1.945,0.55,us,us6000s4zg,2026-04-21T16:27:53.040Z,"34 km SW of Sangay, Philippines",earthquake,7.26,1.837,0.112,24,reviewed,us,us
2026-01-28T13:24:03.137Z,6.3756,123.7689,10,4.5,mb,18,68,1.926,0.4,us,us6000s8y8,2026-04-21T16:27:58.040Z,"31 km WSW of Sangay, Philippines",earthquake,8.69,1.922,0.163,11,reviewed,us,us
2026-01-28T13:41:32.432Z,6.4727,123.7507,10,4.7,mb,78,45,1.91,0.45,us,us6000s4zl,2026-04-21T16:27:53.040Z,"31 km WSW of Bantogon, Philippines",earthquake,7.73,1.842,0.072,62,reviewed,us,us
2026-01-28T14:08:55.190Z,6.4451,123.6849,10,4.4,mb,18,150,1.981,0.4,us,us6000s8xv,2026-04-21T16:27:58.040Z,"39 km WSW of Bantogon, Philippines",earthquake,9.23,1.546,0.155,12,reviewed,us,us
2026-01-28T14:20:43.710Z,6.2312,123.5869,10,4.1,mb,14,137,2.147,0.43,us,us6000s8xz,2026-04-21T16:27:58.040Z,"55 km WSW of Sangay, Philippines",earthquake,5.81,1.926,0.185,8,reviewed,us,us
2026-01-28T14:33:12.356Z,6.401,123.8059,10,4.9,mww,75,47,1.882,0.34,us,us6000s4zq,2026-04-21T16:27:53.040Z,"26 km W of Sangay, Philippines",earthquake,4.59,1.871,0.093,11,reviewed,us,us
2026-01-28T14:36:34.177Z,6.3453,123.9032,10,4.4,mb,17,89,1.813,0.6,us,us6000s8yl,2026-04-21T16:27:59.040Z,"19 km SW of Sangay, Philippines",earthquake,7.93,1.878,0.161,11,reviewed,us,us
2026-01-28T14:49:06.044Z,6.6126,123.8127,10,4.6,mb,48,56,1.812,0.45,us,us6000s4zr,2026-04-21T16:27:53.040Z,"25 km WNW of Bantogon, Philippines",earthquake,7.68,1.856,0.093,34,reviewed,us,us
2026-01-28T15:27:39.871Z,6.34,123.6265,10,4.4,mb,14,92,2.07,0.88,us,us6000s8y3,2026-04-21T16:27:58.040Z,"47 km WSW of Sangay, Philippines",earthquake,8.89,1.946,0.178,9,reviewed,us,us
2026-01-28T15:35:29.644Z,6.3833,123.5847,10,4.2,mb,13,140,2.095,0.69,us,us6000s8y4,2026-04-21T16:27:58.040Z,"51 km W of Sangay, Philippines",earthquake,11.46,1.96,0.186,8,reviewed,us,us
2026-01-28T15:58:04.003Z,6.4524,123.6886,10,5,mb,79,37,1.975,1.13,us,us6000s51a,2026-04-21T16:27:53.040Z,"39 km WSW of Bantogon, Philippines",earthquake,7.97,1.491,0.071,63,reviewed,us,us
2026-01-28T19:45:11.840Z,6.2913,123.8417,10,4.4,mb,33,118,1.891,0.61,us,us6000s8y9,2026-04-21T16:27:58.040Z,"28 km SW of Sangay, Philippines",earthquake,12.06,1.91,0.11,24,reviewed,us,us
2026-01-28T23:43:56.536Z,6.2973,123.8079,10,5,mb,122,42,1.919,0.47,us,us6000s543,2026-04-21T16:27:54.040Z,"30 km WSW of Sangay, Philippines",earthquake,7.77,1.779,0.057,100,reviewed,us,us
2026-01-29T00:08:22.207Z,6.0531,123.6801,10,4.2,mb,19,156,2.14,0.67,us,us6000s8yu,2026-04-23T20:43:23.040Z,"58 km WSW of Palimbang, Philippines",earthquake,7.87,1.94,0.152,12,reviewed,us,us
2026-01-29T00:33:17.880Z,6.2022,123.6384,10,4.5,mb,35,123,2.112,0.42,us,us6000s8yv,2026-04-23T20:43:23.040Z,"52 km WSW of Sangay, Philippines",earthquake,10.59,1.929,0.109,25,reviewed,us,us
2026-01-29T22:31:12.199Z,6.4742,123.8704,10,4.6,mb,29,87,1.797,0.86,us,us6000s5ck,2026-04-23T20:43:16.040Z,"19 km WSW of Bantogon, Philippines",earthquake,9.33,1.243,0.122,21,reviewed,us,us
2026-01-29T23:05:18.609Z,6.5418,123.8182,10,4.9,mb,67,46,1.825,0.86,us,us6000s5cv,2026-04-23T20:43:16.040Z,"23 km W of Bantogon, Philippines",earthquake,7.4,1.875,0.081,49,reviewed,us,us
2026-01-30T00:49:17.041Z,6.4372,123.9181,10,5.1,mb,81,45,1.765,1.01,us,us6000s5d3,2026-04-23T20:43:16.040Z,"14 km W of Sangay, Philippines",earthquake,7.27,1.814,0.053,117,reviewed,us,us
2026-01-30T06:14:52.857Z,6.1301,125.7766,85.947,4.5,mb,58,104,0.954,0.97,us,us6000s905,2026-04-23T20:43:24.040Z,"8 km E of Kalian, Philippines",earthquake,11.7,7.091,0.075,52,reviewed,us,us
2026-01-30T21:19:04.676Z,6.3197,123.7528,10,4.3,mb,8,141,1.961,0.61,us,us6000s90p,2026-04-23T20:43:24.040Z,"35 km WSW of Sangay, Philippines",earthquake,12.54,1.967,0.239,5,reviewed,us,us
2026-01-31T07:23:15.947Z,6.2625,123.6982,10,4.6,mb,34,101,2.033,0.65,us,us6000s9iu,2026-04-23T20:43:24.040Z,"43 km WSW of Sangay, Philippines",earthquake,7.41,1.924,0.105,27,reviewed,us,us
2026-01-31T07:59:32.347Z,6.2,123.8392,10,4.5,mb,20,136,1.932,0.66,us,us6000s9j6,2026-04-23T20:43:24.040Z,"35 km SW of Sangay, Philippines",earthquake,9.51,1.795,0.144,14,reviewed,us,us
2026-01-31T08:21:37.758Z,6.1075,123.7484,10,4.2,mb,17,137,2.055,0.77,us,us6000s9j0,2026-04-23T20:43:24.040Z,"49 km SW of Sangay, Philippines",earthquake,12.55,1.953,0.152,12,reviewed,us,us
2026-01-31T12:10:05.592Z,6.1498,123.7417,10,4.1,mb,22,145,2.041,0.79,us,us6000s9j4,2026-04-23T20:43:24.040Z,"46 km SW of Sangay, Philippines",earthquake,6.16,1.934,0.127,17,reviewed,us,us
2026-01-31T18:34:44.544Z,6.7091,123.597,594.604,4.6,mb,160,43,2,0.62,us,us6000s5rp,2026-04-23T20:43:18.040Z,"47 km WSW of Gadung, Philippines",earthquake,9.71,6.775,0.04,185,reviewed,us,us
2026-02-01T02:58:00.241Z,6.2841,123.7506,10,4.5,mb,35,136,1.977,0.91,us,us6000s9t6,2026-04-23T20:43:25.040Z,"37 km WSW of Sangay, Philippines",earthquake,5.68,1.802,0.115,24,reviewed,us,us
2026-02-01T03:00:06.528Z,6.3174,123.683,10,4.4,mb,23,136,2.026,1.28,us,us6000s9t9,2026-04-23T20:43:25.040Z,"42 km WSW of Sangay, Philippines",earthquake,10.09,1.923,0.149,14,reviewed,us,us
2026-02-01T04:06:08.623Z,6.3192,123.6376,10,4.3,mb,18,88,2.067,0.71,us,us6000s9t0,2026-04-23T20:43:25.040Z,"47 km WSW of Sangay, Philippines",earthquake,10.69,1.923,0.189,9,reviewed,us,us
2026-02-01T06:55:19.992Z,6.2475,123.722,10,4.6,mb,43,50,2.017,0.98,us,us6000s9t4,2026-04-23T20:43:25.040Z,"41 km WSW of Sangay, Philippines",earthquake,8.48,1.877,0.095,33,reviewed,us,us
2026-02-02T09:58:22.586Z,6.4015,123.5296,9.876,4.1,mb,11,155,2.141,0.66,us,us6000s9zs,2026-04-23T20:43:26.040Z,"57 km W of Sangay, Philippines",earthquake,11.57,5.777,0.261,6,reviewed,us,us
2026-02-04T21:34:24.660Z,6.2825,123.921,10,4.5,mb,50,65,1.823,0.47,us,us6000s6k7,2026-04-23T20:43:23.040Z,"22 km SW of Sangay, Philippines",earthquake,9.24,1.918,0.088,38,reviewed,us,us
2026-02-05T04:19:59.982Z,6.2147,123.904,539.543,4.2,mb,76,82,7.802,0.64,us,us6000s6jp,2026-05-01T14:35:42.040Z,"29 km SSW of Sangay, Philippines",earthquake,12.08,10.322,0.068,60,reviewed,us,us
2026-02-05T18:36:41.253Z,7.3371,123.7422,584.029,4.3,mb,53,67,1.842,0.63,us,us6000s6rr,2026-05-01T14:35:42.040Z,"32 km W of Litayan, Philippines",earthquake,13,9.158,0.078,47,reviewed,us,us
2026-02-08T05:58:16.434Z,6.762,126.1917,10,4.3,mb,19,139,0.681,0.77,us,us7000rzrq,2026-05-01T14:35:54.040Z,"11 km ENE of Talisay, Philippines",earthquake,6.73,1.953,0.137,15,reviewed,us,us
2026-02-10T01:04:02.538Z,6.364,123.721,10,4.3,mb,26,123,1.974,0.38,us,us7000s07v,2026-05-01T14:35:54.040Z,"36 km WSW of Sangay, Philippines",earthquake,10.73,1.938,0.126,18,reviewed,us,us
2026-02-19T13:13:47.623Z,6.1725,123.6648,10,4.5,mb,30,97,2.1,0.52,us,us7000s28v,2026-05-12T17:28:01.040Z,"51 km SW of Sangay, Philippines",earthquake,9.62,1.922,0.115,22,reviewed,us,us
2026-02-20T10:22:18.755Z,4.8764,125.8392,97.441,4.3,mb,23,133,2.194,0.43,us,us7000s2ah,2026-05-12T17:28:03.040Z,"71 km SE of Sarangani, Philippines",earthquake,13.12,9.785,0.119,20,reviewed,us,us
2026-02-22T10:50:56.140Z,5.1024,124.8301,132.543,4.2,mb,22,110,2.091,1.03,us,us7000s2kp,2026-05-12T17:28:07.040Z,"77 km WSW of Sarangani, Philippines",earthquake,12.6,4.333,0.137,15,reviewed,us,us
2026-02-23T01:32:11.505Z,5.5537,126.349,87.601,4.3,mb,27,129,1.689,0.56,us,us7000s2ky,2026-05-12T17:28:08.040Z,"88 km ESE of Caburan, Philippines",earthquake,15.41,6.878,0.119,20,reviewed,us,us
2026-02-24T19:01:08.195Z,5.7664,123.5966,10,4.6,mb,46,69,2.358,0.54,us,us7000s01p,2026-05-12T17:28:17.040Z,"81 km SW of Palimbang, Philippines",earthquake,9.61,1.89,0.091,36,reviewed,us,us
2026-02-28T17:22:22.401Z,5.0219,125.9332,101.33,5.3,mww,251,22,2.065,0.67,us,us7000s135,2026-05-15T22:02:33.040Z,"67 km SE of Sarangani, Philippines",earthquake,7.67,4.312,0.063,24,reviewed,us,us
2026-03-02T23:52:07.100Z,6.5717,126.3447,93.086,4.3,mb,11,185,0.907,0.45,us,us6000sg3x,2026-05-15T22:02:25.040Z,"26 km ENE of Nangan, Philippines",earthquake,12.74,8.672,0.189,9,reviewed,us,us
2026-03-07T07:08:07.283Z,6.0763,126.0335,145.272,4.3,mb,19,126,1.085,0.69,us,us6000sgyb,2026-05-22T21:58:33.040Z,"35 km SSW of Pondaguitan, Philippines",earthquake,14.81,9.441,0.137,15,reviewed,us,us
2026-03-08T07:03:24.313Z,5.6062,126.2926,95.459,4,mb,25,126,1.618,0.61,us,us6000sgzl,2026-05-22T21:58:33.040Z,"79 km ESE of Caburan, Philippines",earthquake,9.78,7.518,0.126,17,reviewed,us,us
2026-03-21T17:38:07.815Z,5.2429,126.354,123.408,4.1,mb,13,162,1.971,0.63,us,us7000s94h,2026-06-04T18:38:10.040Z,"100 km E of Sarangani, Philippines",earthquake,17.71,10.467,0.166,10,reviewed,us,us
2026-03-24T05:20:08.877Z,5.7628,125.2783,10,4.3,mb,15,124,1.332,0.39,us,us6000sm0m,2026-06-04T18:38:01.040Z,"5 km ENE of Baliton, Philippines",earthquake,8.51,1.649,0.16,11,reviewed,us,us
2026-03-28T03:33:57.947Z,5.6461,125.5883,205.198,4.6,mb,66,37,1.414,0.8,us,us7000s8ay,2026-06-10T15:14:54.040Z,"13 km SE of Kalbay, Philippines",earthquake,9.24,6.774,0.059,93,reviewed,us,us
2026-04-01T05:01:39.254Z,5.3145,126.4369,10,4.2,mb,17,168,1.941,0.86,us,us6000snyp,2026-06-10T15:14:49.040Z,"108 km E of Sarangani, Philippines",earthquake,12.29,1.946,0.166,12,reviewed,us,us
2026-04-04T10:34:28.266Z,4.8733,126.1392,67,6,mww,106,41,2.252,1.1,us,us6000smj4,2026-06-20T17:05:13.040Z,"95 km SE of Sarangani, Philippines",earthquake,8.95,1.938,0.044,50,reviewed,us,us
2026-04-07T07:51:56.058Z,6.4284,125.5122,191.747,4.5,mb,67,87,0.641,0.56,us,us6000sn6t,2026-06-20T17:05:19.040Z,"5 km SW of Pangian, Philippines",earthquake,10.37,5.935,0.056,94,reviewed,us,us
2026-04-09T15:07:31.585Z,6.2348,125.9442,81.949,4.7,mb,43,85,0.905,0.68,us,us6000snpm,2026-06-24T16:34:28.040Z,"28 km SW of Surup, Philippines",earthquake,10.05,7.559,0.067,69,reviewed,us,us
2026-04-18T08:45:47.309Z,6.472,125.9238,150.863,4.4,mb,38,121,0.685,0.57,us,us7000sggu,2026-07-03T01:39:03.040Z,"19 km WSW of Luzon, Philippines",earthquake,12.3,6.805,0.087,38,reviewed,us,us
2026-04-18T12:30:53.299Z,5.6624,125.501,236.71,4.3,mb,48,110,1.4,1.13,us,us7000sgh7,2026-07-03T01:39:05.040Z,"4 km E of Sugal, Philippines",earthquake,10.4,6.164,0.08,44,reviewed,us,us
2026-05-04T14:04:12.268Z,5.3975,123.5227,556.564,4.3,mb,88,55,2.634,0.77,us,us7000si4w,2026-07-15T15:25:51.040Z,"116 km SW of Palimbang, Philippines",earthquake,10.99,7.861,0.065,66,reviewed,us,us
2026-05-10T01:50:14.495Z,5.6797,126.3366,103.705,4.6,mb,51,105,1.573,0.86,us,us6000swjc,2026-07-18T18:23:19.040Z,"77 km SSE of Pondaguitan, Philippines",earthquake,10.59,7.251,0.087,39,reviewed,us,us
2026-05-14T22:04:51.574Z,5.4133,126.1368,123.554,4,mb,18,132,1.736,0.81,us,us6000sz9t,2026-05-25T01:06:18.040Z,"74 km E of Sarangani, Philippines",earthquake,8.57,9.038,0.139,14,reviewed,us,us
2026-05-14T23:33:05.925Z,4.5368,125.5105,168.562,4.2,mb,12,158,2.517,0.63,us,us6000sza1,2026-05-30T04:38:03.040Z,"95 km S of Sarangani, Philippines",earthquake,20.64,11.731,0.176,9,reviewed,us,us
2026-05-16T11:25:44.044Z,6.8189,124.695,10,5,mww,65,41,0.912,0.66,us,us6000sy76,2026-05-24T09:32:16.040Z,"4 km SW of Badak, Philippines",earthquake,7.69,1.873,0.089,12,reviewed,us,us
2026-05-22T07:07:46.496Z,6.3077,124.0647,526.843,4,mb,46,89,1.684,0.93,us,us6000szge,2026-05-30T10:39:42.040Z,"15 km S of Sangay, Philippines",earthquake,13.28,9.613,0.089,34,reviewed,us,us
2026-05-25T03:11:36.793Z,5.3333,126.3596,115.083,4,mb,17,123,1.891,0.55,us,us7000spva,2026-06-15T01:25:39.040Z,"99 km E of Sarangani, Philippines",earthquake,13.16,10.768,0.139,14,reviewed,us,us
2026-06-01T04:42:22.467Z,6.7345,123.7281,10.115,4.3,mb,13,96,1.868,0.23,us,us7000sqy5,2026-06-24T01:51:05.040Z,"33 km WSW of Gadung, Philippines",earthquake,10.88,5.325,0.201,7,reviewed,us,us
2026-06-01T10:57:15.279Z,6.9146,126.2534,66.238,4.6,mb,36,117,0.687,0.64,us,us7000sptk,2026-06-20T08:46:41.040Z,"6 km SE of Mati, Philippines",earthquake,8.68,4.521,0.109,25,reviewed,us,us
2026-06-04T19:24:48.723Z,5.8671,125.9866,142.01,4.3,mb,51,88,1.261,0.69,us,us7000sqph,2026-06-22T18:43:10.040Z,"36 km ESE of Mangili, Philippines",earthquake,11.46,6.793,0.084,40,reviewed,us,us
2026-06-05T14:47:21.456Z,5.3905,125.9273,113.709,4.5,mb,41,82,1.704,1.09,us,us7000sqvc,2026-06-20T18:37:09.040Z,"51 km E of Sarangani, Philippines",earthquake,10.61,6.447,0.099,31,reviewed,us,us
2026-06-05T23:19:15.180Z,5.4504,125.8681,90.648,4.3,mb,25,111,1.634,0.69,us,us7000strx,2026-06-20T21:18:13.040Z,"45 km E of Sarangani, Philippines",earthquake,12.08,8.508,0.129,17,reviewed,us,us
2026-06-06T12:38:50.726Z,4.79,126.0772,101.818,4.2,mb,30,115,2.318,0.69,us,us7000sts6,2026-06-24T12:52:14.040Z,"96 km SE of Sarangani, Philippines",earthquake,10.78,7.077,0.104,26,reviewed,us,us
2026-06-07T23:37:41.970Z,5.5994,125.056,56.991,7.8,mww,150,21,1.55,0.5,us,us7000srb1,2026-07-25T02:54:28.102Z,"25 km SW of Kablalan, Philippines",earthquake,9,4.678,0.028,125,reviewed,us,us
2026-06-07T23:48:07.276Z,5.4579,125.2171,44.674,6.1,mb,77,48,1.641,0.9,us,us7000srbe,2026-07-02T19:28:26.952Z,"19 km SW of Balangonan, Philippines",earthquake,9.78,4.94,0.051,143,reviewed,us,us
2026-06-07T23:49:13.534Z,5.6563,125.2554,35,6,mb,99,48,1.441,0.97,us,us7000src3,2026-07-23T12:28:48.164Z,"5 km SSW of Pangyan, Philippines",earthquake,8.82,1.846,0.066,85,reviewed,us,us
2026-06-07T23:51:48.977Z,5.644,125.4164,69.857,5.7,mb,87,101,1.426,0.52,us,us7000stu3,2026-07-22T13:55:12.533Z,"2 km WNW of Nuing, Philippines",earthquake,10.15,5.732,0.084,50,reviewed,us,us
2026-06-08T00:01:32.036Z,5.1757,125.2898,35,4.5,mb,18,136,1.903,0.66,us,us7000stu9,2026-07-08T21:11:00.040Z,"31 km SW of Sarangani, Philippines",earthquake,10.71,1.935,0.172,10,reviewed,us,us
2026-06-08T00:07:40.703Z,5.4562,124.5986,35,4.8,mb,54,100,1.876,0.53,us,us7000stu6,2026-07-08T21:19:02.040Z,"54 km SSW of Katubao, Philippines",earthquake,4.86,1.873,0.107,27,reviewed,us,us
2026-06-08T00:11:10.015Z,5.4879,125.181,68.76,5.2,mb,55,89,1.62,0.69,us,us7000stu5,2026-07-01T20:21:20.040Z,"21 km WSW of Balangonan, Philippines",earthquake,7.2,4.67,0.126,21,reviewed,us,us
2026-06-08T00:12:26.736Z,5.3923,125.327,75.797,4.7,mb,47,108,1.685,0.46,us,us7000su0l,2026-07-01T20:23:12.040Z,"15 km W of Sarangani, Philippines",earthquake,12.42,7.074,0.095,34,reviewed,us,us
2026-06-08T00:18:20.840Z,5.3921,125.3256,65.306,5,mb,56,77,1.685,0.63,us,us7000stu4,2026-07-08T21:36:19.040Z,"15 km W of Sarangani, Philippines",earthquake,9.06,6.378,0.094,36,reviewed,us,us
2026-06-08T00:23:13.666Z,5.4887,125.067,81.022,4.4,mb,23,142,1.651,0.96,us,us7000stuc,2026-06-18T02:43:39.040Z,"32 km SW of Burias, Philippines",earthquake,15.29,8.968,0.134,16,reviewed,us,us
2026-06-08T00:32:17.647Z,5.6938,124.5172,35,4.4,mb,24,113,1.727,0.56,us,us7000su0s,2026-07-08T21:55:59.040Z,"34 km SSW of Tambilil, Philippines",earthquake,9.86,1.933,0.139,15,reviewed,us,us
2026-06-08T00:35:01.442Z,5.6073,125.4866,35.778,4.5,mb,25,133,1.456,0.82,us,us7000su0g,2026-06-18T03:54:50.040Z,"6 km E of Butulan, Philippines",earthquake,11.19,5.845,0.121,20,reviewed,us,us
2026-06-08T00:42:28.961Z,5.6968,125.3128,62.982,4.8,mb,58,82,1.389,0.76,us,us7000srcc,2026-07-01T20:47:08.040Z,"3 km E of Pangyan, Philippines",earthquake,8.88,6.105,0.082,46,reviewed,us,us
2026-06-08T00:44:31.044Z,5.6127,124.2824,10,4.5,mb,33,136,1.938,0.64,us,us7000su0i,2026-07-08T21:58:00.040Z,"52 km SSW of Maitum, Philippines",earthquake,11.56,1.91,0.108,25,reviewed,us,us
2026-06-08T00:48:42.117Z,5.5392,125.2658,58.454,4.9,mb,50,86,1.552,0.8,us,us7000srcd,2026-06-18T04:17:29.040Z,"10 km WSW of Balangonan, Philippines",earthquake,4.28,6.167,0.075,56,reviewed,us,us
2026-06-08T00:52:32.089Z,4.8729,125.3378,90.733,4.4,mb,52,108,2.195,0.53,us,us7000stud,2026-07-01T20:51:11.040Z,"60 km SSW of Sarangani, Philippines",earthquake,11.59,5.58,0.084,41,reviewed,us,us
2026-06-08T00:53:03.467Z,5.1977,125.152,36.938,5,mb,77,58,1.908,0.63,us,us7000srcf,2026-06-18T04:49:17.040Z,"41 km WSW of Sarangani, Philippines",earthquake,8.95,5.088,0.05,130,reviewed,us,us
2026-06-08T00:55:12.546Z,5.4747,125.2173,75.065,6.5,mb,144,23,1.625,0.64,us,us7000srcg,2026-06-18T05:07:48.031Z,"18 km SW of Balangonan, Philippines",earthquake,7.76,4.683,0.034,342,reviewed,us,us
2026-06-08T00:58:18.396Z,5.2831,125.7627,64.865,5.8,mb,55,50,1.784,0.73,us,us7000srci,2026-07-08T22:11:14.741Z,"35 km ESE of Sarangani, Philippines",earthquake,9.73,6.128,0.087,48,reviewed,us,us
2026-06-08T01:05:56.676Z,5.1741,125.0501,35,4.9,mb,29,133,1.955,1.21,us,us7000stuh,2026-06-26T23:06:32.040Z,"52 km WSW of Sarangani, Philippines",earthquake,9.75,1.919,0.108,29,reviewed,us,us
2026-06-08T01:10:54.345Z,4.9055,125.2297,35,5.2,mb,36,76,18.582,1.14,us,us7000srck,2026-07-09T21:49:17.040Z,"60 km SSW of Sarangani, Philippines",earthquake,12.35,1.879,0.079,52,reviewed,us,us
2026-06-08T01:16:38.638Z,5.2597,125.4036,35,4.8,mb,24,128,1.807,0.99,us,us7000stue,2026-06-26T23:15:27.040Z,"17 km SSW of Sarangani, Philippines",earthquake,11.36,1.921,0.116,25,reviewed,us,us
2026-06-08T01:17:01.349Z,5.2318,125.7291,35,4.7,mb,45,109,1.832,0.74,us,us7000stug,2026-06-26T23:42:11.040Z,"35 km ESE of Sarangani, Philippines",earthquake,10.49,1.689,0.098,35,reviewed,us,us
2026-06-08T01:19:33.870Z,5.5493,125.4671,67.133,4.3,mb,22,107,1.514,0.84,us,us7000stui,2026-06-27T02:19:10.040Z,"7 km ESE of Bukid, Philippines",earthquake,11.86,5.032,0.137,17,reviewed,us,us
2026-06-08T01:27:46.165Z,5.1114,125.3322,35,4.6,mb,31,122,1.961,1.35,us,us7000stul,2026-06-21T23:04:34.040Z,"35 km SSW of Sarangani, Philippines",earthquake,14.18,1.93,0.116,23,reviewed,us,us
2026-06-08T01:32:49.679Z,4.9321,125.3217,35,4.6,mb,24,130,10.426,0.98,us,us7000stuk,2026-06-21T23:36:48.040Z,"54 km SSW of Sarangani, Philippines",earthquake,15.29,1.934,0.125,21,reviewed,us,us
2026-06-08T01:35:28.437Z,5.3624,125.1299,35,5,mb,52,133,1.754,0.65,us,us7000stuj,2026-07-09T21:45:49.040Z,"34 km SW of Balangonan, Philippines",earthquake,10.28,1.918,0.062,86,reviewed,us,us
2026-06-08T01:38:56.867Z,5.4789,125.26,35,4.4,mb,33,124,1.612,0.41,us,us7000stum,2026-06-23T00:39:00.040Z,"14 km SW of Balangonan, Philippines",earthquake,10.52,1.187,0.117,21,reviewed,us,us
2026-06-08T01:40:39.556Z,5.2678,125.0497,35,4.4,mb,32,123,1.866,0.73,us,us7000stuq,2026-06-23T00:54:50.040Z,"47 km SW of Balangonan, Philippines",earthquake,12.41,1.931,0.11,24,reviewed,us,us
2026-06-08T01:41:30.646Z,5.5642,125.3121,35,4.6,mb,41,106,1.519,1.14,us,us7000stun,2026-06-23T02:21:22.040Z,"4 km WSW of Balangonan, Philippines",earthquake,9.65,1.919,0.084,43,reviewed,us,us
2026-06-08T01:46:24.847Z,5.2253,125.6014,56.299,4.6,mb,47,97,1.832,0.98,us,us7000srcz,2026-06-26T05:16:14.040Z,"24 km SE of Sarangani, Philippines",earthquake,8.53,5.386,0.091,38,reviewed,us,us
2026-06-08T01:57:26.629Z,5.6089,125.1962,65.505,4.4,mb,32,109,1.5,0.39,us,us7000stup,2026-06-23T02:38:47.040Z,"13 km SSW of Burias, Philippines",earthquake,9.31,6.496,0.117,22,reviewed,us,us
2026-06-08T02:03:38.215Z,5.2797,124.9842,35,4.3,mb,27,134,1.874,0.57,us,us7000stus,2026-06-23T02:52:14.040Z,"52 km SW of Balangonan, Philippines",earthquake,14.03,1.931,0.119,20,reviewed,us,us
2026-06-08T02:04:33.811Z,5.32,125.1289,35,4.3,mb,19,141,1.795,0.32,us,us7000su27,2026-06-23T03:44:56.040Z,"37 km SW of Balangonan, Philippines",earthquake,14.01,1.244,0.16,11,reviewed,us,us
2026-06-08T02:07:20.011Z,5.2658,124.9423,35,4.4,mb,36,136,1.901,0.38,us,us7000stur,2026-07-09T21:35:37.040Z,"56 km SW of Balangonan, Philippines",earthquake,11.02,1.928,0.112,25,reviewed,us,us
2026-06-08T02:11:34.820Z,5.1536,125.4979,35,4.4,mb,36,107,10.478,0.68,us,us7000stut,2026-06-23T04:32:27.040Z,"27 km S of Sarangani, Philippines",earthquake,13.34,1.912,0.106,27,reviewed,us,us
2026-06-08T02:12:30.736Z,5.6769,125.2054,75.536,4.8,mb,54,76,1.433,0.61,us,us7000srd3,2026-06-26T05:26:58.040Z,"6 km SW of Burias, Philippines",earthquake,5.63,6.965,0.06,90,reviewed,us,us
2026-06-08T02:34:50.830Z,5.6431,125.2231,70.007,4.4,mb,32,125,1.461,0.76,us,us7000stuv,2026-06-23T05:24:10.040Z,"8 km SSW of Burias, Philippines",earthquake,11.29,7.588,0.114,25,reviewed,us,us
2026-06-08T02:38:08.556Z,5.0512,125.0296,60,4.6,mb,36,129,17.368,0.68,us,us7000srd6,2026-06-27T02:58:39.040Z,"61 km SW of Sarangani, Philippines",earthquake,14.79,7.628,0.098,34,reviewed,us,us
2026-06-08T02:44:32.426Z,4.9214,125.2406,35,4.5,mb,43,114,2.16,0.68,us,us7000stux,2026-06-26T03:49:45.040Z,"58 km SSW of Sarangani, Philippines",earthquake,11.77,1.922,0.099,32,reviewed,us,us
2026-06-08T02:56:15.627Z,5.0521,125.3116,35,4.6,mb,33,136,2.022,1.01,us,us7000stuy,2026-06-26T04:13:20.040Z,"42 km SSW of Sarangani, Philippines",earthquake,13.37,1.631,0.081,46,reviewed,us,us
2026-06-08T02:59:45.427Z,4.8142,125.2383,35,4.4,mb,16,146,2.266,0.49,us,us7000stv2,2026-06-26T04:29:10.040Z,"69 km SSW of Sarangani, Philippines",earthquake,9.91,1.927,0.17,10,reviewed,us,us
2026-06-08T03:01:39.720Z,4.7208,125.3456,35,4.4,mb,25,125,22.675,0.55,us,us7000stv1,2026-06-30T05:03:11.040Z,"76 km S of Sarangani, Philippines",earthquake,14.27,1.874,0.123,19,reviewed,us,us
2026-06-08T03:06:19.503Z,4.8517,125.3321,49.856,4.7,mb,79,101,2.217,0.57,us,us7000srd9,2026-06-30T05:14:51.040Z,"62 km SSW of Sarangani, Philippines",earthquake,10.75,5.962,0.068,65,reviewed,us,us
2026-06-08T03:20:08.188Z,5.2778,124.7864,23.257,4.4,mb,25,136,1.947,0.86,us,us7000stv6,2026-06-30T23:23:43.040Z,"66 km S of Lumatil, Philippines",earthquake,9.93,5.486,0.123,19,reviewed,us,us
2026-06-08T03:23:24.504Z,5.4363,126.0869,17.9,4.6,mb,19,161,1.699,0.76,us,us7000stv8,2026-06-30T23:37:21.040Z,"69 km E of Sarangani, Philippines",earthquake,12.26,2.723,0.136,16,reviewed,us,us
2026-06-08T03:26:53.206Z,5.2615,125.1864,40.504,4.9,mb,106,74,1.838,0.61,us,us7000srdc,2026-06-30T23:50:41.040Z,"34 km WSW of Sarangani, Philippines",earthquake,9.51,5.343,0.059,91,reviewed,us,us
2026-06-08T03:29:06.285Z,5.0712,125.0016,35,4.5,mb,26,131,2.067,1.27,us,us7000stv5,2026-07-01T00:02:09.040Z,"63 km SW of Sarangani, Philippines",earthquake,13.16,1.934,0.121,20,reviewed,us,us
2026-06-08T03:47:36.988Z,5.2004,125.1968,75.743,4.4,mb,34,135,1.896,1.36,us,us7000stv9,2026-07-01T00:39:07.040Z,"37 km SW of Sarangani, Philippines",earthquake,14.5,7.825,0.109,24,reviewed,us,us
2026-06-08T03:49:55.477Z,5.5613,125.2423,61.469,4.4,mb,35,139,1.535,0.41,us,us7000stva,2026-07-01T00:48:52.040Z,"12 km W of Balangonan, Philippines",earthquake,13.01,7.969,0.107,25,reviewed,us,us
2026-06-08T03:52:18.338Z,5.1843,125.1086,35,4.5,mb,44,128,1.93,0.49,us,us7000srdh,2026-07-01T01:01:35.040Z,"46 km WSW of Sarangani, Philippines",earthquake,12.49,1.928,0.093,34,reviewed,us,us
2026-06-08T04:04:14.639Z,5.2518,124.996,7.323,4.3,mb,33,129,1.897,0.45,us,us7000stvd,2026-07-01T01:10:24.040Z,"53 km SW of Balangonan, Philippines",earthquake,13.48,4.909,0.114,22,reviewed,us,us
2026-06-08T04:07:54.972Z,4.7796,125.0333,52.116,4.5,mb,40,131,2.339,0.73,us,us7000srdy,2026-07-01T04:48:23.040Z,"83 km SW of Sarangani, Philippines",earthquake,13.68,2.031,0.094,33,reviewed,us,us
2026-06-08T04:17:57.890Z,5.4128,126.3381,12.19,4.3,mb,22,138,1.811,0.39,us,us7000stve,2026-07-01T04:57:37.040Z,"95 km SE of Caburan, Philippines",earthquake,15,5.183,0.138,15,reviewed,us,us
2026-06-08T04:36:03.367Z,5.1169,124.9171,10,4.1,mb,15,142,2.049,0.51,us,us7000stvh,2026-07-01T23:14:15.040Z,"68 km WSW of Sarangani, Philippines",earthquake,13.1,1.945,0.175,9,reviewed,us,us
2026-06-08T04:42:59.888Z,5.2028,125.1083,35,4.9,mb,101,77,1.913,0.53,us,us7000srdr,2026-07-01T23:51:35.040Z,"45 km WSW of Sarangani, Philippines",earthquake,9.31,1.9,0.059,90,reviewed,us,us
2026-06-08T04:44:29.910Z,4.807,125.3096,35,5.2,mb,218,35,2.264,0.62,us,us7000srdu,2026-07-02T00:12:50.040Z,"68 km SSW of Sarangani, Philippines",earthquake,8.4,1.8,0.044,172,reviewed,us,us
2026-06-08T04:46:42.924Z,4.9867,125.2095,35,5.6,mb,244,26,2.102,0.74,us,us7000srds,2026-07-02T01:27:29.793Z,"54 km SSW of Sarangani, Philippines",earthquake,7.55,1.794,0.044,184,reviewed,us,us
2026-06-08T04:50:01.566Z,4.8998,125.2449,12.686,5.2,mb,69,82,2.181,0.54,us,us7000stvj,2026-07-02T02:20:05.040Z,"60 km SSW of Sarangani, Philippines",earthquake,7.82,3.217,0.085,46,reviewed,us,us
2026-06-08T04:51:08.769Z,4.8567,125.2241,35,4.8,mb,24,129,10.436,0.67,us,us7000su59,2026-07-02T02:39:05.040Z,"66 km SSW of Sarangani, Philippines",earthquake,14.06,1.944,0.128,19,reviewed,us,us
2026-06-08T04:57:23.226Z,5.3904,125.3037,35,4.4,mb,30,119,1.691,0.48,us,us7000stvi,2026-07-02T02:54:43.040Z,"17 km W of Sarangani, Philippines",earthquake,8.93,1.923,0.115,22,reviewed,us,us
2026-06-08T05:03:24.965Z,5.2984,125.1103,66.537,4.5,mb,38,103,1.82,0.78,us,us7000stvk,2026-07-03T16:18:50.040Z,"40 km SW of Balangonan, Philippines",earthquake,13.13,8.105,0.1,29,reviewed,us,us
2026-06-08T05:12:04.500Z,5.2936,125.4095,55.864,5.5,mb,173,36,1.772,0.56,us,us7000sre1,2026-07-02T17:26:21.270Z,"13 km SSW of Sarangani, Philippines",earthquake,7.68,5.098,0.039,231,reviewed,us,us
2026-06-08T05:13:52.454Z,5.3253,125.2873,79.643,5.1,mb,47,108,1.757,0.6,us,us7000su57,2026-07-02T20:20:25.040Z,"21 km WSW of Sarangani, Philippines",earthquake,6.28,7.741,0.089,41,reviewed,us,us
2026-06-08T05:19:10.396Z,5.1906,125.0723,35,4.3,mb,26,86,1.933,0.51,us,us7000su3w,2026-07-03T17:02:14.040Z,"49 km WSW of Sarangani, Philippines",earthquake,12.27,1.934,0.13,17,reviewed,us,us
2026-06-08T05:36:15.356Z,5.0856,125.1512,35.577,4.6,mb,60,113,2.016,0.4,us,us7000sre4,2026-07-02T09:40:17.040Z,"49 km SW of Sarangani, Philippines",earthquake,10.49,5.943,0.078,49,reviewed,us,us
2026-06-08T05:38:16.873Z,5.3433,125.8838,44.033,4.7,mb,97,82,1.742,0.49,us,us7000sre5,2026-07-02T19:14:17.040Z,"47 km E of Sarangani, Philippines",earthquake,7.92,5.081,0.058,89,reviewed,us,us
2026-06-08T05:41:12.559Z,5.2885,125.3597,35,4.5,mb,53,102,1.783,0.64,us,us7000su41,2026-07-02T21:20:54.040Z,"17 km SW of Sarangani, Philippines",earthquake,11.91,1.928,0.084,44,reviewed,us,us
2026-06-08T05:58:57.415Z,5.0164,125.1297,35,5,mb,78,54,2.088,0.32,us,us7000sre8,2026-07-02T19:23:54.040Z,"56 km SW of Sarangani, Philippines",earthquake,8.7,1.888,0.06,88,reviewed,us,us
2026-06-08T06:07:12.243Z,5.3436,125.6154,35,4.7,mb,48,90,1.715,0.52,us,us7000stvm,2026-07-02T21:45:26.040Z,"18 km ESE of Sarangani, Philippines",earthquake,9.31,1.905,0.085,42,reviewed,us,us
2026-06-08T06:08:03.225Z,5.3479,125.2727,35,4.6,mb,70,102,1.737,0.78,us,us7000sred,2026-07-02T17:34:33.040Z,"22 km WSW of Sarangani, Philippines",earthquake,9.07,1.904,0.066,69,reviewed,us,us
2026-06-08T06:21:56.449Z,4.8335,125.3414,55.963,5.3,mb,124,42,2.234,0.46,us,us7000srec,2026-07-02T06:21:55.040Z,"64 km SSW of Sarangani, Philippines",earthquake,8.03,6.828,0.042,186,reviewed,us,us
2026-06-08T06:24:45.592Z,4.9178,125.3393,35,4.3,mb,24,136,2.151,0.51,us,us7000stzu,2026-07-02T20:52:56.040Z,"55 km SSW of Sarangani, Philippines",earthquake,10.02,1.665,0.126,18,reviewed,us,us
2026-06-08T06:28:00.826Z,5.3313,125.661,66.863,4.5,mb,62,83,1.729,0.41,us,us7000sref,2026-07-02T16:30:18.040Z,"23 km ESE of Sarangani, Philippines",earthquake,9.02,6.73,0.079,47,reviewed,us,us
2026-06-08T06:33:02.356Z,5.201,125.5961,35,4.6,mb,51,73,1.856,0.5,us,us7000stvn,2026-07-02T20:44:07.040Z,"26 km SSE of Sarangani, Philippines",earthquake,9.25,1.903,0.087,40,reviewed,us,us
2026-06-08T06:47:55.927Z,5.5383,124.9917,84.945,4.5,mb,56,103,1.629,0.7,us,us7000stvr,2026-07-02T21:29:49.040Z,"35 km SW of Kablalan, Philippines",earthquake,5.67,7.129,0.082,44,reviewed,us,us
2026-06-08T06:58:46.026Z,5.4285,125.2188,85.78,4.6,mb,72,102,1.669,0.52,us,us7000stvq,2026-07-02T19:47:50.040Z,"21 km SW of Balangonan, Philippines",earthquake,11.84,7.225,0.055,99,reviewed,us,us
2026-06-08T07:00:06.730Z,5.5078,125.0837,56.454,5,mb,114,81,1.628,0.39,us,us7000srem,2026-07-02T19:00:41.040Z,"29 km SW of Burias, Philippines",earthquake,8.25,5.8,0.047,143,reviewed,us,us
2026-06-08T07:10:39.330Z,4.9283,125.2359,35,4.6,mb,35,140,2.155,0.67,us,us7000stvt,2026-07-02T21:11:03.040Z,"58 km SSW of Sarangani, Philippines",earthquake,10.97,1.928,0.111,24,reviewed,us,us
2026-06-08T07:15:39.689Z,4.9442,125.2017,35,4.6,mb,65,107,2.145,0.51,us,us7000sret,2026-07-01T17:15:16.040Z,"58 km SSW of Sarangani, Philippines",earthquake,9.57,1.91,0.074,55,reviewed,us,us
2026-06-08T08:08:00.724Z,4.8761,125.0371,35,4.8,mb,57,120,2.245,0.34,us,us7000stvv,2026-07-02T19:54:59.040Z,"75 km SW of Sarangani, Philippines",earthquake,9.65,1.903,0.082,46,reviewed,us,us
2026-06-08T08:13:45.363Z,5.3895,125.0661,76.94,5.2,mb,131,72,1.745,0.54,us,us7000srf1,2026-07-02T17:58:55.040Z,"37 km WSW of Balangonan, Philippines",earthquake,7.11,5.581,0.042,190,reviewed,us,us
2026-06-08T08:17:23.755Z,5.0142,125.0994,35,4.7,mb,51,119,2.097,0.62,us,us7000stvw,2026-07-02T21:03:05.040Z,"59 km SW of Sarangani, Philippines",earthquake,9.82,1.918,0.087,40,reviewed,us,us
2026-06-08T08:23:22.342Z,5.3859,125.1047,35,4.6,mb,48,113,1.738,0.41,us,us7000stvx,2026-07-02T20:31:36.040Z,"34 km SW of Balangonan, Philippines",earthquake,5.94,1.916,0.09,37,reviewed,us,us
2026-06-08T08:35:12.472Z,5.5029,125.2582,35,4.4,mb,26,145,1.589,0.5,us,us7000stvy,2026-07-03T16:54:02.040Z,"13 km SW of Balangonan, Philippines",earthquake,11.78,1.952,0.127,18,reviewed,us,us
2026-06-08T08:40:42.913Z,5.394,125.0426,35,4.4,mb,20,120,1.748,0.7,us,us7000stw1,2026-07-03T17:10:22.040Z,"39 km WSW of Balangonan, Philippines",earthquake,9.37,1.894,0.155,12,reviewed,us,us
2026-06-08T08:45:54.842Z,5.1636,125.1999,57.894,4.6,mb,69,73,1.931,0.55,us,us7000srf6,2026-07-02T16:43:25.040Z,"39 km SW of Sarangani, Philippines",earthquake,9.44,7.022,0.07,60,reviewed,us,us
2026-06-08T08:50:15.552Z,5.2481,125.1684,35,4.4,mb,25,126,1.855,0.61,us,us7000stvz,2026-07-03T17:17:07.040Z,"36 km WSW of Sarangani, Philippines",earthquake,10.98,1.745,0.126,18,reviewed,us,us
2026-06-08T09:04:51.778Z,5.3269,124.6889,10.2,4.4,mb,34,127,1.944,1.09,us,us7000su0e,2026-07-02T12:05:57.040Z,"64 km SSW of Katubao, Philippines",earthquake,14.3,4.935,0.103,27,reviewed,us,us
2026-06-08T09:16:47.584Z,5,125.4105,12.324,4.7,mb,84,73,2.063,1.08,us,us7000stw4,2026-07-01T13:16:04.040Z,"44 km S of Sarangani, Philippines",earthquake,9,3.932,0.06,84,reviewed,us,us
2026-06-08T09:17:22.553Z,4.8051,125.2686,35,5.6,mb,124,23,2.271,1.04,us,us7000srf8,2026-07-16T12:04:29.334Z,"69 km SSW of Sarangani, Philippines",earthquake,6.03,1.808,0.043,187,reviewed,us,us
2026-06-08T09:28:30.163Z,4.8466,125.4602,35,5.2,mb,92,72,2.212,0.89,us,us7000srfa,2026-07-01T13:37:59.040Z,"61 km S of Sarangani, Philippines",earthquake,7.21,1.848,0.055,109,reviewed,us,us
2026-06-08T09:31:26.399Z,4.8211,125.6902,26.392,4.6,mb,39,114,2.236,0.79,us,us7000su0f,2026-07-02T15:00:30.040Z,"69 km SSE of Sarangani, Philippines",earthquake,10.46,5.543,0.105,31,reviewed,us,us
2026-06-08T10:04:07.630Z,5.2627,125.2196,71.465,4.6,mb,59,105,1.83,0.95,us,us7000srfd,2026-07-01T06:15:13.040Z,"31 km WSW of Sarangani, Philippines",earthquake,9.25,7.605,0.078,49,reviewed,us,us
2026-06-08T10:26:37.287Z,5.506,125.3019,90.055,4.4,mb,58,125,1.578,0.9,us,us7000stw8,2026-07-02T06:50:00.040Z,"9 km SW of Balangonan, Philippines",earthquake,4.96,8.032,0.08,45,reviewed,us,us
2026-06-08T10:46:14.848Z,5.5715,125.2495,62.36,4.4,mb,40,109,1.524,0.45,us,us7000stwa,2026-07-02T08:12:08.040Z,"11 km W of Balangonan, Philippines",earthquake,12.71,7.695,0.095,32,reviewed,us,us
2026-06-08T11:01:42.776Z,5.2232,124.9759,35,4.2,mb,22,150,1.93,0.99,us,us7000stwe,2026-07-12T12:24:38.040Z,"57 km SW of Balangonan, Philippines",earthquake,13.99,1.954,0.128,17,reviewed,us,us
2026-06-08T11:12:25.692Z,5.5803,125.2427,82.812,4.4,mb,35,82,1.517,1.1,us,us7000stwb,2026-06-30T11:51:06.040Z,"12 km W of Balangonan, Philippines",earthquake,12.98,7.875,0.101,28,reviewed,us,us
2026-06-08T11:22:33.435Z,5.5916,125.206,88.29,5.5,mb,117,33,1.514,0.79,us,us7000srfx,2026-07-08T16:18:35.719Z,"14 km SW of Pangyan, Philippines",earthquake,8.95,4.871,0.039,224,reviewed,us,us
2026-06-08T11:37:05.085Z,5.686,125.2808,75.161,4.3,mb,60,69,1.406,0.83,us,us7000stwf,2026-06-30T12:33:58.040Z,"1 km S of Pangyan, Philippines",earthquake,10.34,7.095,0.079,45,reviewed,us,us
2026-06-08T11:50:54.942Z,5.3437,125.1905,83.056,4.2,mb,48,117,1.758,0.74,us,us7000stwj,2026-06-30T13:02:39.040Z,"30 km WSW of Sarangani, Philippines",earthquake,12.97,7.871,0.081,42,reviewed,us,us
2026-06-08T11:54:18.722Z,4.7831,125.4023,78.616,4.4,mb,48,134,2.278,0.74,us,us7000stwg,2026-06-30T12:41:22.040Z,"68 km S of Sarangani, Philippines",earthquake,13.93,8.074,0.083,41,reviewed,us,us
2026-06-08T11:54:58.791Z,5.0783,124.9891,35,4.6,mb,69,119,18.822,0.59,us,us7000su40,2026-07-12T10:38:59.040Z,"63 km SW of Sarangani, Philippines",earthquake,14.09,1.918,0.071,59,reviewed,us,us
2026-06-08T11:55:09.303Z,5.2298,125.0507,35,4.5,mb,52,119,18.944,0.66,us,us7000su45,2026-07-12T10:34:47.040Z,"49 km WSW of Sarangani, Philippines",earthquake,14.04,1.926,0.085,40,reviewed,us,us
2026-06-08T11:59:52.170Z,5.4913,125.331,70.1,4.3,mb,39,133,1.587,0.89,us,us7000stwh,2026-06-30T12:46:54.040Z,"9 km SSW of Balangonan, Philippines",earthquake,14.44,4.112,0.09,35,reviewed,us,us
2026-06-08T12:10:53.836Z,5.5892,125.1811,82.418,4,mb,31,125,1.523,0.97,us,us7000stwl,2026-06-30T16:24:44.040Z,"16 km SSW of Burias, Philippines",earthquake,12.64,8.846,0.108,23,reviewed,us,us
2026-06-08T12:44:22.653Z,5.4055,125.2064,89.135,4.4,mb,71,120,1.694,0.78,us,us7000srgh,2026-06-30T15:35:06.040Z,"24 km SW of Balangonan, Philippines",earthquake,12.45,8.32,0.069,62,reviewed,us,us
2026-06-08T12:45:52.505Z,4.9679,125.5268,49.563,4.2,mb,19,134,2.089,0.8,us,us7000stwn,2026-06-30T13:28:44.040Z,"48 km S of Sarangani, Philippines",earthquake,14.88,7.108,0.137,15,reviewed,us,us
2026-06-08T12:52:36.085Z,5.0546,125.3197,88.68,4.1,mb,19,133,2.018,0.68,us,us7000stwm,2026-06-30T13:20:33.040Z,"41 km SSW of Sarangani, Philippines",earthquake,14.51,8.591,0.145,13,reviewed,us,us
2026-06-08T13:05:36.828Z,4.7517,125.4204,75.272,4.5,mb,44,133,2.308,0.9,us,us7000srgk,2026-06-23T19:31:54.040Z,"72 km S of Sarangani, Philippines",earthquake,14.65,7.162,0.093,34,reviewed,us,us
2026-06-08T13:35:42.534Z,4.6399,125.2926,64.182,4.5,mb,40,141,2.43,0.79,us,us7000stwp,2026-07-09T13:49:37.040Z,"86 km SSW of Sarangani, Philippines",earthquake,13.35,6.806,0.095,32,reviewed,us,us
2026-06-08T13:37:57.211Z,5.006,125.2001,44.66,5.2,mb,101,43,2.084,0.72,us,us7000srgq,2026-06-23T19:34:35.040Z,"52 km SSW of Sarangani, Philippines",earthquake,8.27,5.136,0.048,146,reviewed,us,us
2026-06-08T13:46:16.380Z,5.1243,125.0751,9.977,4.3,mb,22,129,1.996,0.59,us,us7000stwu,2026-07-09T14:03:30.040Z,"52 km SW of Sarangani, Philippines",earthquake,15.55,4.996,0.133,17,reviewed,us,us
2026-06-08T13:53:12.478Z,4.7943,125.5192,48.661,4.3,mb,34,109,2.261,0.87,us,us7000stwt,2026-06-23T19:28:55.040Z,"67 km S of Sarangani, Philippines",earthquake,12.88,6.744,0.116,22,reviewed,us,us
2026-06-08T14:04:33.694Z,4.9484,125.4618,73.751,4.2,mb,39,103,2.111,0.85,us,us7000stwv,2026-06-23T19:40:35.040Z,"50 km S of Sarangani, Philippines",earthquake,11.84,5.129,0.098,29,reviewed,us,us
2026-06-08T14:22:11.474Z,4.7032,125.3476,81.48,4.5,mb,19,130,2.362,0.88,us,us7000stww,2026-06-23T19:56:56.040Z,"78 km S of Sarangani, Philippines",earthquake,13.33,9.406,0.171,10,reviewed,us,us
2026-06-08T14:37:38.449Z,4.8219,125.3941,78.15,4.8,mb,52,87,2.24,0.64,us,us7000srh6,2026-06-23T20:10:00.040Z,"64 km S of Sarangani, Philippines",earthquake,7.06,7.118,0.064,79,reviewed,us,us
2026-06-08T14:53:05.204Z,5.7353,124.8562,54.706,5.2,mb,107,41,1.508,0.57,us,us7000srh8,2026-06-23T20:14:54.040Z,"15 km SSW of Lumatil, Philippines",earthquake,8.28,5.512,0.043,183,reviewed,us,us
2026-06-08T15:01:52.254Z,5.6673,124.9052,68.991,4.2,mb,14,132,1.546,0.81,us,us7000stwx,2026-06-21T19:28:19.040Z,"22 km SSW of Daliao, Philippines",earthquake,8.86,8.981,0.187,9,reviewed,us,us
2026-06-08T15:03:13.350Z,5.148,125.1342,35,4.3,mb,25,117,20.999,0.88,us,us7000stx1,2026-07-09T14:45:30.040Z,"46 km SW of Sarangani, Philippines",earthquake,12.37,1.923,0.119,21,reviewed,us,us
2026-06-08T15:09:14.624Z,5.6978,124.892,63.955,4.3,mb,29,74,1.524,1.15,us,us7000stwz,2026-06-21T19:42:57.040Z,"19 km SSW of Daliao, Philippines",earthquake,7.52,7.646,0.129,20,reviewed,us,us
2026-06-08T15:14:22.217Z,5.5968,124.7156,10,4.3,mb,13,127,1.696,0.45,us,us7000stqt,2026-06-21T20:09:07.040Z,"34 km SSW of Katubao, Philippines",earthquake,11.79,1.924,0.201,8,reviewed,us,us
2026-06-08T15:39:49.931Z,5.0051,125.373,37.112,4.6,mb,59,87,10.447,0.73,us,us7000srhn,2026-07-09T14:46:40.040Z,"45 km SSW of Sarangani, Philippines",earthquake,10.59,5.384,0.075,55,reviewed,us,us
2026-06-08T15:49:21.908Z,5.5818,125.0925,39.024,4.2,mb,19,109,1.555,1.01,us,us7000su09,2026-06-25T14:14:07.040Z,"23 km SW of Burias, Philippines",earthquake,11.2,6.395,0.176,13,reviewed,us,us
2026-06-08T16:16:39.885Z,5.0413,125.2802,17.398,4.5,mb,32,103,2.037,0.81,us,us7000stx6,2026-06-25T14:34:20.040Z,"44 km SSW of Sarangani, Philippines",earthquake,8.27,3.473,0.131,20,reviewed,us,us
2026-06-08T16:25:46.521Z,5.2178,125.3786,69.106,4.4,mb,35,124,1.85,0.96,us,us7000stx8,2026-06-25T15:37:06.040Z,"22 km SSW of Sarangani, Philippines",earthquake,11.26,8.025,0.101,30,reviewed,us,us
2026-06-08T17:41:31.735Z,4.5518,125.3882,23.455,4.7,mb,73,89,2.508,0.64,us,us7000srjt,2026-06-21T13:06:01.376Z,"94 km S of Sarangani, Philippines",earthquake,10.02,4.943,0.065,72,reviewed,us,us
2026-06-08T18:29:00.051Z,4.9172,125.4299,46.231,5.1,mb,70,72,2.143,0.76,us,us7000srk7,2026-06-21T13:15:23.040Z,"53 km S of Sarangani, Philippines",earthquake,9.53,5.773,0.048,144,reviewed,us,us
2026-06-08T19:18:48.445Z,5.004,125.1867,10,4.4,mb,37,135,2.089,0.6,us,us7000stxc,2026-06-19T15:37:56.040Z,"53 km SW of Sarangani, Philippines",earthquake,11.22,1.904,0.1,29,reviewed,us,us
2026-06-08T19:19:15.627Z,5.1497,125.248,35,4.6,mb,41,70,1.936,0.8,us,us7000su0m,2026-06-19T16:50:13.040Z,"36 km SW of Sarangani, Philippines",earthquake,6.63,1.887,0.095,34,reviewed,us,us
2026-06-08T19:24:44.660Z,5.0289,124.7555,35,4.8,mb,49,77,2.186,0.63,us,us7000srkw,2026-06-21T13:35:25.040Z,"88 km WSW of Sarangani, Philippines",earthquake,9.42,1.912,0.073,58,reviewed,us,us
2026-06-08T20:03:02.800Z,4.7631,125.4177,10,4.4,mb,40,108,2.297,0.46,us,us7000stxf,2026-06-19T15:56:06.040Z,"70 km S of Sarangani, Philippines",earthquake,11.07,1.883,0.1,30,reviewed,us,us
2026-06-08T21:58:56.502Z,5.6029,124.7675,71.209,4.4,mb,35,93,1.665,0.69,us,us7000stxm,2026-06-18T22:55:44.040Z,"32 km SSW of Katubao, Philippines",earthquake,10.74,8.003,0.102,28,reviewed,us,us
2026-06-08T22:17:12.343Z,5.0615,125.1812,73.5,4.5,mb,42,101,2.034,0.66,us,us7000stxn,2026-06-18T23:15:59.040Z,"49 km SW of Sarangani, Philippines",earthquake,7.48,7.484,0.097,31,reviewed,us,us
2026-06-08T22:20:36.809Z,5.264,125.4197,67.565,4.4,mb,33,133,1.801,0.67,us,us7000stxt,2026-07-01T21:53:59.040Z,"16 km SSW of Sarangani, Philippines",earthquake,14.91,8.197,0.106,26,reviewed,us,us
2026-06-08T22:30:50.660Z,5.328,125.1356,65,4.3,mb,27,133,1.785,0.53,us,us7000stxs,2026-06-18T23:55:17.040Z,"36 km SW of Balangonan, Philippines",earthquake,13.91,1.97,0.116,21,reviewed,us,us
2026-06-08T22:38:04.410Z,5.4335,125.2623,71.618,4.9,mb,59,110,1.656,0.61,us,us7000srm7,2026-06-19T20:49:00.040Z,"18 km SSW of Balangonan, Philippines",earthquake,11.08,1.628,0.052,116,reviewed,us,us
2026-06-08T23:14:48.594Z,5.1421,125.5941,65,4.4,mb,31,110,1.915,0.94,us,us7000stxw,2026-07-01T22:10:39.040Z,"32 km SSE of Sarangani, Philippines",earthquake,10.86,1.964,0.12,20,reviewed,us,us
2026-06-08T23:21:52.728Z,5.5905,125.2037,57.91,4.7,mb,55,122,1.516,0.74,us,us7000srml,2026-07-01T22:13:13.040Z,"14 km SW of Pangyan, Philippines",earthquake,9.93,7.54,0.088,39,reviewed,us,us
2026-06-08T23:38:09.964Z,5.4105,125.215,64.968,4.3,mb,45,101,1.688,0.57,us,us7000su1v,2026-07-01T22:25:25.040Z,"23 km SW of Balangonan, Philippines",earthquake,9.14,7.588,0.094,33,reviewed,us,us
2026-06-08T23:38:24.150Z,5.5438,125.4558,55.075,5,mb,61,61,1.521,0.63,us,us7000srmq,2026-07-01T22:24:05.040Z,"6 km ESE of Bukid, Philippines",earthquake,8.8,5.642,0.058,97,reviewed,us,us
2026-06-09T00:49:11.032Z,4.8837,125.6452,70.102,4.4,mb,30,125,2.173,0.78,us,us7000stxy,2026-06-19T22:08:46.040Z,"60 km SSE of Sarangani, Philippines",earthquake,12.79,5.519,0.117,22,reviewed,us,us
2026-06-09T00:58:38.839Z,4.6692,125.2846,60.761,4.4,mb,32,124,2.403,0.73,us,us7000stxz,2026-06-19T23:08:20.040Z,"83 km SSW of Sarangani, Philippines",earthquake,13.99,7.662,0.115,22,reviewed,us,us
2026-06-09T01:05:03.162Z,4.7952,125.3756,9.641,4.5,mb,20,133,2.269,0.56,us,us7000srnk,2026-07-02T03:42:38.040Z,"67 km S of Sarangani, Philippines",earthquake,15.07,5.064,0.151,13,reviewed,us,us
2026-06-09T01:06:34.324Z,5.5397,124.9586,54.704,4.3,mb,27,133,1.64,0.55,us,us7000sty0,2026-07-02T03:49:57.040Z,"35 km S of Maasim, Philippines",earthquake,13.84,8.106,0.119,20,reviewed,us,us
2026-06-09T01:18:58.195Z,5.5657,125.2409,60.755,4.6,mb,73,81,1.531,0.59,us,us7000srn9,2026-07-02T04:13:10.040Z,"12 km W of Balangonan, Philippines",earthquake,9.59,2.189,0.071,59,reviewed,us,us
2026-06-09T01:45:24.405Z,5.667,125.1921,90.719,4.2,mb,29,125,1.446,0.36,us,us7000sty2,2026-07-02T04:28:45.040Z,"8 km SW of Burias, Philippines",earthquake,12.19,7.376,0.11,23,reviewed,us,us
2026-06-09T02:21:07.195Z,5.7511,124.8892,90.542,4.1,mb,21,109,1.479,0.59,us,us7000sty4,2026-07-03T00:59:41.040Z,"13 km S of Lumatil, Philippines",earthquake,9.37,7.409,0.14,14,reviewed,us,us
2026-06-09T02:46:31.796Z,5.1395,124.932,35,4.4,mb,24,133,2.023,0.71,us,us7000sty6,2026-07-03T01:13:02.040Z,"65 km WSW of Sarangani, Philippines",earthquake,13.73,1.941,0.13,17,reviewed,us,us
2026-06-09T05:49:25.570Z,5.5136,125.3192,80.732,4.3,mb,31,119,1.567,0.77,us,us7000stya,2026-06-30T13:35:54.040Z,"7 km SSW of Balangonan, Philippines",earthquake,11.91,8.991,0.109,24,reviewed,us,us
2026-06-09T06:15:18.530Z,5.4391,125.2128,83.053,5.2,mb,108,65,1.66,0.79,us,us7000srp0,2026-06-30T15:40:06.040Z,"21 km SW of Balangonan, Philippines",earthquake,9.38,5.185,0.043,182,reviewed,us,us
2026-06-09T06:36:24.404Z,5.1445,124.8742,35,4.4,mb,32,84,2.037,0.79,us,us7000styb,2026-07-12T12:20:09.040Z,"71 km SW of Balangonan, Philippines",earthquake,7.82,1.927,0.118,21,reviewed,us,us
2026-06-09T07:20:16.934Z,4.829,125.4486,43.577,4.6,mb,71,102,2.23,0.86,us,us7000srpa,2026-07-02T06:38:14.040Z,"63 km S of Sarangani, Philippines",earthquake,8.12,6.21,0.071,60,reviewed,us,us
2026-06-09T07:48:37.903Z,5.3723,125.7411,81.222,4.5,mb,46,102,1.694,0.94,us,us7000styg,2026-07-02T10:11:21.040Z,"30 km E of Sarangani, Philippines",earthquake,11.47,7.734,0.09,36,reviewed,us,us
2026-06-09T08:09:07.210Z,5.6711,125.4236,10,4.3,mb,28,131,1.398,0.45,us,us7000styi,2026-07-02T15:08:09.040Z,"4 km WNW of Sugal, Philippines",earthquake,8.21,1.84,0.126,19,reviewed,us,us
2026-06-09T08:15:33.731Z,5.6011,125.5185,36.195,4.9,mb,60,102,1.46,0.65,us,us7000srph,2026-07-01T08:50:42.040Z,"9 km SE of Sugal, Philippines",earthquake,9.5,5.287,0.076,54,reviewed,us,us
2026-06-09T08:51:30.128Z,5.4479,125.2484,75.698,4.8,mb,50,78,1.644,1.06,us,us7000styl,2026-07-02T11:35:10.040Z,"18 km SW of Balangonan, Philippines",earthquake,8.07,7.497,0.061,81,reviewed,us,us
2026-06-09T09:38:02.202Z,5.5707,125.7044,77.272,4.6,mb,34,119,1.494,0.81,us,us7000styn,2026-07-03T16:33:03.040Z,"28 km SE of Kalbay, Philippines",earthquake,7.3,7.358,0.105,27,reviewed,us,us
2026-06-09T10:07:28.732Z,5.6937,124.7105,35,5.3,mww,132,30,1.617,0.58,us,us7000srpu,2026-07-10T07:44:29.040Z,"25 km SSW of Katubao, Philippines",earthquake,7.3,1.874,0.078,16,reviewed,us,us
2026-06-09T10:14:03.159Z,5.6656,124.9535,65.737,4.5,mb,35,126,1.527,1.02,us,us7000styr,2026-07-03T17:25:12.040Z,"21 km S of Daliao, Philippines",earthquake,9.3,7.496,0.106,26,reviewed,us,us
2026-06-09T10:32:54.770Z,5.53,125.1737,84.865,4.4,mb,54,104,1.582,0.41,us,us7000stys,2026-07-03T17:32:11.040Z,"20 km WSW of Balangonan, Philippines",earthquake,10.55,7.605,0.084,41,reviewed,us,us
2026-06-09T11:07:15.473Z,5.7082,124.9954,77.267,4.5,mb,38,101,1.472,0.87,us,us7000styt,2026-07-03T16:06:22.040Z,"16 km S of Maasim, Philippines",earthquake,11.22,1.484,0.095,32,reviewed,us,us
2026-06-09T11:20:02.335Z,5.294,125.3176,70.939,4.6,mb,66,102,1.783,0.5,us,us7000styw,2026-07-02T21:37:45.040Z,"20 km SW of Sarangani, Philippines",earthquake,10.83,7.21,0.075,53,reviewed,us,us
2026-06-09T11:43:41.688Z,5.4556,125.3386,73.236,4.2,mb,24,107,1.621,0.65,us,us7000styx,2026-07-03T17:38:14.040Z,"13 km S of Balangonan, Philippines",earthquake,11.27,7.176,0.141,15,reviewed,us,us
2026-06-09T12:04:07.020Z,4.9195,125.492,88.407,4.2,mb,23,119,2.138,0.54,us,us7000stz0,2026-07-02T12:45:47.040Z,"53 km S of Sarangani, Philippines",earthquake,13.93,2.103,0.141,14,reviewed,us,us
2026-06-09T12:49:47.282Z,5.6643,124.7389,43.568,4.6,mb,41,102,1.627,0.78,us,us7000stz1,2026-07-03T15:58:10.040Z,"26 km SSW of Katubao, Philippines",earthquake,10.1,5.891,0.091,36,reviewed,us,us
2026-06-09T12:55:04.244Z,5.0929,125.3294,51.538,4.7,mb,88,71,1.979,0.36,us,us7000srqm,2026-07-02T17:46:37.040Z,"37 km SSW of Sarangani, Philippines",earthquake,4.68,6.702,0.061,81,reviewed,us,us
2026-06-09T13:09:30.456Z,5.044,125.066,14.613,4.6,mb,38,144,2.076,0.5,us,us7000stz3,2026-07-15T17:56:42.040Z,"59 km SW of Sarangani, Philippines",earthquake,12.62,5.01,0.095,33,reviewed,us,us
2026-06-09T13:13:54.233Z,5.8431,125.2377,113.406,4.6,mb,17,140,1.265,0.81,us,us7000stz2,2026-07-02T05:09:55.040Z,"2 km ESE of Glan Peidu, Philippines",earthquake,14.36,5.84,0.145,14,reviewed,us,us
2026-06-09T13:27:11.307Z,5.6779,125.1325,102.262,4.5,mb,36,140,1.452,0.5,us,us7000stz4,2026-07-15T18:03:17.040Z,"13 km SSW of Kablalan, Philippines",earthquake,14.71,7.789,0.094,33,reviewed,us,us
2026-06-09T16:49:26.926Z,5.5634,125.3482,78.518,5.1,mww,138,24,1.514,0.58,us,us7000sru0,2026-06-12T20:47:25.369Z,"1 km SSW of Balangonan, Philippines",earthquake,6.54,4.652,0.11,8,reviewed,us,us
2026-06-09T17:21:27.842Z,4.9817,125.3384,60.247,4.3,mb,44,114,2.088,0.69,us,us7000stz9,2026-06-24T14:28:32.040Z,"48 km SSW of Sarangani, Philippines",earthquake,5.96,7.804,0.095,32,reviewed,us,us
2026-06-09T17:40:39.175Z,4.8762,125.2761,53.716,5.1,mww,94,75,2.2,0.65,us,us7000sruf,2026-06-24T14:37:12.040Z,"61 km SSW of Sarangani, Philippines",earthquake,7.61,5.349,0.078,16,reviewed,us,us
2026-06-09T17:46:54.540Z,5.4049,125.2331,87.65,4.1,mb,17,116,1.689,0.82,us,us7000stzb,2026-06-24T14:46:23.040Z,"22 km SW of Balangonan, Philippines",earthquake,11.89,9.193,0.165,10,reviewed,us,us
2026-06-09T18:09:53.522Z,5.7669,125.2761,42.528,5.1,mb,108,51,1.329,0.75,us,us7000srun,2026-06-24T15:07:23.040Z,"5 km ENE of Baliton, Philippines",earthquake,9.04,5.338,0.044,164,reviewed,us,us
2026-06-09T19:23:00.045Z,4.5805,125.2388,107.247,4.3,mb,20,124,2.496,0.66,us,us7000stze,2026-06-24T18:23:10.040Z,"94 km SSW of Sarangani, Philippines",earthquake,9.21,8.696,0.153,14,reviewed,us,us
2026-06-09T22:00:44.185Z,4.814,125.4286,69.208,4.4,mb,37,87,2.246,0.69,us,us7000srx2,2026-06-20T00:17:29.040Z,"65 km S of Sarangani, Philippines",earthquake,9.66,6.866,0.107,25,reviewed,us,us
2026-06-09T22:44:04.129Z,5.215,125.2883,18.745,4.3,mb,22,128,1.865,0.28,us,us7000stzg,2026-07-01T22:39:07.040Z,"28 km SW of Sarangani, Philippines",earthquake,13.71,4.654,0.133,16,reviewed,us,us
2026-06-09T23:14:43.481Z,5.3285,125.418,65.808,4.8,mb,80,84,1.737,0.8,us,us7000srxa,2026-07-01T22:41:39.040Z,"9 km SSW of Sarangani, Philippines",earthquake,8.81,5.587,0.054,107,reviewed,us,us
2026-06-09T23:45:42.720Z,4.5986,125.4031,71.041,4.5,mb,29,105,2.461,0.68,us,us7000stzi,2026-06-20T02:57:34.040Z,"89 km S of Sarangani, Philippines",earthquake,8.96,8.212,0.119,21,reviewed,us,us
2026-06-10T00:05:44.651Z,5.0899,124.7926,35,4.4,mb,29,130,2.116,0.75,us,us7000stqu,2026-07-08T22:15:20.040Z,"82 km SW of Balangonan, Philippines",earthquake,13.05,1.928,0.114,22,reviewed,us,us
2026-06-10T01:12:59.889Z,4.7203,124.991,10,4.3,mb,16,145,2.406,1.08,us,us7000stzl,2026-06-26T03:21:29.040Z,"91 km SW of Sarangani, Philippines",earthquake,15.46,1.919,0.169,10,reviewed,us,us
2026-06-10T01:54:24.017Z,5.6601,125.2663,85.753,5,mb,75,101,1.434,0.81,us,us7000sry1,2026-06-26T03:41:59.404Z,"4 km SSW of Pangyan, Philippines",earthquake,8.77,5.17,0.069,68,reviewed,us,us
2026-06-10T07:24:45.386Z,5.6105,125.402,93.216,4.2,mb,39,102,1.46,0.88,us,us7000su47,2026-07-16T13:34:32.040Z,"3 km W of Butulan, Philippines",earthquake,9.79,8.146,0.088,36,reviewed,us,us
2026-06-10T08:14:24.347Z,5.3394,124.9545,13.591,4.4,mb,36,126,1.828,0.73,us,us7000su4a,2026-07-02T14:37:51.040Z,"51 km WSW of Balangonan, Philippines",earthquake,10.59,4.799,0.105,26,reviewed,us,us
2026-06-10T09:13:42.539Z,5.6831,125.3682,58.457,5.1,mb,134,51,1.393,0.37,us,us7000srzt,2026-07-02T06:54:20.040Z,"9 km NW of Nuing, Philippines",earthquake,7.95,6.628,0.041,194,reviewed,us,us
2026-06-10T11:07:56.217Z,5.4196,125.2919,35,4.8,mb,58,102,1.664,0.43,us,us7000ss0f,2026-07-02T10:01:28.040Z,"18 km SSW of Balangonan, Philippines",earthquake,9.26,1.918,0.057,94,reviewed,us,us
2026-06-10T11:46:13.671Z,5.4672,124.7981,35,4.5,mb,41,134,1.771,0.49,us,us7000su4m,2026-07-02T20:12:11.040Z,"46 km SSW of Lumatil, Philippines",earthquake,9.65,1.876,0.098,31,reviewed,us,us
2026-06-10T12:18:06.656Z,5.5207,125.316,60.224,4.4,mb,50,123,1.561,0.67,us,us7000su4n,2026-07-02T20:06:16.040Z,"7 km SW of Balangonan, Philippines",earthquake,12.42,7.795,0.084,41,reviewed,us,us
2026-06-10T17:26:08.870Z,5.4507,124.5797,35,4.1,mb,14,200,1.89,0.5,us,us7000su3p,2026-07-02T07:13:17.040Z,"55 km SSW of Katubao, Philippines",earthquake,7.05,1.986,0.165,10,reviewed,us,us
2026-06-10T23:26:26.852Z,4.849,125.4113,35,5.1,mb,83,96,2.212,0.76,us,us7000ss4r,2026-06-26T23:03:56.040Z,"61 km S of Sarangani, Philippines",earthquake,9.25,1.868,0.068,71,reviewed,us,us
2026-06-11T00:00:43.593Z,4.9342,125.4058,35,4.8,mb,62,101,2.128,0.96,us,us7000ss4y,2026-07-03T02:56:47.040Z,"52 km S of Sarangani, Philippines",earthquake,8.67,1.897,0.08,49,reviewed,us,us
2026-06-11T00:18:04.106Z,5.6633,125.0732,97.659,4.3,mb,20,129,1.485,0.87,us,us7000su3v,2026-07-02T23:18:01.040Z,"18 km SW of Kablalan, Philippines",earthquake,12.92,8.428,0.138,15,reviewed,us,us
2026-06-11T01:56:15.517Z,4.9194,125.3665,57.994,5.4,mww,226,31,2.147,0.5,us,us7000ss57,2026-07-09T03:29:09.634Z,"54 km SSW of Sarangani, Philippines",earthquake,7.83,4.638,0.083,14,reviewed,us,us
2026-06-11T02:28:51.871Z,5.5076,125.1614,70.666,4.3,mb,26,140,1.606,0.7,us,us7000su5a,2026-07-09T03:30:13.040Z,"22 km WSW of Balangonan, Philippines",earthquake,12.61,6.271,0.119,20,reviewed,us,us
2026-06-11T02:43:38.070Z,4.8244,125.3692,32.237,4.7,mb,60,102,2.24,0.62,us,us7000ss5f,2026-07-09T03:53:15.040Z,"64 km S of Sarangani, Philippines",earthquake,10.57,4.989,0.081,46,reviewed,us,us
2026-06-11T03:14:26.827Z,5.2364,125.8987,10,4.8,mb,86,77,1.849,0.85,us,us7000ss5k,2026-07-09T04:23:42.040Z,"51 km ESE of Sarangani, Philippines",earthquake,7.82,1.518,0.067,69,reviewed,us,us
2026-06-11T03:54:36.607Z,4.8538,125.2868,22.73,4.3,mb,18,133,2.22,0.58,us,us7000stzr,2026-07-09T04:32:22.040Z,"63 km SSW of Sarangani, Philippines",earthquake,15.44,5.718,0.161,11,reviewed,us,us
2026-06-11T05:32:23.561Z,4.9045,125.2457,13.808,4.4,mb,24,126,2.176,0.48,us,us7000stzv,2026-06-28T08:46:33.040Z,"60 km SSW of Sarangani, Philippines",earthquake,15.08,3.749,0.134,16,reviewed,us,us
2026-06-11T05:38:47.300Z,4.8694,125.5184,69.87,5,mb,59,101,2.187,0.8,us,us7000ss60,2026-06-28T09:31:17.040Z,"59 km S of Sarangani, Philippines",earthquake,10.57,6.332,0.049,130,reviewed,us,us
2026-06-11T05:57:49.077Z,4.908,125.3728,67.675,4.2,mb,26,134,2.157,0.68,us,us7000stzw,2026-06-28T09:51:08.412Z,"55 km S of Sarangani, Philippines",earthquake,8.04,8.432,0.121,19,reviewed,us,us
2026-06-11T06:17:35.728Z,4.9132,125.3808,78.752,4.5,mb,28,146,2.151,0.73,us,us7000stzy,2026-06-28T12:06:14.040Z,"54 km S of Sarangani, Philippines",earthquake,15.45,8.7,0.1,29,reviewed,us,us
2026-06-11T07:33:22.122Z,4.9094,125.4266,60.918,5.4,mww,96,56,2.151,0.89,us,us7000ss6g,2026-07-01T11:15:23.535Z,"54 km S of Sarangani, Philippines",earthquake,7.08,6.407,0.086,13,reviewed,us,us
2026-06-11T09:05:41.660Z,5.1199,125.3934,85.341,4.4,mb,35,137,1.946,1.3,us,us7000su0c,2026-07-09T11:00:17.040Z,"32 km SSW of Sarangani, Philippines",earthquake,15.8,8.767,0.092,34,reviewed,us,us
2026-06-11T11:46:57.906Z,4.8762,125.5029,34.907,5.1,mb,86,54,2.18,1.11,us,us7000ss7v,2026-07-23T11:49:17.040Z,"58 km S of Sarangani, Philippines",earthquake,6.97,3.72,0.045,162,reviewed,us,us
2026-06-11T13:48:39.266Z,4.7504,125.3668,77.983,4.2,mb,25,127,2.314,0.79,us,us7000su0z,2026-06-26T14:34:29.040Z,"72 km S of Sarangani, Philippines",earthquake,15.98,8.796,0.128,18,reviewed,us,us
2026-06-11T13:55:45.734Z,4.8436,125.4912,71.348,4.2,mb,31,134,2.213,1.28,us,us7000su0x,2026-06-26T14:44:47.040Z,"61 km S of Sarangani, Philippines",earthquake,13.06,8.865,0.131,20,reviewed,us,us
2026-06-11T14:08:40.226Z,4.8376,125.289,62.798,4.2,mb,20,136,2.236,1.17,us,us7000su11,2026-06-26T14:51:08.040Z,"65 km SSW of Sarangani, Philippines",earthquake,14.18,8.247,0.166,13,reviewed,us,us
2026-06-11T15:43:36.065Z,5.4352,125.54,12.19,4.4,mb,25,140,1.624,0.51,us,us7000su14,2026-06-26T15:37:22.040Z,"9 km ENE of Sarangani, Philippines",earthquake,12.53,2.368,0.155,17,reviewed,us,us
2026-06-11T16:09:22.091Z,4.9166,125.2904,35,4.6,mb,48,102,2.158,0.92,us,us7000ss9q,2026-06-26T15:42:12.040Z,"57 km SSW of Sarangani, Philippines",earthquake,9.01,1.866,0.067,73,reviewed,us,us
2026-06-11T16:17:53.850Z,4.8549,125.3252,57.489,4.4,mb,28,141,2.215,0.86,us,us7000su15,2026-06-26T16:07:19.040Z,"62 km SSW of Sarangani, Philippines",earthquake,14.28,2.973,0.123,25,reviewed,us,us
2026-06-11T16:26:20.746Z,4.8913,125.4828,54.269,4.4,mb,41,120,2.166,0.98,us,us7000su16,2026-06-26T16:38:16.040Z,"56 km S of Sarangani, Philippines",earthquake,11.93,8.718,0.108,28,reviewed,us,us
2026-06-11T16:55:19.268Z,4.8213,125.3647,69.065,4.4,mb,39,102,2.244,0.75,us,us7000su17,2026-06-26T18:51:16.040Z,"65 km S of Sarangani, Philippines",earthquake,11.88,7.829,0.11,28,reviewed,us,us
2026-06-11T18:27:05.555Z,5.3744,126.1899,10,4.1,mb,12,179,1.79,0.64,us,us7000su1d,2026-06-24T20:25:56.040Z,"80 km E of Sarangani, Philippines",earthquake,10.94,1.966,0.214,8,reviewed,us,us
2026-06-11T21:57:07.861Z,5.3881,125.0585,35,4.4,mb,22,133,1.749,0.94,us,us7000su1p,2026-06-28T04:28:23.040Z,"38 km WSW of Balangonan, Philippines",earthquake,11.29,1.934,0.13,17,reviewed,us,us
2026-06-11T22:31:56.378Z,5.7139,125.0957,35,4.4,mb,24,133,1.43,0.71,us,us7000su1s,2026-06-28T21:48:12.040Z,"13 km WSW of Kablalan, Philippines",earthquake,13.1,1.933,0.13,18,reviewed,us,us
2026-06-11T23:03:11.819Z,5.3262,124.6238,35,4.3,mb,18,136,1.975,0.59,us,us7000stqv,2026-06-28T22:22:17.040Z,"66 km SSW of Katubao, Philippines",earthquake,7.24,1.952,0.16,13,reviewed,us,us
2026-06-12T01:19:48.641Z,5.4876,125.3907,21.01,4.1,mb,15,180,1.583,0.96,us,us7000su1x,2026-07-09T22:30:02.040Z,"9 km S of Bukid, Philippines",earthquake,17.35,5.374,0.151,12,reviewed,us,us
2026-06-12T03:13:45.914Z,5.2324,125.3997,69.919,4.5,mb,47,81,1.834,0.73,us,us7000su24,2026-07-09T23:10:48.040Z,"20 km SSW of Sarangani, Philippines",earthquake,10.06,8.03,0.093,34,reviewed,us,us
2026-06-12T05:14:43.312Z,5.333,124.6792,43.996,4.8,mb,69,80,1.943,0.86,us,us7000ssen,2026-07-23T11:39:42.040Z,"63 km SSW of Katubao, Philippines",earthquake,3.7,5.605,0.059,89,reviewed,us,us
2026-06-12T10:26:50.589Z,5.0176,124.6905,35,4.3,mb,12,135,2.222,0.62,us,us7000su2n,2026-07-09T15:36:49.040Z,"95 km WSW of Sarangani, Philippines",earthquake,12.48,1.909,0.189,8,reviewed,us,us
2026-06-12T12:47:38.682Z,5.5602,125.2781,50.934,4.5,mb,56,117,1.529,0.73,us,us7000ssgf,2026-07-07T16:10:35.040Z,"8 km W of Balangonan, Philippines",earthquake,11.52,7.828,0.069,62,reviewed,us,us
2026-06-12T13:43:42.474Z,5.2536,125.2871,77.971,4.2,mb,20,136,1.827,0.82,us,us7000su2z,2026-06-26T19:27:46.040Z,"25 km SW of Sarangani, Philippines",earthquake,14.53,8.094,0.152,14,reviewed,us,us
2026-06-12T15:28:44.267Z,5.6229,125.3907,75.814,4.4,mb,32,107,1.449,1.18,us,us7000su33,2026-06-26T20:33:03.040Z,"4 km WNW of Butulan, Philippines",earthquake,11.46,7.738,0.115,23,reviewed,us,us
2026-06-12T17:58:39.517Z,5.5956,124.914,57.368,4.9,mb,112,33,1.607,0.44,us,us7000ssit,2026-06-25T16:59:51.040Z,"29 km S of Daliao, Philippines",earthquake,8.1,6.779,0.055,105,reviewed,us,us
2026-06-12T18:59:25.888Z,5.4318,125.4397,41.631,4.5,mb,57,110,1.633,0.62,us,us7000ssj8,2026-06-25T17:08:08.040Z,"4 km NW of Sarangani, Philippines",earthquake,10.35,6.224,0.078,49,reviewed,us,us
2026-06-12T19:10:07.569Z,4.807,125.3493,37.25,5.2,mb,136,47,2.259,0.66,us,us7000ssje,2026-07-04T16:32:47.040Z,"67 km S of Sarangani, Philippines",earthquake,8.42,4.855,0.045,175,reviewed,us,us
2026-06-12T20:30:30.282Z,5.2583,124.9958,65.269,4.1,mb,32,136,1.891,0.64,us,us7000su3a,2026-07-04T16:25:25.040Z,"52 km SW of Balangonan, Philippines",earthquake,14.25,8.204,0.109,23,reviewed,us,us
2026-06-12T21:21:19.380Z,5.0627,124.916,35,4.2,mb,15,112,2.1,0.68,us,us7000su3c,2026-07-04T02:31:50.040Z,"71 km WSW of Sarangani, Philippines",earthquake,10.84,1.936,0.186,10,reviewed,us,us
2026-06-12T23:21:01.384Z,5.4015,125.1258,44.052,4.3,mb,25,129,1.717,0.52,us,us7000su3g,2026-06-29T01:06:36.040Z,"31 km SW of Balangonan, Philippines",earthquake,9.07,5.918,0.142,17,reviewed,us,us
2026-06-13T02:05:53.387Z,5.7233,125.242,70.896,5.2,mww,84,61,1.379,0.86,us,us7000ssls,2026-07-16T21:41:17.040Z,"1 km WNW of Burias, Philippines",earthquake,8.73,6.797,0.083,14,reviewed,us,us
2026-06-13T03:23:06.391Z,4.9989,125.3481,35,4.5,mb,31,136,22.951,0.87,us,us7000suer,2026-07-16T22:16:11.040Z,"46 km SSW of Sarangani, Philippines",earthquake,17.03,1.907,0.115,22,reviewed,us,us
2026-06-13T05:37:05.156Z,5.3506,126.4882,10,4.2,mb,28,150,1.932,0.62,us,us7000suev,2026-07-07T11:55:33.040Z,"112 km SE of Caburan, Philippines",earthquake,14.53,1.95,0.105,25,reviewed,us,us
2026-06-13T08:48:40.165Z,5.3519,125.2495,72.856,4.5,mb,51,85,1.738,1.22,us,us7000ssnf,2026-07-07T15:43:05.040Z,"24 km WSW of Sarangani, Philippines",earthquake,10.32,7.194,0.066,68,reviewed,us,us
2026-06-13T15:45:49.499Z,5.1344,125.193,40.892,4.5,mb,73,100,1.96,0.74,us,us7000sspm,2026-07-04T15:14:33.942Z,"42 km SW of Sarangani, Philippines",earthquake,8.47,5.428,0.065,69,reviewed,us,us
2026-06-13T20:51:52.234Z,5.3582,125.7016,10,5.1,mb,71,54,1.705,0.76,us,us7000ssqy,2026-07-19T15:20:59.040Z,"26 km E of Sarangani, Philippines",earthquake,3.8,1.861,0.048,141,reviewed,us,us
2026-06-13T23:28:45.261Z,5.5515,125.4474,66.163,4.8,mb,77,82,1.514,0.5,us,us7000ssrp,2026-07-03T05:28:44.040Z,"5 km ESE of Bukid, Philippines",earthquake,8.79,7.588,0.056,100,reviewed,us,us
2026-06-14T11:55:16.324Z,5.4338,125.2045,68.343,4.6,mb,61,104,1.667,0.73,us,us7000sstv,2026-07-07T15:39:43.040Z,"22 km SW of Balangonan, Philippines",earthquake,9.95,7.837,0.068,64,reviewed,us,us
2026-06-14T14:01:30.176Z,4.7872,125.3114,37.872,4.6,mb,40,104,2.283,0.85,us,us7000ssu9,2026-06-27T18:40:44.040Z,"70 km SSW of Sarangani, Philippines",earthquake,9.9,6.164,0.107,28,reviewed,us,us
2026-06-15T07:59:08.514Z,5.5517,125.0448,73.766,4.6,mb,50,107,1.599,0.54,us,us7000sult,2026-07-09T21:11:47.040Z,"29 km SW of Burias, Philippines",earthquake,10.47,8.183,0.085,41,reviewed,us,us
2026-06-15T14:26:18.045Z,4.649,124.9814,7.643,4.4,mb,23,91,2.477,0.96,us,us7000sum6,2026-06-25T17:14:17.040Z,"99 km SSW of Sarangani, Philippines",earthquake,9.9,4.646,0.13,17,reviewed,us,us
2026-06-15T14:49:11.956Z,5.3032,125.3247,50.171,4.8,mb,89,62,1.773,0.65,us,us7000st40,2026-06-25T17:22:19.040Z,"18 km SW of Sarangani, Philippines",earthquake,8.63,0.978,0.068,68,reviewed,us,us
2026-06-15T15:30:24.839Z,5.6677,125.2324,77.794,5.5,mww,132,37,1.435,0.72,us,us7000st48,2026-06-27T20:22:36.133Z,"6 km SSW of Burias, Philippines",earthquake,7.51,4.703,0.066,22,reviewed,us,us
2026-06-15T16:34:34.248Z,5.4707,125.3013,75.856,4.3,mb,27,124,1.612,0.63,us,us7000suma,2026-07-16T21:40:52.040Z,"12 km SSW of Balangonan, Philippines",earthquake,9.55,8.017,0.132,20,reviewed,us,us
2026-06-15T17:39:03.445Z,4.8105,125.4387,39.13,4.4,mb,32,91,2.249,1.04,us,us7000sumb,2026-06-25T14:37:49.040Z,"65 km S of Sarangani, Philippines",earthquake,5.44,6.469,0.105,26,reviewed,us,us
2026-06-15T20:16:15.944Z,5.5743,125.2603,35,4.9,mb,61,55,1.519,0.69,us,us7000st6l,2026-06-26T15:23:55.040Z,"10 km W of Balangonan, Philippines",earthquake,9.5,1.818,0.057,96,reviewed,us,us
2026-06-15T23:52:34.408Z,4.9013,125.1334,65,4.2,mb,19,130,2.199,0.39,us,us7000sumk,2026-06-22T02:08:31.040Z,"66 km SSW of Sarangani, Philippines",earthquake,14.8,1.979,0.137,15,reviewed,us,us
2026-06-16T05:44:04.704Z,5.4785,125.3055,87.949,4.7,mb,67,102,1.604,0.75,us,us7000staz,2026-07-07T15:24:31.040Z,"11 km SSW of Balangonan, Philippines",earthquake,10.93,7.289,0.051,118,reviewed,us,us
2026-06-16T06:17:55.578Z,5.6197,125.441,58.325,4.5,mb,69,73,1.447,0.74,us,us7000sv4v,2026-07-07T13:46:04.040Z,"1 km ENE of Butulan, Philippines",earthquake,4.84,6.987,0.068,63,reviewed,us,us
2026-06-16T10:28:45.547Z,5.4216,125.6072,35,4.5,mb,29,108,1.637,0.47,us,us7000sv5d,2026-07-09T21:27:00.040Z,"16 km E of Sarangani, Philippines",earthquake,7.13,1.919,0.109,25,reviewed,us,us
2026-06-17T08:03:28.324Z,5.3589,125.0785,74.142,4.7,mb,56,83,1.771,0.8,us,us7000stl0,2026-07-07T07:04:50.040Z,"38 km SW of Balangonan, Philippines",earthquake,8.5,7.495,0.057,93,reviewed,us,us
2026-06-17T09:45:54.893Z,5.289,125.2662,82.992,4.4,mb,30,109,1.796,0.36,us,us6000t7mg,2026-07-09T12:58:59.040Z,"25 km WSW of Sarangani, Philippines",earthquake,10,8.211,0.123,19,reviewed,us,us
2026-06-17T10:58:45.224Z,5.3277,125.1915,83.796,4.6,mb,68,101,1.773,0.33,us,us7000stm3,2026-07-08T09:50:40.040Z,"31 km WSW of Sarangani, Philippines",earthquake,6.49,7.739,0.072,57,reviewed,us,us
2026-06-17T23:20:31.248Z,5.2083,126.2996,76.027,4.4,mb,17,135,1.983,0.65,us,us6000t7n3,2026-07-16T21:30:36.040Z,"95 km ESE of Sarangani, Philippines",earthquake,15.25,6.395,0.161,11,reviewed,us,us
2026-06-18T06:57:36.624Z,5.736,125.2013,91.404,5.1,mww,100,59,1.377,0.65,us,us7000su9f,2026-07-04T11:11:29.899Z,"3 km WSW of Baliton, Philippines",earthquake,8.38,5.174,0.089,12,reviewed,us,us
2026-06-18T12:17:07.497Z,5.3634,125.2829,81.179,4.5,mb,50,104,1.72,0.93,us,us6000t7vh,2026-07-16T13:06:39.040Z,"20 km WSW of Sarangani, Philippines",earthquake,10.02,8.267,0.076,51,reviewed,us,us
2026-06-18T16:19:33.486Z,5.3151,125.1026,35,4.5,mb,27,138,1.806,0.9,us,us6000t7vr,2026-07-23T20:12:56.040Z,"39 km SW of Balangonan, Philippines",earthquake,14.94,1.96,0.135,18,reviewed,us,us
2026-06-18T16:21:09.833Z,5.3568,124.9628,10,4.8,mb,39,126,1.809,0.9,us,us7000suke,2026-07-23T20:19:10.040Z,"49 km WSW of Balangonan, Philippines",earthquake,11.13,1.898,0.116,28,reviewed,us,us
2026-06-18T16:50:43.481Z,4.6624,125.5443,90.046,4.5,mb,39,103,2.392,0.75,us,us6000t7vt,2026-06-28T19:36:27.040Z,"82 km S of Sarangani, Philippines",earthquake,5.92,8.58,0.102,29,reviewed,us,us
2026-06-18T23:56:30.783Z,5.5518,125.103,35,4.4,mb,24,120,1.58,1.38,us,us6000t7w3,2026-07-04T00:21:46.040Z,"24 km SW of Burias, Philippines",earthquake,7.71,1.888,0.123,21,reviewed,us,us
2026-06-19T00:32:50.278Z,4.7274,124.97,35,4.4,mb,19,129,2.404,0.68,us,us6000t85c,2026-07-11T21:59:28.040Z,"92 km SW of Sarangani, Philippines",earthquake,9.84,1.906,0.162,12,reviewed,us,us
2026-06-19T05:42:19.146Z,5.6643,125.0059,80.114,4.6,mb,23,103,1.508,1.07,us,us6000t85n,2026-07-16T13:24:55.040Z,"21 km S of Maasim, Philippines",earthquake,9.55,7.816,0.151,18,reviewed,us,us
2026-06-19T14:35:07.872Z,5.5623,125.3944,46.514,4.5,mb,43,118,1.509,0.85,us,us6000t868,2026-06-28T20:37:19.040Z,"1 km SW of Bukid, Philippines",earthquake,11.68,6.151,0.102,34,reviewed,us,us
2026-06-19T18:38:23.395Z,4.9631,125.207,35,5,mww,64,79,2.125,0.53,us,us7000sup8,2026-07-23T19:00:53.040Z,"56 km SSW of Sarangani, Philippines",earthquake,9.53,1.898,0.098,10,reviewed,us,us
2026-06-19T21:56:23.803Z,5.2062,125.418,35,4.3,mb,26,126,1.858,1.22,us,us6000t86v,2026-07-04T21:48:17.040Z,"22 km SSW of Sarangani, Philippines",earthquake,9.75,1.94,0.122,21,reviewed,us,us
2026-06-20T01:06:36.633Z,5.5897,125.3255,79.384,4.4,mb,33,123,1.492,0.76,us,us6000t87g,2026-07-08T22:34:31.040Z,"3 km WNW of Balangonan, Philippines",earthquake,11.4,8.226,0.112,23,reviewed,us,us
2026-06-20T12:56:16.422Z,5.4058,125.2035,76.318,4.6,mb,39,102,1.695,0.62,us,us6000t87z,2026-07-08T15:12:27.040Z,"24 km SW of Balangonan, Philippines",earthquake,6.87,8.219,0.091,36,reviewed,us,us
2026-06-20T13:45:54.614Z,5.3668,125.2513,65.088,4.4,mb,34,108,1.723,0.7,us,us6000t881,2026-07-11T09:59:19.040Z,"23 km W of Sarangani, Philippines",earthquake,12.25,4.747,0.091,35,reviewed,us,us
2026-06-20T14:05:22.324Z,5.4897,125.3312,65.686,4.5,mb,112,88,1.589,0.69,us,us7000suub,2026-07-11T09:55:40.808Z,"9 km SSW of Balangonan, Philippines",earthquake,9.99,7.228,0.054,106,reviewed,us,us
2026-06-22T02:17:53.196Z,5.6828,125.2972,51.753,4.7,mb,44,90,1.406,0.83,us,us7000sv26,2026-07-06T04:44:39.324Z,"2 km SE of Pangyan, Philippines",earthquake,9.66,7.613,0.067,69,reviewed,us,us
2026-06-22T11:30:41.600Z,5.4472,125.2274,89.269,4.4,mb,55,108,1.649,0.97,us,us6000t8i4,2026-07-13T14:15:01.040Z,"19 km SW of Balangonan, Philippines",earthquake,8.96,7.87,0.079,46,reviewed,us,us
2026-06-23T00:24:10.376Z,5.5553,125.335,74.311,4.5,mb,31,108,1.524,0.56,us,us6000t90c,2026-06-29T20:37:51.040Z,"2 km SW of Balangonan, Philippines",earthquake,8.59,8.033,0.108,25,reviewed,us,us
2026-06-23T14:06:43.928Z,5.1319,124.8622,10.329,4.2,mb,9,199,2.053,0.17,us,us6000t90s,2026-07-14T18:20:29.040Z,"73 km WSW of Sarangani, Philippines",earthquake,16.84,7.41,0.215,8,reviewed,us,us
2026-06-23T15:19:42.043Z,5.5578,125.1672,84.538,4.4,mb,36,102,1.557,0.76,us,us6000t90u,2026-07-10T23:50:39.040Z,"20 km SSW of Burias, Philippines",earthquake,10.32,5.154,0.09,36,reviewed,us,us
2026-06-23T20:35:37.070Z,5.4266,126.336,104.155,4.3,mb,40,109,1.797,0.84,us,us6000t915,2026-07-02T19:47:49.040Z,"94 km SE of Caburan, Philippines",earthquake,11.68,8.046,0.095,31,reviewed,us,us
2026-06-24T03:32:07.268Z,5.184,124.8424,35,4.8,mb,47,92,2.011,1.2,us,us6000t7s8,2026-07-10T02:03:56.040Z,"71 km SW of Balangonan, Philippines",earthquake,8.9,1.914,0.089,39,reviewed,us,us
2026-06-25T04:03:41.361Z,5.288,125.2741,75.132,4.9,mb,46,81,1.796,0.93,us,us6000t817,2026-06-25T04:19:09.040Z,"24 km WSW of Sarangani, Philippines",earthquake,9.19,7.776,0.098,33,reviewed,us,us
2026-06-25T23:55:50.943Z,5.8854,125.9839,10,4.5,mb,16,137,1.243,0.83,us,us6000t9xq,2026-07-07T02:18:54.040Z,"35 km ESE of Mangili, Philippines",earthquake,11.41,1.947,0.144,14,reviewed,us,us
2026-06-26T11:34:41.463Z,5.2867,125.0719,42,6.5,mww,132,22,1.842,0.95,us,us6000t8ec,2026-07-21T12:39:57.031Z,"44 km SW of Balangonan, Philippines",earthquake,7.98,1.863,0.037,71,reviewed,us,us
2026-06-26T12:54:21.227Z,5.4136,125.206,85.6,4.4,mb,47,119,1.686,0.63,us,us6000t9yb,2026-07-20T13:54:39.040Z,"24 km SW of Balangonan, Philippines",earthquake,11.57,7.947,0.086,39,reviewed,us,us
2026-06-26T20:08:03.272Z,5.6628,125.4243,55.491,4.7,mb,133,41,1.406,0.54,us,us6000t8jp,2026-07-14T21:51:01.278Z,"3 km NNW of Nuing, Philippines",earthquake,8.74,6.541,0.053,123,reviewed,us,us
2026-06-26T22:11:02.730Z,5.1699,124.7906,9.177,4.2,mb,9,134,2.044,0.62,us,us6000t9yq,2026-07-07T04:51:11.040Z,"76 km SW of Balangonan, Philippines",earthquake,13.24,5.992,0.236,5,reviewed,us,us
2026-06-28T05:04:29.384Z,5.3396,125.1688,51.084,4.2,mb,21,133,1.766,0.47,us,us6000tage,2026-07-12T08:00:07.040Z,"32 km SW of Balangonan, Philippines",earthquake,15.95,8.505,0.128,17,reviewed,us,us
2026-06-28T17:57:15.770Z,5.6871,125.3273,49.534,4.5,mb,60,69,1.396,0.62,us,us6000t8uk,2026-07-06T17:39:22.040Z,"5 km ESE of Pangyan, Philippines",earthquake,10.35,6.097,0.073,55,reviewed,us,us
2026-06-29T04:14:32.333Z,4.5565,125.352,37.369,4.9,mb,100,100,2.507,0.54,us,us6000t8x6,2026-07-21T22:07:45.040Z,"94 km S of Sarangani, Philippines",earthquake,8.65,5.96,0.062,82,reviewed,us,us
2026-06-29T04:23:05.832Z,4.5848,125.2835,9.458,5.2,mb,153,41,2.486,0.6,us,us6000t8x8,2026-07-21T21:56:55.945Z,"92 km SSW of Sarangani, Philippines",earthquake,8.37,3.486,0.051,127,reviewed,us,us
2026-06-29T08:33:05.688Z,5.3328,125.1096,65.776,4.4,mb,22,133,1.788,0.49,us,us6000tamy,2026-07-22T10:30:57.040Z,"37 km SW of Balangonan, Philippines",earthquake,15.28,6.412,0.134,16,reviewed,us,us
2026-06-30T21:34:53.340Z,5.6532,125.3221,75.515,4.9,mb,65,78,1.43,0.88,us,us6000t9ad,2026-07-08T00:08:27.240Z,"6 km SE of Pangyan, Philippines",earthquake,8.54,5.972,0.054,110,reviewed,us,us
